ISO-10303-21;
HEADER;
/* Generated by software containing ST-Developer
 * from STEP Tools, Inc. (www.steptools.com) 
 */

FILE_DESCRIPTION(
/* description */ (''),
/* implementation_level */ '2;1');

FILE_NAME(
/* name */ 'Backplate.step',
/* time_stamp */ '2026-03-27T13:43:49+01:00',
/* author */ (''),
/* organization */ (''),
/* preprocessor_version */ 'ST-DEVELOPER v20.1',
/* originating_system */ 'Autodesk Translation Framework v14.24.0.0',
/* authorisation */ '');

FILE_SCHEMA (('AUTOMOTIVE_DESIGN { 1 0 10303 214 3 1 1 }'));
ENDSEC;

DATA;
#10=MECHANICAL_DESIGN_GEOMETRIC_PRESENTATION_REPRESENTATION('',(#17),#3016);
#11=ITEM_DEFINED_TRANSFORMATION($,$,#1739,#1828);
#12=(
REPRESENTATION_RELATIONSHIP($,$,#3027,#3026)
REPRESENTATION_RELATIONSHIP_WITH_TRANSFORMATION(#11)
SHAPE_REPRESENTATION_RELATIONSHIP()
);
#13=CONTEXT_DEPENDENT_SHAPE_REPRESENTATION(#12,#3025);
#14=NEXT_ASSEMBLY_USAGE_OCCURRENCE('Backplate:1','Backplate:1',
'Backplate:1',#3029,#3030,'Backplate:1');
#15=SHAPE_REPRESENTATION_RELATIONSHIP('SRR','None',#3027,#16);
#16=ADVANCED_BREP_SHAPE_REPRESENTATION('',(#18),#3015);
#17=STYLED_ITEM('',(#3043),#18);
#18=MANIFOLD_SOLID_BREP('Body1',#1725);
#19=FACE_BOUND('',#306,.T.);
#20=FACE_BOUND('',#307,.T.);
#21=FACE_BOUND('',#308,.T.);
#22=FACE_BOUND('',#309,.T.);
#23=FACE_BOUND('',#310,.T.);
#24=FACE_BOUND('',#311,.T.);
#25=FACE_BOUND('',#312,.T.);
#26=FACE_BOUND('',#314,.T.);
#27=FACE_BOUND('',#315,.T.);
#28=FACE_BOUND('',#316,.T.);
#29=FACE_BOUND('',#317,.T.);
#30=FACE_BOUND('',#318,.T.);
#31=FACE_BOUND('',#319,.T.);
#32=FACE_BOUND('',#320,.T.);
#33=B_SPLINE_CURVE_WITH_KNOTS('',3,(#2378,#2379,#2380,#2381,#2382,#2383,
#2384),.UNSPECIFIED.,.F.,.F.,(4,3,4),(0.,0.164659432312261,0.204725838775761),
 .UNSPECIFIED.);
#34=B_SPLINE_CURVE_WITH_KNOTS('',3,(#2386,#2387,#2388,#2389,#2390,#2391,
#2392),.UNSPECIFIED.,.F.,.F.,(4,3,4),(1.11022302462516E-16,0.307416809119397,
1.5707963267949),.UNSPECIFIED.);
#35=B_SPLINE_CURVE_WITH_KNOTS('',3,(#2409,#2410,#2411,#2412),
 .UNSPECIFIED.,.F.,.F.,(4,4),(0.,0.164835724046309),.UNSPECIFIED.);
#36=B_SPLINE_CURVE_WITH_KNOTS('',3,(#2414,#2415,#2416,#2417),
 .UNSPECIFIED.,.F.,.F.,(4,4),(-1.26491745538246,0.),.UNSPECIFIED.);
#37=B_SPLINE_CURVE_WITH_KNOTS('',3,(#2440,#2441,#2442,#2443),
 .UNSPECIFIED.,.F.,.F.,(4,4),(0.,0.107966906493447),.UNSPECIFIED.);
#38=B_SPLINE_CURVE_WITH_KNOTS('',3,(#2445,#2446,#2447,#2448),
 .UNSPECIFIED.,.F.,.F.,(4,4),(-0.828847063043942,2.44929359833354E-16),
 .UNSPECIFIED.);
#39=B_SPLINE_CURVE_WITH_KNOTS('',3,(#2465,#2466,#2467,#2468),
 .UNSPECIFIED.,.F.,.F.,(4,4),(0.,0.107967166722835),.UNSPECIFIED.);
#40=B_SPLINE_CURVE_WITH_KNOTS('',3,(#2470,#2471,#2472,#2473),
 .UNSPECIFIED.,.F.,.F.,(4,4),(0.741947267998176,1.5707963267949),
 .UNSPECIFIED.);
#41=B_SPLINE_CURVE_WITH_KNOTS('',3,(#2496,#2497,#2498,#2499),
 .UNSPECIFIED.,.F.,.F.,(4,4),(0.,0.164835724047132),.UNSPECIFIED.);
#42=B_SPLINE_CURVE_WITH_KNOTS('',3,(#2501,#2502,#2503,#2504),
 .UNSPECIFIED.,.F.,.F.,(4,4),(0.305878871406802,1.5707963267949),
 .UNSPECIFIED.);
#43=B_SPLINE_CURVE_WITH_KNOTS('',3,(#2526,#2527,#2528,#2529,#2530,#2531,
#2532),.UNSPECIFIED.,.F.,.F.,(4,3,4),(0.,0.164659311697946,0.204725688812491),
 .UNSPECIFIED.);
#44=B_SPLINE_CURVE_WITH_KNOTS('',3,(#2533,#2534,#2535,#2536,#2537,#2538,
#2539),.UNSPECIFIED.,.F.,.F.,(4,3,4),(-1.57079517614019,-1.26337859221268,
0.),.UNSPECIFIED.);
#45=B_SPLINE_CURVE_WITH_KNOTS('',3,(#2558,#2559,#2560,#2561),
 .UNSPECIFIED.,.F.,.F.,(4,4),(0.,0.164835724200555),.UNSPECIFIED.);
#46=B_SPLINE_CURVE_WITH_KNOTS('',3,(#2563,#2564,#2565,#2566),
 .UNSPECIFIED.,.F.,.F.,(4,4),(6.49526560314584E-8,1.26491752179913),
 .UNSPECIFIED.);
#47=B_SPLINE_CURVE_WITH_KNOTS('',3,(#2589,#2590,#2591,#2592,#2593,#2594,
#2595),.UNSPECIFIED.,.F.,.F.,(4,3,4),(0.,0.164659432282377,0.204725838726844),
 .UNSPECIFIED.);
#48=B_SPLINE_CURVE_WITH_KNOTS('',3,(#2597,#2598,#2599,#2600,#2601,#2602,
#2603),.UNSPECIFIED.,.F.,.F.,(4,3,4),(-1.57079632679489,-1.26337951774807,
2.44929360004805E-16),.UNSPECIFIED.);
#49=B_SPLINE_CURVE_WITH_KNOTS('',3,(#2626,#2627,#2628,#2629,#2630,#2631,
#2632),.UNSPECIFIED.,.F.,.F.,(4,3,4),(0.,0.164659432285665,0.204725838730933),
 .UNSPECIFIED.);
#50=B_SPLINE_CURVE_WITH_KNOTS('',3,(#2634,#2635,#2636,#2637,#2638,#2639,
#2640),.UNSPECIFIED.,.F.,.F.,(4,3,4),(3.33066907387547E-16,0.307416809046827,
1.5707963267949),.UNSPECIFIED.);
#51=B_SPLINE_CURVE_WITH_KNOTS('',3,(#2657,#2658,#2659,#2660),
 .UNSPECIFIED.,.F.,.F.,(4,4),(0.,0.164835724006765),.UNSPECIFIED.);
#52=B_SPLINE_CURVE_WITH_KNOTS('',3,(#2662,#2663,#2664,#2665),
 .UNSPECIFIED.,.F.,.F.,(4,4),(-1.26491745538245,2.44929360004805E-16),
 .UNSPECIFIED.);
#53=B_SPLINE_CURVE_WITH_KNOTS('',3,(#2688,#2689,#2690,#2691),
 .UNSPECIFIED.,.F.,.F.,(4,4),(0.,0.107967166697964),.UNSPECIFIED.);
#54=B_SPLINE_CURVE_WITH_KNOTS('',3,(#2693,#2694,#2695,#2696),
 .UNSPECIFIED.,.F.,.F.,(4,4),(1.57079628473946,2.39964534353076),
 .UNSPECIFIED.);
#55=B_SPLINE_CURVE_WITH_KNOTS('',3,(#2713,#2714,#2715,#2716),
 .UNSPECIFIED.,.F.,.F.,(4,4),(0.,0.107967166698791),.UNSPECIFIED.);
#56=B_SPLINE_CURVE_WITH_KNOTS('',3,(#2718,#2719,#2720,#2721),
 .UNSPECIFIED.,.F.,.F.,(4,4),(0.741947268004418,1.5707963267949),
 .UNSPECIFIED.);
#57=B_SPLINE_CURVE_WITH_KNOTS('',3,(#2750,#2751,#2752,#2753,#2754,#2755,
#2756,#2757,#2758,#2759,#2760,#2761),.UNSPECIFIED.,.F.,.F.,(4,2,2,2,2,4),
(0.,0.0656282715314873,0.131256543062076,0.196884814590108,0.230726795426229,
0.264568776262304),.UNSPECIFIED.);
#58=B_SPLINE_CURVE_WITH_KNOTS('',3,(#2763,#2764,#2765,#2766,#2767,#2768,
#2769),.UNSPECIFIED.,.F.,.F.,(4,3,4),(0.0557724275848273,0.441639697645831,
1.62656875437113),.UNSPECIFIED.);
#59=B_SPLINE_CURVE_WITH_KNOTS('',3,(#2792,#2793,#2794,#2795,#2796,#2797,
#2798),.UNSPECIFIED.,.F.,.F.,(4,3,4),(0.,0.199577262275468,0.264568776261977),
 .UNSPECIFIED.);
#60=B_SPLINE_CURVE_WITH_KNOTS('',3,(#2800,#2801,#2802,#2803,#2804,#2805,
#2806),.UNSPECIFIED.,.F.,.F.,(4,3,4),(-1.51502389920612,-1.12915662913505,
0.0557724275796321),.UNSPECIFIED.);
#61=B_SPLINE_CURVE_WITH_KNOTS('',3,(#2829,#2830,#2831,#2832,#2833,#2834,
#2835),.UNSPECIFIED.,.F.,.F.,(4,3,4),(0.,0.199577262277439,0.264568776262567),
 .UNSPECIFIED.);
#62=B_SPLINE_CURVE_WITH_KNOTS('',3,(#2837,#2838,#2839,#2840,#2841,#2842,
#2843),.UNSPECIFIED.,.F.,.F.,(4,3,4),(0.0557724275847231,0.441639697647253,
1.62656875437259),.UNSPECIFIED.);
#63=B_SPLINE_CURVE_WITH_KNOTS('',3,(#2865,#2866,#2867,#2868,#2869,#2870,
#2871),.UNSPECIFIED.,.F.,.F.,(4,3,4),(0.,0.199577262275478,0.264568776262372),
 .UNSPECIFIED.);
#64=B_SPLINE_CURVE_WITH_KNOTS('',3,(#2872,#2873,#2874,#2875,#2876,#2877,
#2878),.UNSPECIFIED.,.F.,.F.,(4,3,4),(-1.51502389920847,-1.12915662913511,
0.0557724275796321),.UNSPECIFIED.);
#65=B_SPLINE_SURFACE_WITH_KNOTS('',3,1,((#2363,#2364),(#2365,#2366),(#2367,
#2368),(#2369,#2370),(#2371,#2372),(#2373,#2374),(#2375,#2376)),
 .UNSPECIFIED.,.F.,.F.,.F.,(4,3,4),(2,2),(0.,0.307416809119397,1.5707963267949),
(0.,0.4),.UNSPECIFIED.);
#66=B_SPLINE_SURFACE_WITH_KNOTS('',3,1,((#2400,#2401),(#2402,#2403),(#2404,
#2405),(#2406,#2407)),.UNSPECIFIED.,.F.,.F.,.F.,(4,4),(2,2),(-1.26491745538246,
0.),(0.,0.4),.UNSPECIFIED.);
#67=B_SPLINE_SURFACE_WITH_KNOTS('',3,1,((#2431,#2432),(#2433,#2434),(#2435,
#2436),(#2437,#2438)),.UNSPECIFIED.,.F.,.F.,.F.,(4,4),(2,2),(-0.828847063043942,
2.44928770079263E-16),(0.,0.4),.UNSPECIFIED.);
#68=B_SPLINE_SURFACE_WITH_KNOTS('',3,1,((#2456,#2457),(#2458,#2459),(#2460,
#2461),(#2462,#2463)),.UNSPECIFIED.,.F.,.F.,.F.,(4,4),(2,2),(0.741947267998176,
1.5707963267949),(0.,0.4),.UNSPECIFIED.);
#69=B_SPLINE_SURFACE_WITH_KNOTS('',3,1,((#2487,#2488),(#2489,#2490),(#2491,
#2492),(#2493,#2494)),.UNSPECIFIED.,.F.,.F.,.F.,(4,4),(2,2),(0.305878871406802,
1.5707963267949),(0.,0.4),.UNSPECIFIED.);
#70=B_SPLINE_SURFACE_WITH_KNOTS('',3,1,((#2512,#2513),(#2514,#2515),(#2516,
#2517),(#2518,#2519),(#2520,#2521),(#2522,#2523),(#2524,#2525)),
 .UNSPECIFIED.,.F.,.F.,.F.,(4,3,4),(2,2),(-1.57079517614019,-1.26337859221268,
0.),(0.,0.4),.UNSPECIFIED.);
#71=B_SPLINE_SURFACE_WITH_KNOTS('',3,1,((#2549,#2550),(#2551,#2552),(#2553,
#2554),(#2555,#2556)),.UNSPECIFIED.,.F.,.F.,.F.,(4,4),(2,2),(6.49526559898177E-8,
1.26491752179913),(0.,0.4),.UNSPECIFIED.);
#72=B_SPLINE_SURFACE_WITH_KNOTS('',3,1,((#2574,#2575),(#2576,#2577),(#2578,
#2579),(#2580,#2581),(#2582,#2583),(#2584,#2585),(#2586,#2587)),
 .UNSPECIFIED.,.F.,.F.,.F.,(4,3,4),(2,2),(-1.57079632679489,-1.26337951774807,
2.44929360004805E-16),(0.,0.4),.UNSPECIFIED.);
#73=B_SPLINE_SURFACE_WITH_KNOTS('',3,1,((#2611,#2612),(#2613,#2614),(#2615,
#2616),(#2617,#2618),(#2619,#2620),(#2621,#2622),(#2623,#2624)),
 .UNSPECIFIED.,.F.,.F.,.F.,(4,3,4),(2,2),(2.44929360004805E-16,0.307416809046827,
1.5707963267949),(0.,0.4),.UNSPECIFIED.);
#74=B_SPLINE_SURFACE_WITH_KNOTS('',3,1,((#2648,#2649),(#2650,#2651),(#2652,
#2653),(#2654,#2655)),.UNSPECIFIED.,.F.,.F.,.F.,(4,4),(2,2),(-1.26491745538245,
2.44929360004805E-16),(0.,0.4),.UNSPECIFIED.);
#75=B_SPLINE_SURFACE_WITH_KNOTS('',3,1,((#2679,#2680),(#2681,#2682),(#2683,
#2684),(#2685,#2686)),.UNSPECIFIED.,.F.,.F.,.F.,(4,4),(2,2),(1.57079628473946,
2.39964534353076),(0.,0.4),.UNSPECIFIED.);
#76=B_SPLINE_SURFACE_WITH_KNOTS('',3,1,((#2704,#2705),(#2706,#2707),(#2708,
#2709),(#2710,#2711)),.UNSPECIFIED.,.F.,.F.,.F.,(4,4),(2,2),(0.741947268004418,
1.5707963267949),(0.,0.4),.UNSPECIFIED.);
#77=B_SPLINE_SURFACE_WITH_KNOTS('',3,1,((#2735,#2736),(#2737,#2738),(#2739,
#2740),(#2741,#2742),(#2743,#2744),(#2745,#2746),(#2747,#2748)),
 .UNSPECIFIED.,.F.,.F.,.F.,(4,3,4),(2,2),(0.0557724275848271,0.441639697645831,
1.62656875437113),(0.,0.4),.UNSPECIFIED.);
#78=B_SPLINE_SURFACE_WITH_KNOTS('',3,1,((#2777,#2778),(#2779,#2780),(#2781,
#2782),(#2783,#2784),(#2785,#2786),(#2787,#2788),(#2789,#2790)),
 .UNSPECIFIED.,.F.,.F.,.F.,(4,3,4),(2,2),(-1.51502389920612,-1.12915662913505,
0.0557724275796321),(0.,0.4),.UNSPECIFIED.);
#79=B_SPLINE_SURFACE_WITH_KNOTS('',3,1,((#2814,#2815),(#2816,#2817),(#2818,
#2819),(#2820,#2821),(#2822,#2823),(#2824,#2825),(#2826,#2827)),
 .UNSPECIFIED.,.F.,.F.,.F.,(4,3,4),(2,2),(0.0557724275847232,0.441639697647253,
1.62656875437259),(0.,0.4),.UNSPECIFIED.);
#80=B_SPLINE_SURFACE_WITH_KNOTS('',3,1,((#2851,#2852),(#2853,#2854),(#2855,
#2856),(#2857,#2858),(#2859,#2860),(#2861,#2862),(#2863,#2864)),
 .UNSPECIFIED.,.F.,.F.,.F.,(4,3,4),(2,2),(-1.51502389920847,-1.12915662913511,
0.0557724275796321),(0.,0.4),.UNSPECIFIED.);
#81=PLANE('',#1743);
#82=PLANE('',#1747);
#83=PLANE('',#1751);
#84=PLANE('',#1755);
#85=PLANE('',#1759);
#86=PLANE('',#1763);
#87=PLANE('',#1767);
#88=PLANE('',#1771);
#89=PLANE('',#1775);
#90=PLANE('',#1779);
#91=PLANE('',#1780);
#92=PLANE('',#1781);
#93=PLANE('',#1782);
#94=PLANE('',#1783);
#95=PLANE('',#1784);
#96=PLANE('',#1785);
#97=PLANE('',#1786);
#98=PLANE('',#1787);
#99=PLANE('',#1788);
#100=PLANE('',#1789);
#101=PLANE('',#1790);
#102=PLANE('',#1791);
#103=PLANE('',#1792);
#104=PLANE('',#1793);
#105=PLANE('',#1794);
#106=PLANE('',#1795);
#107=PLANE('',#1796);
#108=PLANE('',#1797);
#109=PLANE('',#1798);
#110=PLANE('',#1799);
#111=PLANE('',#1800);
#112=PLANE('',#1801);
#113=PLANE('',#1802);
#114=PLANE('',#1803);
#115=PLANE('',#1804);
#116=PLANE('',#1805);
#117=PLANE('',#1806);
#118=PLANE('',#1807);
#119=PLANE('',#1808);
#120=PLANE('',#1809);
#121=PLANE('',#1810);
#122=PLANE('',#1811);
#123=PLANE('',#1812);
#124=PLANE('',#1813);
#125=PLANE('',#1814);
#126=PLANE('',#1815);
#127=PLANE('',#1816);
#128=PLANE('',#1817);
#129=PLANE('',#1818);
#130=PLANE('',#1819);
#131=PLANE('',#1820);
#132=PLANE('',#1821);
#133=PLANE('',#1822);
#134=PLANE('',#1823);
#135=PLANE('',#1824);
#136=PLANE('',#1825);
#137=PLANE('',#1826);
#138=PLANE('',#1827);
#139=FACE_OUTER_BOUND('',#223,.T.);
#140=FACE_OUTER_BOUND('',#224,.T.);
#141=FACE_OUTER_BOUND('',#225,.T.);
#142=FACE_OUTER_BOUND('',#226,.T.);
#143=FACE_OUTER_BOUND('',#227,.T.);
#144=FACE_OUTER_BOUND('',#228,.T.);
#145=FACE_OUTER_BOUND('',#229,.T.);
#146=FACE_OUTER_BOUND('',#230,.T.);
#147=FACE_OUTER_BOUND('',#231,.T.);
#148=FACE_OUTER_BOUND('',#232,.T.);
#149=FACE_OUTER_BOUND('',#233,.T.);
#150=FACE_OUTER_BOUND('',#234,.T.);
#151=FACE_OUTER_BOUND('',#235,.T.);
#152=FACE_OUTER_BOUND('',#236,.T.);
#153=FACE_OUTER_BOUND('',#237,.T.);
#154=FACE_OUTER_BOUND('',#238,.T.);
#155=FACE_OUTER_BOUND('',#239,.T.);
#156=FACE_OUTER_BOUND('',#240,.T.);
#157=FACE_OUTER_BOUND('',#241,.T.);
#158=FACE_OUTER_BOUND('',#242,.T.);
#159=FACE_OUTER_BOUND('',#243,.T.);
#160=FACE_OUTER_BOUND('',#244,.T.);
#161=FACE_OUTER_BOUND('',#245,.T.);
#162=FACE_OUTER_BOUND('',#246,.T.);
#163=FACE_OUTER_BOUND('',#247,.T.);
#164=FACE_OUTER_BOUND('',#248,.T.);
#165=FACE_OUTER_BOUND('',#249,.T.);
#166=FACE_OUTER_BOUND('',#250,.T.);
#167=FACE_OUTER_BOUND('',#251,.T.);
#168=FACE_OUTER_BOUND('',#252,.T.);
#169=FACE_OUTER_BOUND('',#253,.T.);
#170=FACE_OUTER_BOUND('',#254,.T.);
#171=FACE_OUTER_BOUND('',#255,.T.);
#172=FACE_OUTER_BOUND('',#256,.T.);
#173=FACE_OUTER_BOUND('',#257,.T.);
#174=FACE_OUTER_BOUND('',#258,.T.);
#175=FACE_OUTER_BOUND('',#259,.T.);
#176=FACE_OUTER_BOUND('',#260,.T.);
#177=FACE_OUTER_BOUND('',#261,.T.);
#178=FACE_OUTER_BOUND('',#262,.T.);
#179=FACE_OUTER_BOUND('',#263,.T.);
#180=FACE_OUTER_BOUND('',#264,.T.);
#181=FACE_OUTER_BOUND('',#265,.T.);
#182=FACE_OUTER_BOUND('',#266,.T.);
#183=FACE_OUTER_BOUND('',#267,.T.);
#184=FACE_OUTER_BOUND('',#268,.T.);
#185=FACE_OUTER_BOUND('',#269,.T.);
#186=FACE_OUTER_BOUND('',#270,.T.);
#187=FACE_OUTER_BOUND('',#271,.T.);
#188=FACE_OUTER_BOUND('',#272,.T.);
#189=FACE_OUTER_BOUND('',#273,.T.);
#190=FACE_OUTER_BOUND('',#274,.T.);
#191=FACE_OUTER_BOUND('',#275,.T.);
#192=FACE_OUTER_BOUND('',#276,.T.);
#193=FACE_OUTER_BOUND('',#277,.T.);
#194=FACE_OUTER_BOUND('',#278,.T.);
#195=FACE_OUTER_BOUND('',#279,.T.);
#196=FACE_OUTER_BOUND('',#280,.T.);
#197=FACE_OUTER_BOUND('',#281,.T.);
#198=FACE_OUTER_BOUND('',#282,.T.);
#199=FACE_OUTER_BOUND('',#283,.T.);
#200=FACE_OUTER_BOUND('',#284,.T.);
#201=FACE_OUTER_BOUND('',#285,.T.);
#202=FACE_OUTER_BOUND('',#286,.T.);
#203=FACE_OUTER_BOUND('',#287,.T.);
#204=FACE_OUTER_BOUND('',#288,.T.);
#205=FACE_OUTER_BOUND('',#289,.T.);
#206=FACE_OUTER_BOUND('',#290,.T.);
#207=FACE_OUTER_BOUND('',#291,.T.);
#208=FACE_OUTER_BOUND('',#292,.T.);
#209=FACE_OUTER_BOUND('',#293,.T.);
#210=FACE_OUTER_BOUND('',#294,.T.);
#211=FACE_OUTER_BOUND('',#295,.T.);
#212=FACE_OUTER_BOUND('',#296,.T.);
#213=FACE_OUTER_BOUND('',#297,.T.);
#214=FACE_OUTER_BOUND('',#298,.T.);
#215=FACE_OUTER_BOUND('',#299,.T.);
#216=FACE_OUTER_BOUND('',#300,.T.);
#217=FACE_OUTER_BOUND('',#301,.T.);
#218=FACE_OUTER_BOUND('',#302,.T.);
#219=FACE_OUTER_BOUND('',#303,.T.);
#220=FACE_OUTER_BOUND('',#304,.T.);
#221=FACE_OUTER_BOUND('',#305,.T.);
#222=FACE_OUTER_BOUND('',#313,.T.);
#223=EDGE_LOOP('',(#1139,#1140,#1141,#1142));
#224=EDGE_LOOP('',(#1143,#1144,#1145,#1146));
#225=EDGE_LOOP('',(#1147,#1148,#1149,#1150));
#226=EDGE_LOOP('',(#1151,#1152,#1153,#1154));
#227=EDGE_LOOP('',(#1155,#1156,#1157,#1158));
#228=EDGE_LOOP('',(#1159,#1160,#1161,#1162));
#229=EDGE_LOOP('',(#1163,#1164,#1165,#1166));
#230=EDGE_LOOP('',(#1167,#1168,#1169,#1170));
#231=EDGE_LOOP('',(#1171,#1172,#1173,#1174));
#232=EDGE_LOOP('',(#1175,#1176,#1177,#1178));
#233=EDGE_LOOP('',(#1179,#1180,#1181,#1182));
#234=EDGE_LOOP('',(#1183,#1184,#1185,#1186));
#235=EDGE_LOOP('',(#1187,#1188,#1189,#1190));
#236=EDGE_LOOP('',(#1191,#1192,#1193,#1194));
#237=EDGE_LOOP('',(#1195,#1196,#1197,#1198));
#238=EDGE_LOOP('',(#1199,#1200,#1201,#1202));
#239=EDGE_LOOP('',(#1203,#1204,#1205,#1206));
#240=EDGE_LOOP('',(#1207,#1208,#1209,#1210));
#241=EDGE_LOOP('',(#1211,#1212,#1213,#1214));
#242=EDGE_LOOP('',(#1215,#1216,#1217,#1218));
#243=EDGE_LOOP('',(#1219,#1220,#1221,#1222));
#244=EDGE_LOOP('',(#1223,#1224,#1225,#1226));
#245=EDGE_LOOP('',(#1227,#1228,#1229,#1230));
#246=EDGE_LOOP('',(#1231,#1232,#1233,#1234));
#247=EDGE_LOOP('',(#1235,#1236,#1237,#1238));
#248=EDGE_LOOP('',(#1239,#1240,#1241,#1242));
#249=EDGE_LOOP('',(#1243,#1244,#1245,#1246));
#250=EDGE_LOOP('',(#1247,#1248,#1249,#1250));
#251=EDGE_LOOP('',(#1251,#1252,#1253,#1254));
#252=EDGE_LOOP('',(#1255,#1256,#1257,#1258));
#253=EDGE_LOOP('',(#1259,#1260,#1261,#1262));
#254=EDGE_LOOP('',(#1263,#1264,#1265,#1266));
#255=EDGE_LOOP('',(#1267,#1268,#1269,#1270));
#256=EDGE_LOOP('',(#1271,#1272,#1273,#1274));
#257=EDGE_LOOP('',(#1275,#1276,#1277,#1278));
#258=EDGE_LOOP('',(#1279,#1280,#1281,#1282));
#259=EDGE_LOOP('',(#1283,#1284,#1285,#1286));
#260=EDGE_LOOP('',(#1287,#1288,#1289,#1290));
#261=EDGE_LOOP('',(#1291,#1292,#1293,#1294));
#262=EDGE_LOOP('',(#1295,#1296,#1297,#1298));
#263=EDGE_LOOP('',(#1299,#1300,#1301,#1302));
#264=EDGE_LOOP('',(#1303,#1304,#1305,#1306));
#265=EDGE_LOOP('',(#1307,#1308,#1309,#1310));
#266=EDGE_LOOP('',(#1311,#1312,#1313,#1314));
#267=EDGE_LOOP('',(#1315,#1316,#1317,#1318));
#268=EDGE_LOOP('',(#1319,#1320,#1321,#1322));
#269=EDGE_LOOP('',(#1323,#1324,#1325,#1326));
#270=EDGE_LOOP('',(#1327,#1328,#1329,#1330));
#271=EDGE_LOOP('',(#1331,#1332,#1333,#1334));
#272=EDGE_LOOP('',(#1335,#1336,#1337,#1338));
#273=EDGE_LOOP('',(#1339,#1340,#1341,#1342));
#274=EDGE_LOOP('',(#1343,#1344,#1345,#1346));
#275=EDGE_LOOP('',(#1347,#1348,#1349,#1350));
#276=EDGE_LOOP('',(#1351,#1352,#1353,#1354));
#277=EDGE_LOOP('',(#1355,#1356,#1357,#1358));
#278=EDGE_LOOP('',(#1359,#1360,#1361,#1362));
#279=EDGE_LOOP('',(#1363,#1364,#1365,#1366));
#280=EDGE_LOOP('',(#1367,#1368,#1369,#1370));
#281=EDGE_LOOP('',(#1371,#1372,#1373,#1374));
#282=EDGE_LOOP('',(#1375,#1376,#1377,#1378));
#283=EDGE_LOOP('',(#1379,#1380,#1381,#1382));
#284=EDGE_LOOP('',(#1383,#1384,#1385,#1386));
#285=EDGE_LOOP('',(#1387,#1388,#1389,#1390));
#286=EDGE_LOOP('',(#1391,#1392,#1393,#1394));
#287=EDGE_LOOP('',(#1395,#1396,#1397,#1398));
#288=EDGE_LOOP('',(#1399,#1400,#1401,#1402));
#289=EDGE_LOOP('',(#1403,#1404,#1405,#1406));
#290=EDGE_LOOP('',(#1407,#1408,#1409,#1410));
#291=EDGE_LOOP('',(#1411,#1412,#1413,#1414));
#292=EDGE_LOOP('',(#1415,#1416,#1417,#1418));
#293=EDGE_LOOP('',(#1419,#1420,#1421,#1422));
#294=EDGE_LOOP('',(#1423,#1424,#1425,#1426,#1427,#1428,#1429,#1430));
#295=EDGE_LOOP('',(#1431,#1432,#1433,#1434,#1435,#1436,#1437,#1438));
#296=EDGE_LOOP('',(#1439,#1440,#1441,#1442));
#297=EDGE_LOOP('',(#1443,#1444,#1445,#1446));
#298=EDGE_LOOP('',(#1447,#1448,#1449,#1450));
#299=EDGE_LOOP('',(#1451,#1452,#1453,#1454));
#300=EDGE_LOOP('',(#1455,#1456,#1457,#1458));
#301=EDGE_LOOP('',(#1459,#1460,#1461,#1462,#1463,#1464,#1465,#1466));
#302=EDGE_LOOP('',(#1467,#1468,#1469,#1470,#1471,#1472,#1473,#1474));
#303=EDGE_LOOP('',(#1475,#1476,#1477,#1478));
#304=EDGE_LOOP('',(#1479,#1480,#1481,#1482));
#305=EDGE_LOOP('',(#1483,#1484,#1485,#1486,#1487,#1488,#1489,#1490,#1491,
#1492,#1493,#1494));
#306=EDGE_LOOP('',(#1495,#1496,#1497,#1498));
#307=EDGE_LOOP('',(#1499,#1500,#1501,#1502,#1503,#1504,#1505,#1506,#1507,
#1508,#1509,#1510,#1511,#1512));
#308=EDGE_LOOP('',(#1513,#1514,#1515,#1516,#1517,#1518,#1519,#1520,#1521,
#1522,#1523,#1524,#1525,#1526));
#309=EDGE_LOOP('',(#1527,#1528,#1529,#1530,#1531,#1532,#1533,#1534));
#310=EDGE_LOOP('',(#1535,#1536,#1537,#1538,#1539,#1540,#1541,#1542));
#311=EDGE_LOOP('',(#1543,#1544,#1545,#1546,#1547,#1548,#1549,#1550,#1551,
#1552));
#312=EDGE_LOOP('',(#1553,#1554,#1555,#1556,#1557,#1558,#1559,#1560));
#313=EDGE_LOOP('',(#1561,#1562,#1563,#1564));
#314=EDGE_LOOP('',(#1565,#1566,#1567,#1568));
#315=EDGE_LOOP('',(#1569,#1570,#1571,#1572,#1573,#1574,#1575,#1576,#1577,
#1578,#1579,#1580,#1581,#1582));
#316=EDGE_LOOP('',(#1583,#1584,#1585,#1586,#1587,#1588,#1589,#1590,#1591,
#1592,#1593,#1594,#1595,#1596));
#317=EDGE_LOOP('',(#1597,#1598,#1599,#1600,#1601,#1602,#1603,#1604));
#318=EDGE_LOOP('',(#1605,#1606,#1607,#1608,#1609,#1610,#1611,#1612));
#319=EDGE_LOOP('',(#1613,#1614,#1615,#1616,#1617,#1618,#1619,#1620,#1621,
#1622));
#320=EDGE_LOOP('',(#1623,#1624,#1625,#1626,#1627,#1628,#1629,#1630));
#321=LINE('',#2212,#515);
#322=LINE('',#2215,#516);
#323=LINE('',#2218,#517);
#324=LINE('',#2220,#518);
#325=LINE('',#2221,#519);
#326=LINE('',#2227,#520);
#327=LINE('',#2230,#521);
#328=LINE('',#2232,#522);
#329=LINE('',#2233,#523);
#330=LINE('',#2239,#524);
#331=LINE('',#2242,#525);
#332=LINE('',#2245,#526);
#333=LINE('',#2247,#527);
#334=LINE('',#2248,#528);
#335=LINE('',#2254,#529);
#336=LINE('',#2257,#530);
#337=LINE('',#2259,#531);
#338=LINE('',#2260,#532);
#339=LINE('',#2265,#533);
#340=LINE('',#2269,#534);
#341=LINE('',#2271,#535);
#342=LINE('',#2272,#536);
#343=LINE('',#2277,#537);
#344=LINE('',#2280,#538);
#345=LINE('',#2281,#539);
#346=LINE('',#2287,#540);
#347=LINE('',#2290,#541);
#348=LINE('',#2292,#542);
#349=LINE('',#2293,#543);
#350=LINE('',#2298,#544);
#351=LINE('',#2301,#545);
#352=LINE('',#2302,#546);
#353=LINE('',#2308,#547);
#354=LINE('',#2311,#548);
#355=LINE('',#2314,#549);
#356=LINE('',#2316,#550);
#357=LINE('',#2317,#551);
#358=LINE('',#2322,#552);
#359=LINE('',#2326,#553);
#360=LINE('',#2328,#554);
#361=LINE('',#2329,#555);
#362=LINE('',#2333,#556);
#363=LINE('',#2335,#557);
#364=LINE('',#2337,#558);
#365=LINE('',#2338,#559);
#366=LINE('',#2341,#560);
#367=LINE('',#2343,#561);
#368=LINE('',#2344,#562);
#369=LINE('',#2347,#563);
#370=LINE('',#2349,#564);
#371=LINE('',#2350,#565);
#372=LINE('',#2352,#566);
#373=LINE('',#2353,#567);
#374=LINE('',#2357,#568);
#375=LINE('',#2359,#569);
#376=LINE('',#2361,#570);
#377=LINE('',#2362,#571);
#378=LINE('',#2393,#572);
#379=LINE('',#2396,#573);
#380=LINE('',#2398,#574);
#381=LINE('',#2399,#575);
#382=LINE('',#2418,#576);
#383=LINE('',#2421,#577);
#384=LINE('',#2423,#578);
#385=LINE('',#2424,#579);
#386=LINE('',#2427,#580);
#387=LINE('',#2429,#581);
#388=LINE('',#2430,#582);
#389=LINE('',#2449,#583);
#390=LINE('',#2452,#584);
#391=LINE('',#2454,#585);
#392=LINE('',#2455,#586);
#393=LINE('',#2474,#587);
#394=LINE('',#2477,#588);
#395=LINE('',#2479,#589);
#396=LINE('',#2480,#590);
#397=LINE('',#2483,#591);
#398=LINE('',#2485,#592);
#399=LINE('',#2486,#593);
#400=LINE('',#2505,#594);
#401=LINE('',#2508,#595);
#402=LINE('',#2510,#596);
#403=LINE('',#2511,#597);
#404=LINE('',#2543,#598);
#405=LINE('',#2545,#599);
#406=LINE('',#2547,#600);
#407=LINE('',#2548,#601);
#408=LINE('',#2567,#602);
#409=LINE('',#2570,#603);
#410=LINE('',#2572,#604);
#411=LINE('',#2573,#605);
#412=LINE('',#2604,#606);
#413=LINE('',#2607,#607);
#414=LINE('',#2609,#608);
#415=LINE('',#2610,#609);
#416=LINE('',#2641,#610);
#417=LINE('',#2644,#611);
#418=LINE('',#2646,#612);
#419=LINE('',#2647,#613);
#420=LINE('',#2666,#614);
#421=LINE('',#2669,#615);
#422=LINE('',#2671,#616);
#423=LINE('',#2672,#617);
#424=LINE('',#2675,#618);
#425=LINE('',#2677,#619);
#426=LINE('',#2678,#620);
#427=LINE('',#2697,#621);
#428=LINE('',#2700,#622);
#429=LINE('',#2702,#623);
#430=LINE('',#2703,#624);
#431=LINE('',#2722,#625);
#432=LINE('',#2724,#626);
#433=LINE('',#2725,#627);
#434=LINE('',#2729,#628);
#435=LINE('',#2731,#629);
#436=LINE('',#2733,#630);
#437=LINE('',#2734,#631);
#438=LINE('',#2770,#632);
#439=LINE('',#2773,#633);
#440=LINE('',#2775,#634);
#441=LINE('',#2776,#635);
#442=LINE('',#2807,#636);
#443=LINE('',#2810,#637);
#444=LINE('',#2812,#638);
#445=LINE('',#2813,#639);
#446=LINE('',#2844,#640);
#447=LINE('',#2847,#641);
#448=LINE('',#2849,#642);
#449=LINE('',#2850,#643);
#450=LINE('',#2882,#644);
#451=LINE('',#2884,#645);
#452=LINE('',#2886,#646);
#453=LINE('',#2887,#647);
#454=LINE('',#2890,#648);
#455=LINE('',#2892,#649);
#456=LINE('',#2893,#650);
#457=LINE('',#2896,#651);
#458=LINE('',#2898,#652);
#459=LINE('',#2899,#653);
#460=LINE('',#2902,#654);
#461=LINE('',#2904,#655);
#462=LINE('',#2905,#656);
#463=LINE('',#2907,#657);
#464=LINE('',#2908,#658);
#465=LINE('',#2910,#659);
#466=LINE('',#2911,#660);
#467=LINE('',#2915,#661);
#468=LINE('',#2917,#662);
#469=LINE('',#2919,#663);
#470=LINE('',#2920,#664);
#471=LINE('',#2923,#665);
#472=LINE('',#2925,#666);
#473=LINE('',#2926,#667);
#474=LINE('',#2929,#668);
#475=LINE('',#2931,#669);
#476=LINE('',#2932,#670);
#477=LINE('',#2935,#671);
#478=LINE('',#2937,#672);
#479=LINE('',#2938,#673);
#480=LINE('',#2941,#674);
#481=LINE('',#2943,#675);
#482=LINE('',#2944,#676);
#483=LINE('',#2948,#677);
#484=LINE('',#2949,#678);
#485=LINE('',#2950,#679);
#486=LINE('',#2953,#680);
#487=LINE('',#2955,#681);
#488=LINE('',#2957,#682);
#489=LINE('',#2959,#683);
#490=LINE('',#2961,#684);
#491=LINE('',#2962,#685);
#492=LINE('',#2966,#686);
#493=LINE('',#2968,#687);
#494=LINE('',#2970,#688);
#495=LINE('',#2971,#689);
#496=LINE('',#2974,#690);
#497=LINE('',#2976,#691);
#498=LINE('',#2977,#692);
#499=LINE('',#2980,#693);
#500=LINE('',#2982,#694);
#501=LINE('',#2983,#695);
#502=LINE('',#2986,#696);
#503=LINE('',#2988,#697);
#504=LINE('',#2989,#698);
#505=LINE('',#2991,#699);
#506=LINE('',#2992,#700);
#507=LINE('',#2995,#701);
#508=LINE('',#2996,#702);
#509=LINE('',#2998,#703);
#510=LINE('',#3000,#704);
#511=LINE('',#3002,#705);
#512=LINE('',#3003,#706);
#513=LINE('',#3005,#707);
#514=LINE('',#3007,#708);
#515=VECTOR('',#1837,10.);
#516=VECTOR('',#1840,10.);
#517=VECTOR('',#1843,10.);
#518=VECTOR('',#1844,10.);
#519=VECTOR('',#1845,10.);
#520=VECTOR('',#1850,10.);
#521=VECTOR('',#1853,10.);
#522=VECTOR('',#1856,10.);
#523=VECTOR('',#1857,10.);
#524=VECTOR('',#1862,10.);
#525=VECTOR('',#1865,10.);
#526=VECTOR('',#1868,10.);
#527=VECTOR('',#1869,10.);
#528=VECTOR('',#1870,10.);
#529=VECTOR('',#1875,10.);
#530=VECTOR('',#1878,10.);
#531=VECTOR('',#1881,10.);
#532=VECTOR('',#1882,10.);
#533=VECTOR('',#1887,10.);
#534=VECTOR('',#1892,10.);
#535=VECTOR('',#1893,10.);
#536=VECTOR('',#1894,10.);
#537=VECTOR('',#1899,10.);
#538=VECTOR('',#1904,10.);
#539=VECTOR('',#1905,10.);
#540=VECTOR('',#1910,10.);
#541=VECTOR('',#1913,10.);
#542=VECTOR('',#1916,10.);
#543=VECTOR('',#1917,10.);
#544=VECTOR('',#1922,10.);
#545=VECTOR('',#1927,10.);
#546=VECTOR('',#1928,10.);
#547=VECTOR('',#1933,10.);
#548=VECTOR('',#1936,10.);
#549=VECTOR('',#1939,10.);
#550=VECTOR('',#1940,10.);
#551=VECTOR('',#1941,10.);
#552=VECTOR('',#1946,10.);
#553=VECTOR('',#1951,10.);
#554=VECTOR('',#1952,10.);
#555=VECTOR('',#1953,10.);
#556=VECTOR('',#1956,10.);
#557=VECTOR('',#1957,10.);
#558=VECTOR('',#1958,10.);
#559=VECTOR('',#1959,10.);
#560=VECTOR('',#1962,10.);
#561=VECTOR('',#1963,10.);
#562=VECTOR('',#1964,10.);
#563=VECTOR('',#1967,10.);
#564=VECTOR('',#1968,10.);
#565=VECTOR('',#1969,10.);
#566=VECTOR('',#1972,10.);
#567=VECTOR('',#1973,10.);
#568=VECTOR('',#1976,10.);
#569=VECTOR('',#1977,10.);
#570=VECTOR('',#1978,10.);
#571=VECTOR('',#1979,10.);
#572=VECTOR('',#1980,10.);
#573=VECTOR('',#1983,10.);
#574=VECTOR('',#1984,10.);
#575=VECTOR('',#1985,10.);
#576=VECTOR('',#1986,10.);
#577=VECTOR('',#1989,10.);
#578=VECTOR('',#1990,10.);
#579=VECTOR('',#1991,10.);
#580=VECTOR('',#1994,10.);
#581=VECTOR('',#1995,10.);
#582=VECTOR('',#1996,10.);
#583=VECTOR('',#1997,10.);
#584=VECTOR('',#2000,10.);
#585=VECTOR('',#2001,10.);
#586=VECTOR('',#2002,10.);
#587=VECTOR('',#2003,10.);
#588=VECTOR('',#2006,10.);
#589=VECTOR('',#2007,10.);
#590=VECTOR('',#2008,10.);
#591=VECTOR('',#2011,10.);
#592=VECTOR('',#2012,10.);
#593=VECTOR('',#2013,10.);
#594=VECTOR('',#2014,10.);
#595=VECTOR('',#2017,10.);
#596=VECTOR('',#2018,10.);
#597=VECTOR('',#2019,10.);
#598=VECTOR('',#2022,10.);
#599=VECTOR('',#2023,10.);
#600=VECTOR('',#2024,10.);
#601=VECTOR('',#2025,10.);
#602=VECTOR('',#2026,10.);
#603=VECTOR('',#2029,10.);
#604=VECTOR('',#2030,10.);
#605=VECTOR('',#2031,10.);
#606=VECTOR('',#2032,10.);
#607=VECTOR('',#2035,10.);
#608=VECTOR('',#2036,10.);
#609=VECTOR('',#2037,10.);
#610=VECTOR('',#2038,10.);
#611=VECTOR('',#2041,10.);
#612=VECTOR('',#2042,10.);
#613=VECTOR('',#2043,10.);
#614=VECTOR('',#2044,10.);
#615=VECTOR('',#2047,10.);
#616=VECTOR('',#2048,10.);
#617=VECTOR('',#2049,10.);
#618=VECTOR('',#2052,10.);
#619=VECTOR('',#2053,10.);
#620=VECTOR('',#2054,10.);
#621=VECTOR('',#2055,10.);
#622=VECTOR('',#2058,10.);
#623=VECTOR('',#2059,10.);
#624=VECTOR('',#2060,10.);
#625=VECTOR('',#2061,10.);
#626=VECTOR('',#2064,10.);
#627=VECTOR('',#2065,10.);
#628=VECTOR('',#2068,10.);
#629=VECTOR('',#2069,10.);
#630=VECTOR('',#2070,10.);
#631=VECTOR('',#2071,10.);
#632=VECTOR('',#2072,10.);
#633=VECTOR('',#2075,10.);
#634=VECTOR('',#2076,10.);
#635=VECTOR('',#2077,10.);
#636=VECTOR('',#2078,10.);
#637=VECTOR('',#2081,10.);
#638=VECTOR('',#2082,10.);
#639=VECTOR('',#2083,10.);
#640=VECTOR('',#2084,10.);
#641=VECTOR('',#2087,10.);
#642=VECTOR('',#2088,10.);
#643=VECTOR('',#2089,10.);
#644=VECTOR('',#2092,10.);
#645=VECTOR('',#2093,10.);
#646=VECTOR('',#2094,10.);
#647=VECTOR('',#2095,10.);
#648=VECTOR('',#2098,10.);
#649=VECTOR('',#2099,10.);
#650=VECTOR('',#2100,10.);
#651=VECTOR('',#2103,10.);
#652=VECTOR('',#2104,10.);
#653=VECTOR('',#2105,10.);
#654=VECTOR('',#2108,10.);
#655=VECTOR('',#2109,10.);
#656=VECTOR('',#2110,10.);
#657=VECTOR('',#2113,10.);
#658=VECTOR('',#2114,10.);
#659=VECTOR('',#2117,10.);
#660=VECTOR('',#2118,10.);
#661=VECTOR('',#2121,10.);
#662=VECTOR('',#2122,10.);
#663=VECTOR('',#2123,10.);
#664=VECTOR('',#2124,10.);
#665=VECTOR('',#2127,10.);
#666=VECTOR('',#2128,10.);
#667=VECTOR('',#2129,10.);
#668=VECTOR('',#2132,10.);
#669=VECTOR('',#2133,10.);
#670=VECTOR('',#2134,10.);
#671=VECTOR('',#2137,10.);
#672=VECTOR('',#2138,10.);
#673=VECTOR('',#2139,10.);
#674=VECTOR('',#2142,10.);
#675=VECTOR('',#2143,10.);
#676=VECTOR('',#2144,10.);
#677=VECTOR('',#2147,10.);
#678=VECTOR('',#2148,10.);
#679=VECTOR('',#2149,10.);
#680=VECTOR('',#2152,10.);
#681=VECTOR('',#2153,10.);
#682=VECTOR('',#2154,10.);
#683=VECTOR('',#2155,10.);
#684=VECTOR('',#2156,10.);
#685=VECTOR('',#2157,10.);
#686=VECTOR('',#2160,10.);
#687=VECTOR('',#2161,10.);
#688=VECTOR('',#2162,10.);
#689=VECTOR('',#2163,10.);
#690=VECTOR('',#2166,10.);
#691=VECTOR('',#2167,10.);
#692=VECTOR('',#2168,10.);
#693=VECTOR('',#2171,10.);
#694=VECTOR('',#2172,10.);
#695=VECTOR('',#2173,10.);
#696=VECTOR('',#2176,10.);
#697=VECTOR('',#2177,10.);
#698=VECTOR('',#2178,10.);
#699=VECTOR('',#2181,10.);
#700=VECTOR('',#2182,10.);
#701=VECTOR('',#2185,10.);
#702=VECTOR('',#2186,10.);
#703=VECTOR('',#2189,10.);
#704=VECTOR('',#2190,10.);
#705=VECTOR('',#2191,10.);
#706=VECTOR('',#2192,10.);
#707=VECTOR('',#2195,10.);
#708=VECTOR('',#2198,10.);
#709=CIRCLE('',#1741,0.5);
#710=CIRCLE('',#1742,0.5);
#711=CIRCLE('',#1745,0.5);
#712=CIRCLE('',#1746,0.5);
#713=CIRCLE('',#1749,0.5);
#714=CIRCLE('',#1750,0.5);
#715=CIRCLE('',#1753,0.5);
#716=CIRCLE('',#1754,0.5);
#717=CIRCLE('',#1757,0.5);
#718=CIRCLE('',#1758,0.5);
#719=CIRCLE('',#1761,0.5);
#720=CIRCLE('',#1762,0.5);
#721=CIRCLE('',#1765,0.5);
#722=CIRCLE('',#1766,0.5);
#723=CIRCLE('',#1769,0.5);
#724=CIRCLE('',#1770,0.5);
#725=CIRCLE('',#1773,0.5);
#726=CIRCLE('',#1774,0.5);
#727=CIRCLE('',#1777,0.5);
#728=CIRCLE('',#1778,0.5);
#729=VERTEX_POINT('',#2208);
#730=VERTEX_POINT('',#2209);
#731=VERTEX_POINT('',#2211);
#732=VERTEX_POINT('',#2213);
#733=VERTEX_POINT('',#2217);
#734=VERTEX_POINT('',#2219);
#735=VERTEX_POINT('',#2223);
#736=VERTEX_POINT('',#2224);
#737=VERTEX_POINT('',#2226);
#738=VERTEX_POINT('',#2228);
#739=VERTEX_POINT('',#2235);
#740=VERTEX_POINT('',#2236);
#741=VERTEX_POINT('',#2238);
#742=VERTEX_POINT('',#2240);
#743=VERTEX_POINT('',#2244);
#744=VERTEX_POINT('',#2246);
#745=VERTEX_POINT('',#2250);
#746=VERTEX_POINT('',#2251);
#747=VERTEX_POINT('',#2253);
#748=VERTEX_POINT('',#2255);
#749=VERTEX_POINT('',#2262);
#750=VERTEX_POINT('',#2264);
#751=VERTEX_POINT('',#2268);
#752=VERTEX_POINT('',#2270);
#753=VERTEX_POINT('',#2274);
#754=VERTEX_POINT('',#2276);
#755=VERTEX_POINT('',#2283);
#756=VERTEX_POINT('',#2284);
#757=VERTEX_POINT('',#2286);
#758=VERTEX_POINT('',#2288);
#759=VERTEX_POINT('',#2295);
#760=VERTEX_POINT('',#2297);
#761=VERTEX_POINT('',#2304);
#762=VERTEX_POINT('',#2305);
#763=VERTEX_POINT('',#2307);
#764=VERTEX_POINT('',#2309);
#765=VERTEX_POINT('',#2313);
#766=VERTEX_POINT('',#2315);
#767=VERTEX_POINT('',#2319);
#768=VERTEX_POINT('',#2321);
#769=VERTEX_POINT('',#2325);
#770=VERTEX_POINT('',#2327);
#771=VERTEX_POINT('',#2331);
#772=VERTEX_POINT('',#2332);
#773=VERTEX_POINT('',#2334);
#774=VERTEX_POINT('',#2336);
#775=VERTEX_POINT('',#2340);
#776=VERTEX_POINT('',#2342);
#777=VERTEX_POINT('',#2346);
#778=VERTEX_POINT('',#2348);
#779=VERTEX_POINT('',#2355);
#780=VERTEX_POINT('',#2356);
#781=VERTEX_POINT('',#2358);
#782=VERTEX_POINT('',#2360);
#783=VERTEX_POINT('',#2377);
#784=VERTEX_POINT('',#2385);
#785=VERTEX_POINT('',#2395);
#786=VERTEX_POINT('',#2397);
#787=VERTEX_POINT('',#2408);
#788=VERTEX_POINT('',#2413);
#789=VERTEX_POINT('',#2420);
#790=VERTEX_POINT('',#2422);
#791=VERTEX_POINT('',#2426);
#792=VERTEX_POINT('',#2428);
#793=VERTEX_POINT('',#2439);
#794=VERTEX_POINT('',#2444);
#795=VERTEX_POINT('',#2451);
#796=VERTEX_POINT('',#2453);
#797=VERTEX_POINT('',#2464);
#798=VERTEX_POINT('',#2469);
#799=VERTEX_POINT('',#2476);
#800=VERTEX_POINT('',#2478);
#801=VERTEX_POINT('',#2482);
#802=VERTEX_POINT('',#2484);
#803=VERTEX_POINT('',#2495);
#804=VERTEX_POINT('',#2500);
#805=VERTEX_POINT('',#2507);
#806=VERTEX_POINT('',#2509);
#807=VERTEX_POINT('',#2541);
#808=VERTEX_POINT('',#2542);
#809=VERTEX_POINT('',#2544);
#810=VERTEX_POINT('',#2546);
#811=VERTEX_POINT('',#2557);
#812=VERTEX_POINT('',#2562);
#813=VERTEX_POINT('',#2569);
#814=VERTEX_POINT('',#2571);
#815=VERTEX_POINT('',#2588);
#816=VERTEX_POINT('',#2596);
#817=VERTEX_POINT('',#2606);
#818=VERTEX_POINT('',#2608);
#819=VERTEX_POINT('',#2625);
#820=VERTEX_POINT('',#2633);
#821=VERTEX_POINT('',#2643);
#822=VERTEX_POINT('',#2645);
#823=VERTEX_POINT('',#2656);
#824=VERTEX_POINT('',#2661);
#825=VERTEX_POINT('',#2668);
#826=VERTEX_POINT('',#2670);
#827=VERTEX_POINT('',#2674);
#828=VERTEX_POINT('',#2676);
#829=VERTEX_POINT('',#2687);
#830=VERTEX_POINT('',#2692);
#831=VERTEX_POINT('',#2699);
#832=VERTEX_POINT('',#2701);
#833=VERTEX_POINT('',#2712);
#834=VERTEX_POINT('',#2717);
#835=VERTEX_POINT('',#2727);
#836=VERTEX_POINT('',#2728);
#837=VERTEX_POINT('',#2730);
#838=VERTEX_POINT('',#2732);
#839=VERTEX_POINT('',#2749);
#840=VERTEX_POINT('',#2762);
#841=VERTEX_POINT('',#2772);
#842=VERTEX_POINT('',#2774);
#843=VERTEX_POINT('',#2791);
#844=VERTEX_POINT('',#2799);
#845=VERTEX_POINT('',#2809);
#846=VERTEX_POINT('',#2811);
#847=VERTEX_POINT('',#2828);
#848=VERTEX_POINT('',#2836);
#849=VERTEX_POINT('',#2846);
#850=VERTEX_POINT('',#2848);
#851=VERTEX_POINT('',#2880);
#852=VERTEX_POINT('',#2881);
#853=VERTEX_POINT('',#2883);
#854=VERTEX_POINT('',#2885);
#855=VERTEX_POINT('',#2889);
#856=VERTEX_POINT('',#2891);
#857=VERTEX_POINT('',#2895);
#858=VERTEX_POINT('',#2897);
#859=VERTEX_POINT('',#2901);
#860=VERTEX_POINT('',#2903);
#861=VERTEX_POINT('',#2913);
#862=VERTEX_POINT('',#2914);
#863=VERTEX_POINT('',#2916);
#864=VERTEX_POINT('',#2918);
#865=VERTEX_POINT('',#2922);
#866=VERTEX_POINT('',#2924);
#867=VERTEX_POINT('',#2928);
#868=VERTEX_POINT('',#2930);
#869=VERTEX_POINT('',#2934);
#870=VERTEX_POINT('',#2936);
#871=VERTEX_POINT('',#2940);
#872=VERTEX_POINT('',#2942);
#873=VERTEX_POINT('',#2946);
#874=VERTEX_POINT('',#2947);
#875=VERTEX_POINT('',#2952);
#876=VERTEX_POINT('',#2954);
#877=VERTEX_POINT('',#2956);
#878=VERTEX_POINT('',#2958);
#879=VERTEX_POINT('',#2960);
#880=VERTEX_POINT('',#2964);
#881=VERTEX_POINT('',#2965);
#882=VERTEX_POINT('',#2967);
#883=VERTEX_POINT('',#2969);
#884=VERTEX_POINT('',#2973);
#885=VERTEX_POINT('',#2975);
#886=VERTEX_POINT('',#2979);
#887=VERTEX_POINT('',#2981);
#888=VERTEX_POINT('',#2985);
#889=VERTEX_POINT('',#2987);
#890=VERTEX_POINT('',#2994);
#891=VERTEX_POINT('',#2999);
#892=VERTEX_POINT('',#3001);
#893=EDGE_CURVE('',#729,#730,#709,.T.);
#894=EDGE_CURVE('',#730,#731,#321,.T.);
#895=EDGE_CURVE('',#731,#732,#710,.T.);
#896=EDGE_CURVE('',#732,#729,#322,.T.);
#897=EDGE_CURVE('',#733,#730,#323,.T.);
#898=EDGE_CURVE('',#734,#733,#324,.T.);
#899=EDGE_CURVE('',#731,#734,#325,.T.);
#900=EDGE_CURVE('',#735,#736,#711,.T.);
#901=EDGE_CURVE('',#736,#737,#326,.T.);
#902=EDGE_CURVE('',#737,#738,#712,.T.);
#903=EDGE_CURVE('',#738,#735,#327,.T.);
#904=EDGE_CURVE('',#737,#732,#328,.T.);
#905=EDGE_CURVE('',#729,#736,#329,.T.);
#906=EDGE_CURVE('',#739,#740,#713,.T.);
#907=EDGE_CURVE('',#740,#741,#330,.T.);
#908=EDGE_CURVE('',#741,#742,#714,.T.);
#909=EDGE_CURVE('',#742,#739,#331,.T.);
#910=EDGE_CURVE('',#743,#740,#332,.T.);
#911=EDGE_CURVE('',#744,#743,#333,.T.);
#912=EDGE_CURVE('',#741,#744,#334,.T.);
#913=EDGE_CURVE('',#745,#746,#715,.T.);
#914=EDGE_CURVE('',#746,#747,#335,.T.);
#915=EDGE_CURVE('',#747,#748,#716,.T.);
#916=EDGE_CURVE('',#748,#745,#336,.T.);
#917=EDGE_CURVE('',#747,#742,#337,.T.);
#918=EDGE_CURVE('',#739,#746,#338,.T.);
#919=EDGE_CURVE('',#743,#749,#717,.T.);
#920=EDGE_CURVE('',#749,#750,#339,.T.);
#921=EDGE_CURVE('',#750,#744,#718,.T.);
#922=EDGE_CURVE('',#751,#749,#340,.T.);
#923=EDGE_CURVE('',#752,#751,#341,.T.);
#924=EDGE_CURVE('',#750,#752,#342,.T.);
#925=EDGE_CURVE('',#751,#753,#719,.T.);
#926=EDGE_CURVE('',#753,#754,#343,.T.);
#927=EDGE_CURVE('',#754,#752,#720,.T.);
#928=EDGE_CURVE('',#754,#748,#344,.T.);
#929=EDGE_CURVE('',#745,#753,#345,.T.);
#930=EDGE_CURVE('',#755,#756,#721,.T.);
#931=EDGE_CURVE('',#756,#757,#346,.T.);
#932=EDGE_CURVE('',#757,#758,#722,.T.);
#933=EDGE_CURVE('',#758,#755,#347,.T.);
#934=EDGE_CURVE('',#757,#738,#348,.T.);
#935=EDGE_CURVE('',#735,#756,#349,.T.);
#936=EDGE_CURVE('',#733,#759,#723,.T.);
#937=EDGE_CURVE('',#759,#760,#350,.T.);
#938=EDGE_CURVE('',#760,#734,#724,.T.);
#939=EDGE_CURVE('',#760,#758,#351,.T.);
#940=EDGE_CURVE('',#755,#759,#352,.T.);
#941=EDGE_CURVE('',#761,#762,#725,.T.);
#942=EDGE_CURVE('',#762,#763,#353,.T.);
#943=EDGE_CURVE('',#763,#764,#726,.T.);
#944=EDGE_CURVE('',#764,#761,#354,.T.);
#945=EDGE_CURVE('',#765,#762,#355,.T.);
#946=EDGE_CURVE('',#766,#765,#356,.T.);
#947=EDGE_CURVE('',#763,#766,#357,.T.);
#948=EDGE_CURVE('',#765,#767,#727,.T.);
#949=EDGE_CURVE('',#767,#768,#358,.T.);
#950=EDGE_CURVE('',#768,#766,#728,.T.);
#951=EDGE_CURVE('',#769,#767,#359,.T.);
#952=EDGE_CURVE('',#769,#770,#360,.T.);
#953=EDGE_CURVE('',#768,#770,#361,.T.);
#954=EDGE_CURVE('',#771,#772,#362,.T.);
#955=EDGE_CURVE('',#773,#771,#363,.T.);
#956=EDGE_CURVE('',#774,#773,#364,.T.);
#957=EDGE_CURVE('',#774,#772,#365,.T.);
#958=EDGE_CURVE('',#772,#775,#366,.T.);
#959=EDGE_CURVE('',#776,#774,#367,.T.);
#960=EDGE_CURVE('',#776,#775,#368,.T.);
#961=EDGE_CURVE('',#775,#777,#369,.T.);
#962=EDGE_CURVE('',#778,#776,#370,.T.);
#963=EDGE_CURVE('',#778,#777,#371,.T.);
#964=EDGE_CURVE('',#777,#771,#372,.T.);
#965=EDGE_CURVE('',#773,#778,#373,.T.);
#966=EDGE_CURVE('',#779,#780,#374,.T.);
#967=EDGE_CURVE('',#781,#779,#375,.T.);
#968=EDGE_CURVE('',#782,#781,#376,.T.);
#969=EDGE_CURVE('',#782,#780,#377,.T.);
#970=EDGE_CURVE('',#780,#783,#33,.T.);
#971=EDGE_CURVE('',#784,#782,#34,.T.);
#972=EDGE_CURVE('',#784,#783,#378,.T.);
#973=EDGE_CURVE('',#783,#785,#379,.T.);
#974=EDGE_CURVE('',#786,#784,#380,.T.);
#975=EDGE_CURVE('',#786,#785,#381,.T.);
#976=EDGE_CURVE('',#785,#787,#35,.T.);
#977=EDGE_CURVE('',#788,#786,#36,.T.);
#978=EDGE_CURVE('',#788,#787,#382,.T.);
#979=EDGE_CURVE('',#787,#789,#383,.T.);
#980=EDGE_CURVE('',#790,#788,#384,.T.);
#981=EDGE_CURVE('',#790,#789,#385,.T.);
#982=EDGE_CURVE('',#789,#791,#386,.T.);
#983=EDGE_CURVE('',#792,#790,#387,.T.);
#984=EDGE_CURVE('',#792,#791,#388,.T.);
#985=EDGE_CURVE('',#791,#793,#37,.T.);
#986=EDGE_CURVE('',#794,#792,#38,.T.);
#987=EDGE_CURVE('',#794,#793,#389,.T.);
#988=EDGE_CURVE('',#793,#795,#390,.T.);
#989=EDGE_CURVE('',#796,#794,#391,.T.);
#990=EDGE_CURVE('',#796,#795,#392,.T.);
#991=EDGE_CURVE('',#795,#797,#39,.T.);
#992=EDGE_CURVE('',#798,#796,#40,.T.);
#993=EDGE_CURVE('',#798,#797,#393,.T.);
#994=EDGE_CURVE('',#797,#799,#394,.T.);
#995=EDGE_CURVE('',#800,#798,#395,.T.);
#996=EDGE_CURVE('',#800,#799,#396,.T.);
#997=EDGE_CURVE('',#799,#801,#397,.T.);
#998=EDGE_CURVE('',#802,#800,#398,.T.);
#999=EDGE_CURVE('',#802,#801,#399,.T.);
#1000=EDGE_CURVE('',#801,#803,#41,.T.);
#1001=EDGE_CURVE('',#804,#802,#42,.T.);
#1002=EDGE_CURVE('',#804,#803,#400,.T.);
#1003=EDGE_CURVE('',#803,#805,#401,.T.);
#1004=EDGE_CURVE('',#806,#804,#402,.T.);
#1005=EDGE_CURVE('',#806,#805,#403,.T.);
#1006=EDGE_CURVE('',#805,#779,#43,.T.);
#1007=EDGE_CURVE('',#781,#806,#44,.T.);
#1008=EDGE_CURVE('',#807,#808,#404,.T.);
#1009=EDGE_CURVE('',#809,#807,#405,.T.);
#1010=EDGE_CURVE('',#810,#809,#406,.T.);
#1011=EDGE_CURVE('',#810,#808,#407,.T.);
#1012=EDGE_CURVE('',#808,#811,#45,.T.);
#1013=EDGE_CURVE('',#812,#810,#46,.T.);
#1014=EDGE_CURVE('',#812,#811,#408,.T.);
#1015=EDGE_CURVE('',#811,#813,#409,.T.);
#1016=EDGE_CURVE('',#814,#812,#410,.T.);
#1017=EDGE_CURVE('',#814,#813,#411,.T.);
#1018=EDGE_CURVE('',#813,#815,#47,.T.);
#1019=EDGE_CURVE('',#816,#814,#48,.T.);
#1020=EDGE_CURVE('',#816,#815,#412,.T.);
#1021=EDGE_CURVE('',#815,#817,#413,.T.);
#1022=EDGE_CURVE('',#818,#816,#414,.T.);
#1023=EDGE_CURVE('',#818,#817,#415,.T.);
#1024=EDGE_CURVE('',#817,#819,#49,.T.);
#1025=EDGE_CURVE('',#820,#818,#50,.T.);
#1026=EDGE_CURVE('',#820,#819,#416,.T.);
#1027=EDGE_CURVE('',#819,#821,#417,.T.);
#1028=EDGE_CURVE('',#822,#820,#418,.T.);
#1029=EDGE_CURVE('',#822,#821,#419,.T.);
#1030=EDGE_CURVE('',#821,#823,#51,.T.);
#1031=EDGE_CURVE('',#824,#822,#52,.T.);
#1032=EDGE_CURVE('',#824,#823,#420,.T.);
#1033=EDGE_CURVE('',#823,#825,#421,.T.);
#1034=EDGE_CURVE('',#826,#824,#422,.T.);
#1035=EDGE_CURVE('',#826,#825,#423,.T.);
#1036=EDGE_CURVE('',#825,#827,#424,.T.);
#1037=EDGE_CURVE('',#828,#826,#425,.T.);
#1038=EDGE_CURVE('',#828,#827,#426,.T.);
#1039=EDGE_CURVE('',#827,#829,#53,.T.);
#1040=EDGE_CURVE('',#830,#828,#54,.T.);
#1041=EDGE_CURVE('',#830,#829,#427,.T.);
#1042=EDGE_CURVE('',#829,#831,#428,.T.);
#1043=EDGE_CURVE('',#832,#830,#429,.T.);
#1044=EDGE_CURVE('',#832,#831,#430,.T.);
#1045=EDGE_CURVE('',#831,#833,#55,.T.);
#1046=EDGE_CURVE('',#834,#832,#56,.T.);
#1047=EDGE_CURVE('',#834,#833,#431,.T.);
#1048=EDGE_CURVE('',#833,#807,#432,.T.);
#1049=EDGE_CURVE('',#809,#834,#433,.T.);
#1050=EDGE_CURVE('',#835,#836,#434,.T.);
#1051=EDGE_CURVE('',#837,#835,#435,.T.);
#1052=EDGE_CURVE('',#838,#837,#436,.T.);
#1053=EDGE_CURVE('',#838,#836,#437,.T.);
#1054=EDGE_CURVE('',#836,#839,#57,.T.);
#1055=EDGE_CURVE('',#840,#838,#58,.T.);
#1056=EDGE_CURVE('',#840,#839,#438,.T.);
#1057=EDGE_CURVE('',#839,#841,#439,.T.);
#1058=EDGE_CURVE('',#842,#840,#440,.T.);
#1059=EDGE_CURVE('',#842,#841,#441,.T.);
#1060=EDGE_CURVE('',#841,#843,#59,.T.);
#1061=EDGE_CURVE('',#844,#842,#60,.T.);
#1062=EDGE_CURVE('',#844,#843,#442,.T.);
#1063=EDGE_CURVE('',#843,#845,#443,.T.);
#1064=EDGE_CURVE('',#846,#844,#444,.T.);
#1065=EDGE_CURVE('',#846,#845,#445,.T.);
#1066=EDGE_CURVE('',#845,#847,#61,.T.);
#1067=EDGE_CURVE('',#848,#846,#62,.T.);
#1068=EDGE_CURVE('',#848,#847,#446,.T.);
#1069=EDGE_CURVE('',#847,#849,#447,.T.);
#1070=EDGE_CURVE('',#850,#848,#448,.T.);
#1071=EDGE_CURVE('',#850,#849,#449,.T.);
#1072=EDGE_CURVE('',#849,#835,#63,.T.);
#1073=EDGE_CURVE('',#837,#850,#64,.T.);
#1074=EDGE_CURVE('',#851,#852,#450,.T.);
#1075=EDGE_CURVE('',#853,#851,#451,.T.);
#1076=EDGE_CURVE('',#854,#853,#452,.T.);
#1077=EDGE_CURVE('',#854,#852,#453,.T.);
#1078=EDGE_CURVE('',#852,#855,#454,.T.);
#1079=EDGE_CURVE('',#856,#854,#455,.T.);
#1080=EDGE_CURVE('',#856,#855,#456,.T.);
#1081=EDGE_CURVE('',#855,#857,#457,.T.);
#1082=EDGE_CURVE('',#858,#856,#458,.T.);
#1083=EDGE_CURVE('',#858,#857,#459,.T.);
#1084=EDGE_CURVE('',#857,#859,#460,.T.);
#1085=EDGE_CURVE('',#860,#858,#461,.T.);
#1086=EDGE_CURVE('',#860,#859,#462,.T.);
#1087=EDGE_CURVE('',#859,#764,#463,.T.);
#1088=EDGE_CURVE('',#761,#860,#464,.T.);
#1089=EDGE_CURVE('',#770,#851,#465,.T.);
#1090=EDGE_CURVE('',#853,#769,#466,.T.);
#1091=EDGE_CURVE('',#861,#862,#467,.T.);
#1092=EDGE_CURVE('',#863,#861,#468,.T.);
#1093=EDGE_CURVE('',#864,#863,#469,.T.);
#1094=EDGE_CURVE('',#862,#864,#470,.T.);
#1095=EDGE_CURVE('',#862,#865,#471,.T.);
#1096=EDGE_CURVE('',#866,#864,#472,.T.);
#1097=EDGE_CURVE('',#865,#866,#473,.T.);
#1098=EDGE_CURVE('',#865,#867,#474,.T.);
#1099=EDGE_CURVE('',#868,#866,#475,.T.);
#1100=EDGE_CURVE('',#867,#868,#476,.T.);
#1101=EDGE_CURVE('',#867,#869,#477,.T.);
#1102=EDGE_CURVE('',#870,#868,#478,.T.);
#1103=EDGE_CURVE('',#869,#870,#479,.T.);
#1104=EDGE_CURVE('',#871,#869,#480,.T.);
#1105=EDGE_CURVE('',#872,#870,#481,.T.);
#1106=EDGE_CURVE('',#871,#872,#482,.T.);
#1107=EDGE_CURVE('',#873,#874,#483,.T.);
#1108=EDGE_CURVE('',#872,#873,#484,.T.);
#1109=EDGE_CURVE('',#874,#863,#485,.T.);
#1110=EDGE_CURVE('',#873,#875,#486,.T.);
#1111=EDGE_CURVE('',#876,#875,#487,.T.);
#1112=EDGE_CURVE('',#877,#876,#488,.T.);
#1113=EDGE_CURVE('',#877,#878,#489,.T.);
#1114=EDGE_CURVE('',#878,#879,#490,.T.);
#1115=EDGE_CURVE('',#879,#871,#491,.T.);
#1116=EDGE_CURVE('',#880,#881,#492,.T.);
#1117=EDGE_CURVE('',#880,#882,#493,.T.);
#1118=EDGE_CURVE('',#883,#882,#494,.T.);
#1119=EDGE_CURVE('',#881,#883,#495,.T.);
#1120=EDGE_CURVE('',#881,#884,#496,.T.);
#1121=EDGE_CURVE('',#885,#883,#497,.T.);
#1122=EDGE_CURVE('',#884,#885,#498,.T.);
#1123=EDGE_CURVE('',#886,#879,#499,.T.);
#1124=EDGE_CURVE('',#887,#878,#500,.T.);
#1125=EDGE_CURVE('',#886,#887,#501,.T.);
#1126=EDGE_CURVE('',#886,#888,#502,.T.);
#1127=EDGE_CURVE('',#889,#887,#503,.T.);
#1128=EDGE_CURVE('',#888,#889,#504,.T.);
#1129=EDGE_CURVE('',#888,#880,#505,.T.);
#1130=EDGE_CURVE('',#882,#889,#506,.T.);
#1131=EDGE_CURVE('',#890,#877,#507,.T.);
#1132=EDGE_CURVE('',#885,#890,#508,.T.);
#1133=EDGE_CURVE('',#884,#861,#509,.T.);
#1134=EDGE_CURVE('',#890,#891,#510,.T.);
#1135=EDGE_CURVE('',#892,#891,#511,.T.);
#1136=EDGE_CURVE('',#874,#892,#512,.T.);
#1137=EDGE_CURVE('',#891,#876,#513,.T.);
#1138=EDGE_CURVE('',#875,#892,#514,.T.);
#1139=ORIENTED_EDGE('',*,*,#893,.T.);
#1140=ORIENTED_EDGE('',*,*,#894,.T.);
#1141=ORIENTED_EDGE('',*,*,#895,.T.);
#1142=ORIENTED_EDGE('',*,*,#896,.T.);
#1143=ORIENTED_EDGE('',*,*,#894,.F.);
#1144=ORIENTED_EDGE('',*,*,#897,.F.);
#1145=ORIENTED_EDGE('',*,*,#898,.F.);
#1146=ORIENTED_EDGE('',*,*,#899,.F.);
#1147=ORIENTED_EDGE('',*,*,#900,.T.);
#1148=ORIENTED_EDGE('',*,*,#901,.T.);
#1149=ORIENTED_EDGE('',*,*,#902,.T.);
#1150=ORIENTED_EDGE('',*,*,#903,.T.);
#1151=ORIENTED_EDGE('',*,*,#896,.F.);
#1152=ORIENTED_EDGE('',*,*,#904,.F.);
#1153=ORIENTED_EDGE('',*,*,#901,.F.);
#1154=ORIENTED_EDGE('',*,*,#905,.F.);
#1155=ORIENTED_EDGE('',*,*,#906,.T.);
#1156=ORIENTED_EDGE('',*,*,#907,.T.);
#1157=ORIENTED_EDGE('',*,*,#908,.T.);
#1158=ORIENTED_EDGE('',*,*,#909,.T.);
#1159=ORIENTED_EDGE('',*,*,#907,.F.);
#1160=ORIENTED_EDGE('',*,*,#910,.F.);
#1161=ORIENTED_EDGE('',*,*,#911,.F.);
#1162=ORIENTED_EDGE('',*,*,#912,.F.);
#1163=ORIENTED_EDGE('',*,*,#913,.T.);
#1164=ORIENTED_EDGE('',*,*,#914,.T.);
#1165=ORIENTED_EDGE('',*,*,#915,.T.);
#1166=ORIENTED_EDGE('',*,*,#916,.T.);
#1167=ORIENTED_EDGE('',*,*,#909,.F.);
#1168=ORIENTED_EDGE('',*,*,#917,.F.);
#1169=ORIENTED_EDGE('',*,*,#914,.F.);
#1170=ORIENTED_EDGE('',*,*,#918,.F.);
#1171=ORIENTED_EDGE('',*,*,#919,.T.);
#1172=ORIENTED_EDGE('',*,*,#920,.T.);
#1173=ORIENTED_EDGE('',*,*,#921,.T.);
#1174=ORIENTED_EDGE('',*,*,#911,.T.);
#1175=ORIENTED_EDGE('',*,*,#920,.F.);
#1176=ORIENTED_EDGE('',*,*,#922,.F.);
#1177=ORIENTED_EDGE('',*,*,#923,.F.);
#1178=ORIENTED_EDGE('',*,*,#924,.F.);
#1179=ORIENTED_EDGE('',*,*,#925,.T.);
#1180=ORIENTED_EDGE('',*,*,#926,.T.);
#1181=ORIENTED_EDGE('',*,*,#927,.T.);
#1182=ORIENTED_EDGE('',*,*,#923,.T.);
#1183=ORIENTED_EDGE('',*,*,#916,.F.);
#1184=ORIENTED_EDGE('',*,*,#928,.F.);
#1185=ORIENTED_EDGE('',*,*,#926,.F.);
#1186=ORIENTED_EDGE('',*,*,#929,.F.);
#1187=ORIENTED_EDGE('',*,*,#930,.T.);
#1188=ORIENTED_EDGE('',*,*,#931,.T.);
#1189=ORIENTED_EDGE('',*,*,#932,.T.);
#1190=ORIENTED_EDGE('',*,*,#933,.T.);
#1191=ORIENTED_EDGE('',*,*,#903,.F.);
#1192=ORIENTED_EDGE('',*,*,#934,.F.);
#1193=ORIENTED_EDGE('',*,*,#931,.F.);
#1194=ORIENTED_EDGE('',*,*,#935,.F.);
#1195=ORIENTED_EDGE('',*,*,#936,.T.);
#1196=ORIENTED_EDGE('',*,*,#937,.T.);
#1197=ORIENTED_EDGE('',*,*,#938,.T.);
#1198=ORIENTED_EDGE('',*,*,#898,.T.);
#1199=ORIENTED_EDGE('',*,*,#933,.F.);
#1200=ORIENTED_EDGE('',*,*,#939,.F.);
#1201=ORIENTED_EDGE('',*,*,#937,.F.);
#1202=ORIENTED_EDGE('',*,*,#940,.F.);
#1203=ORIENTED_EDGE('',*,*,#941,.T.);
#1204=ORIENTED_EDGE('',*,*,#942,.T.);
#1205=ORIENTED_EDGE('',*,*,#943,.T.);
#1206=ORIENTED_EDGE('',*,*,#944,.T.);
#1207=ORIENTED_EDGE('',*,*,#942,.F.);
#1208=ORIENTED_EDGE('',*,*,#945,.F.);
#1209=ORIENTED_EDGE('',*,*,#946,.F.);
#1210=ORIENTED_EDGE('',*,*,#947,.F.);
#1211=ORIENTED_EDGE('',*,*,#948,.T.);
#1212=ORIENTED_EDGE('',*,*,#949,.T.);
#1213=ORIENTED_EDGE('',*,*,#950,.T.);
#1214=ORIENTED_EDGE('',*,*,#946,.T.);
#1215=ORIENTED_EDGE('',*,*,#949,.F.);
#1216=ORIENTED_EDGE('',*,*,#951,.F.);
#1217=ORIENTED_EDGE('',*,*,#952,.T.);
#1218=ORIENTED_EDGE('',*,*,#953,.F.);
#1219=ORIENTED_EDGE('',*,*,#954,.F.);
#1220=ORIENTED_EDGE('',*,*,#955,.F.);
#1221=ORIENTED_EDGE('',*,*,#956,.F.);
#1222=ORIENTED_EDGE('',*,*,#957,.T.);
#1223=ORIENTED_EDGE('',*,*,#958,.F.);
#1224=ORIENTED_EDGE('',*,*,#957,.F.);
#1225=ORIENTED_EDGE('',*,*,#959,.F.);
#1226=ORIENTED_EDGE('',*,*,#960,.T.);
#1227=ORIENTED_EDGE('',*,*,#961,.F.);
#1228=ORIENTED_EDGE('',*,*,#960,.F.);
#1229=ORIENTED_EDGE('',*,*,#962,.F.);
#1230=ORIENTED_EDGE('',*,*,#963,.T.);
#1231=ORIENTED_EDGE('',*,*,#964,.F.);
#1232=ORIENTED_EDGE('',*,*,#963,.F.);
#1233=ORIENTED_EDGE('',*,*,#965,.F.);
#1234=ORIENTED_EDGE('',*,*,#955,.T.);
#1235=ORIENTED_EDGE('',*,*,#966,.F.);
#1236=ORIENTED_EDGE('',*,*,#967,.F.);
#1237=ORIENTED_EDGE('',*,*,#968,.F.);
#1238=ORIENTED_EDGE('',*,*,#969,.T.);
#1239=ORIENTED_EDGE('',*,*,#970,.F.);
#1240=ORIENTED_EDGE('',*,*,#969,.F.);
#1241=ORIENTED_EDGE('',*,*,#971,.F.);
#1242=ORIENTED_EDGE('',*,*,#972,.T.);
#1243=ORIENTED_EDGE('',*,*,#973,.F.);
#1244=ORIENTED_EDGE('',*,*,#972,.F.);
#1245=ORIENTED_EDGE('',*,*,#974,.F.);
#1246=ORIENTED_EDGE('',*,*,#975,.T.);
#1247=ORIENTED_EDGE('',*,*,#976,.F.);
#1248=ORIENTED_EDGE('',*,*,#975,.F.);
#1249=ORIENTED_EDGE('',*,*,#977,.F.);
#1250=ORIENTED_EDGE('',*,*,#978,.T.);
#1251=ORIENTED_EDGE('',*,*,#979,.F.);
#1252=ORIENTED_EDGE('',*,*,#978,.F.);
#1253=ORIENTED_EDGE('',*,*,#980,.F.);
#1254=ORIENTED_EDGE('',*,*,#981,.T.);
#1255=ORIENTED_EDGE('',*,*,#982,.F.);
#1256=ORIENTED_EDGE('',*,*,#981,.F.);
#1257=ORIENTED_EDGE('',*,*,#983,.F.);
#1258=ORIENTED_EDGE('',*,*,#984,.T.);
#1259=ORIENTED_EDGE('',*,*,#985,.F.);
#1260=ORIENTED_EDGE('',*,*,#984,.F.);
#1261=ORIENTED_EDGE('',*,*,#986,.F.);
#1262=ORIENTED_EDGE('',*,*,#987,.T.);
#1263=ORIENTED_EDGE('',*,*,#988,.F.);
#1264=ORIENTED_EDGE('',*,*,#987,.F.);
#1265=ORIENTED_EDGE('',*,*,#989,.F.);
#1266=ORIENTED_EDGE('',*,*,#990,.T.);
#1267=ORIENTED_EDGE('',*,*,#991,.F.);
#1268=ORIENTED_EDGE('',*,*,#990,.F.);
#1269=ORIENTED_EDGE('',*,*,#992,.F.);
#1270=ORIENTED_EDGE('',*,*,#993,.T.);
#1271=ORIENTED_EDGE('',*,*,#994,.F.);
#1272=ORIENTED_EDGE('',*,*,#993,.F.);
#1273=ORIENTED_EDGE('',*,*,#995,.F.);
#1274=ORIENTED_EDGE('',*,*,#996,.T.);
#1275=ORIENTED_EDGE('',*,*,#997,.F.);
#1276=ORIENTED_EDGE('',*,*,#996,.F.);
#1277=ORIENTED_EDGE('',*,*,#998,.F.);
#1278=ORIENTED_EDGE('',*,*,#999,.T.);
#1279=ORIENTED_EDGE('',*,*,#1000,.F.);
#1280=ORIENTED_EDGE('',*,*,#999,.F.);
#1281=ORIENTED_EDGE('',*,*,#1001,.F.);
#1282=ORIENTED_EDGE('',*,*,#1002,.T.);
#1283=ORIENTED_EDGE('',*,*,#1003,.F.);
#1284=ORIENTED_EDGE('',*,*,#1002,.F.);
#1285=ORIENTED_EDGE('',*,*,#1004,.F.);
#1286=ORIENTED_EDGE('',*,*,#1005,.T.);
#1287=ORIENTED_EDGE('',*,*,#1006,.F.);
#1288=ORIENTED_EDGE('',*,*,#1005,.F.);
#1289=ORIENTED_EDGE('',*,*,#1007,.F.);
#1290=ORIENTED_EDGE('',*,*,#967,.T.);
#1291=ORIENTED_EDGE('',*,*,#1008,.F.);
#1292=ORIENTED_EDGE('',*,*,#1009,.F.);
#1293=ORIENTED_EDGE('',*,*,#1010,.F.);
#1294=ORIENTED_EDGE('',*,*,#1011,.T.);
#1295=ORIENTED_EDGE('',*,*,#1012,.F.);
#1296=ORIENTED_EDGE('',*,*,#1011,.F.);
#1297=ORIENTED_EDGE('',*,*,#1013,.F.);
#1298=ORIENTED_EDGE('',*,*,#1014,.T.);
#1299=ORIENTED_EDGE('',*,*,#1015,.F.);
#1300=ORIENTED_EDGE('',*,*,#1014,.F.);
#1301=ORIENTED_EDGE('',*,*,#1016,.F.);
#1302=ORIENTED_EDGE('',*,*,#1017,.T.);
#1303=ORIENTED_EDGE('',*,*,#1018,.F.);
#1304=ORIENTED_EDGE('',*,*,#1017,.F.);
#1305=ORIENTED_EDGE('',*,*,#1019,.F.);
#1306=ORIENTED_EDGE('',*,*,#1020,.T.);
#1307=ORIENTED_EDGE('',*,*,#1021,.F.);
#1308=ORIENTED_EDGE('',*,*,#1020,.F.);
#1309=ORIENTED_EDGE('',*,*,#1022,.F.);
#1310=ORIENTED_EDGE('',*,*,#1023,.T.);
#1311=ORIENTED_EDGE('',*,*,#1024,.F.);
#1312=ORIENTED_EDGE('',*,*,#1023,.F.);
#1313=ORIENTED_EDGE('',*,*,#1025,.F.);
#1314=ORIENTED_EDGE('',*,*,#1026,.T.);
#1315=ORIENTED_EDGE('',*,*,#1027,.F.);
#1316=ORIENTED_EDGE('',*,*,#1026,.F.);
#1317=ORIENTED_EDGE('',*,*,#1028,.F.);
#1318=ORIENTED_EDGE('',*,*,#1029,.T.);
#1319=ORIENTED_EDGE('',*,*,#1030,.F.);
#1320=ORIENTED_EDGE('',*,*,#1029,.F.);
#1321=ORIENTED_EDGE('',*,*,#1031,.F.);
#1322=ORIENTED_EDGE('',*,*,#1032,.T.);
#1323=ORIENTED_EDGE('',*,*,#1033,.F.);
#1324=ORIENTED_EDGE('',*,*,#1032,.F.);
#1325=ORIENTED_EDGE('',*,*,#1034,.F.);
#1326=ORIENTED_EDGE('',*,*,#1035,.T.);
#1327=ORIENTED_EDGE('',*,*,#1036,.F.);
#1328=ORIENTED_EDGE('',*,*,#1035,.F.);
#1329=ORIENTED_EDGE('',*,*,#1037,.F.);
#1330=ORIENTED_EDGE('',*,*,#1038,.T.);
#1331=ORIENTED_EDGE('',*,*,#1039,.F.);
#1332=ORIENTED_EDGE('',*,*,#1038,.F.);
#1333=ORIENTED_EDGE('',*,*,#1040,.F.);
#1334=ORIENTED_EDGE('',*,*,#1041,.T.);
#1335=ORIENTED_EDGE('',*,*,#1042,.F.);
#1336=ORIENTED_EDGE('',*,*,#1041,.F.);
#1337=ORIENTED_EDGE('',*,*,#1043,.F.);
#1338=ORIENTED_EDGE('',*,*,#1044,.T.);
#1339=ORIENTED_EDGE('',*,*,#1045,.F.);
#1340=ORIENTED_EDGE('',*,*,#1044,.F.);
#1341=ORIENTED_EDGE('',*,*,#1046,.F.);
#1342=ORIENTED_EDGE('',*,*,#1047,.T.);
#1343=ORIENTED_EDGE('',*,*,#1048,.F.);
#1344=ORIENTED_EDGE('',*,*,#1047,.F.);
#1345=ORIENTED_EDGE('',*,*,#1049,.F.);
#1346=ORIENTED_EDGE('',*,*,#1009,.T.);
#1347=ORIENTED_EDGE('',*,*,#1050,.F.);
#1348=ORIENTED_EDGE('',*,*,#1051,.F.);
#1349=ORIENTED_EDGE('',*,*,#1052,.F.);
#1350=ORIENTED_EDGE('',*,*,#1053,.T.);
#1351=ORIENTED_EDGE('',*,*,#1054,.F.);
#1352=ORIENTED_EDGE('',*,*,#1053,.F.);
#1353=ORIENTED_EDGE('',*,*,#1055,.F.);
#1354=ORIENTED_EDGE('',*,*,#1056,.T.);
#1355=ORIENTED_EDGE('',*,*,#1057,.F.);
#1356=ORIENTED_EDGE('',*,*,#1056,.F.);
#1357=ORIENTED_EDGE('',*,*,#1058,.F.);
#1358=ORIENTED_EDGE('',*,*,#1059,.T.);
#1359=ORIENTED_EDGE('',*,*,#1060,.F.);
#1360=ORIENTED_EDGE('',*,*,#1059,.F.);
#1361=ORIENTED_EDGE('',*,*,#1061,.F.);
#1362=ORIENTED_EDGE('',*,*,#1062,.T.);
#1363=ORIENTED_EDGE('',*,*,#1063,.F.);
#1364=ORIENTED_EDGE('',*,*,#1062,.F.);
#1365=ORIENTED_EDGE('',*,*,#1064,.F.);
#1366=ORIENTED_EDGE('',*,*,#1065,.T.);
#1367=ORIENTED_EDGE('',*,*,#1066,.F.);
#1368=ORIENTED_EDGE('',*,*,#1065,.F.);
#1369=ORIENTED_EDGE('',*,*,#1067,.F.);
#1370=ORIENTED_EDGE('',*,*,#1068,.T.);
#1371=ORIENTED_EDGE('',*,*,#1069,.F.);
#1372=ORIENTED_EDGE('',*,*,#1068,.F.);
#1373=ORIENTED_EDGE('',*,*,#1070,.F.);
#1374=ORIENTED_EDGE('',*,*,#1071,.T.);
#1375=ORIENTED_EDGE('',*,*,#1072,.F.);
#1376=ORIENTED_EDGE('',*,*,#1071,.F.);
#1377=ORIENTED_EDGE('',*,*,#1073,.F.);
#1378=ORIENTED_EDGE('',*,*,#1051,.T.);
#1379=ORIENTED_EDGE('',*,*,#1074,.F.);
#1380=ORIENTED_EDGE('',*,*,#1075,.F.);
#1381=ORIENTED_EDGE('',*,*,#1076,.F.);
#1382=ORIENTED_EDGE('',*,*,#1077,.T.);
#1383=ORIENTED_EDGE('',*,*,#1078,.F.);
#1384=ORIENTED_EDGE('',*,*,#1077,.F.);
#1385=ORIENTED_EDGE('',*,*,#1079,.F.);
#1386=ORIENTED_EDGE('',*,*,#1080,.T.);
#1387=ORIENTED_EDGE('',*,*,#1081,.F.);
#1388=ORIENTED_EDGE('',*,*,#1080,.F.);
#1389=ORIENTED_EDGE('',*,*,#1082,.F.);
#1390=ORIENTED_EDGE('',*,*,#1083,.T.);
#1391=ORIENTED_EDGE('',*,*,#1084,.F.);
#1392=ORIENTED_EDGE('',*,*,#1083,.F.);
#1393=ORIENTED_EDGE('',*,*,#1085,.F.);
#1394=ORIENTED_EDGE('',*,*,#1086,.T.);
#1395=ORIENTED_EDGE('',*,*,#944,.F.);
#1396=ORIENTED_EDGE('',*,*,#1087,.F.);
#1397=ORIENTED_EDGE('',*,*,#1086,.F.);
#1398=ORIENTED_EDGE('',*,*,#1088,.F.);
#1399=ORIENTED_EDGE('',*,*,#1089,.F.);
#1400=ORIENTED_EDGE('',*,*,#952,.F.);
#1401=ORIENTED_EDGE('',*,*,#1090,.F.);
#1402=ORIENTED_EDGE('',*,*,#1075,.T.);
#1403=ORIENTED_EDGE('',*,*,#1091,.F.);
#1404=ORIENTED_EDGE('',*,*,#1092,.F.);
#1405=ORIENTED_EDGE('',*,*,#1093,.F.);
#1406=ORIENTED_EDGE('',*,*,#1094,.F.);
#1407=ORIENTED_EDGE('',*,*,#1095,.F.);
#1408=ORIENTED_EDGE('',*,*,#1094,.T.);
#1409=ORIENTED_EDGE('',*,*,#1096,.F.);
#1410=ORIENTED_EDGE('',*,*,#1097,.F.);
#1411=ORIENTED_EDGE('',*,*,#1098,.F.);
#1412=ORIENTED_EDGE('',*,*,#1097,.T.);
#1413=ORIENTED_EDGE('',*,*,#1099,.F.);
#1414=ORIENTED_EDGE('',*,*,#1100,.F.);
#1415=ORIENTED_EDGE('',*,*,#1101,.F.);
#1416=ORIENTED_EDGE('',*,*,#1100,.T.);
#1417=ORIENTED_EDGE('',*,*,#1102,.F.);
#1418=ORIENTED_EDGE('',*,*,#1103,.F.);
#1419=ORIENTED_EDGE('',*,*,#1104,.T.);
#1420=ORIENTED_EDGE('',*,*,#1103,.T.);
#1421=ORIENTED_EDGE('',*,*,#1105,.F.);
#1422=ORIENTED_EDGE('',*,*,#1106,.F.);
#1423=ORIENTED_EDGE('',*,*,#1107,.F.);
#1424=ORIENTED_EDGE('',*,*,#1108,.F.);
#1425=ORIENTED_EDGE('',*,*,#1105,.T.);
#1426=ORIENTED_EDGE('',*,*,#1102,.T.);
#1427=ORIENTED_EDGE('',*,*,#1099,.T.);
#1428=ORIENTED_EDGE('',*,*,#1096,.T.);
#1429=ORIENTED_EDGE('',*,*,#1093,.T.);
#1430=ORIENTED_EDGE('',*,*,#1109,.F.);
#1431=ORIENTED_EDGE('',*,*,#1106,.T.);
#1432=ORIENTED_EDGE('',*,*,#1108,.T.);
#1433=ORIENTED_EDGE('',*,*,#1110,.T.);
#1434=ORIENTED_EDGE('',*,*,#1111,.F.);
#1435=ORIENTED_EDGE('',*,*,#1112,.F.);
#1436=ORIENTED_EDGE('',*,*,#1113,.T.);
#1437=ORIENTED_EDGE('',*,*,#1114,.T.);
#1438=ORIENTED_EDGE('',*,*,#1115,.T.);
#1439=ORIENTED_EDGE('',*,*,#1116,.F.);
#1440=ORIENTED_EDGE('',*,*,#1117,.T.);
#1441=ORIENTED_EDGE('',*,*,#1118,.F.);
#1442=ORIENTED_EDGE('',*,*,#1119,.F.);
#1443=ORIENTED_EDGE('',*,*,#1120,.F.);
#1444=ORIENTED_EDGE('',*,*,#1119,.T.);
#1445=ORIENTED_EDGE('',*,*,#1121,.F.);
#1446=ORIENTED_EDGE('',*,*,#1122,.F.);
#1447=ORIENTED_EDGE('',*,*,#1123,.T.);
#1448=ORIENTED_EDGE('',*,*,#1114,.F.);
#1449=ORIENTED_EDGE('',*,*,#1124,.F.);
#1450=ORIENTED_EDGE('',*,*,#1125,.F.);
#1451=ORIENTED_EDGE('',*,*,#1126,.F.);
#1452=ORIENTED_EDGE('',*,*,#1125,.T.);
#1453=ORIENTED_EDGE('',*,*,#1127,.F.);
#1454=ORIENTED_EDGE('',*,*,#1128,.F.);
#1455=ORIENTED_EDGE('',*,*,#1129,.F.);
#1456=ORIENTED_EDGE('',*,*,#1128,.T.);
#1457=ORIENTED_EDGE('',*,*,#1130,.F.);
#1458=ORIENTED_EDGE('',*,*,#1117,.F.);
#1459=ORIENTED_EDGE('',*,*,#1130,.T.);
#1460=ORIENTED_EDGE('',*,*,#1127,.T.);
#1461=ORIENTED_EDGE('',*,*,#1124,.T.);
#1462=ORIENTED_EDGE('',*,*,#1113,.F.);
#1463=ORIENTED_EDGE('',*,*,#1131,.F.);
#1464=ORIENTED_EDGE('',*,*,#1132,.F.);
#1465=ORIENTED_EDGE('',*,*,#1121,.T.);
#1466=ORIENTED_EDGE('',*,*,#1118,.T.);
#1467=ORIENTED_EDGE('',*,*,#1092,.T.);
#1468=ORIENTED_EDGE('',*,*,#1133,.F.);
#1469=ORIENTED_EDGE('',*,*,#1122,.T.);
#1470=ORIENTED_EDGE('',*,*,#1132,.T.);
#1471=ORIENTED_EDGE('',*,*,#1134,.T.);
#1472=ORIENTED_EDGE('',*,*,#1135,.F.);
#1473=ORIENTED_EDGE('',*,*,#1136,.F.);
#1474=ORIENTED_EDGE('',*,*,#1109,.T.);
#1475=ORIENTED_EDGE('',*,*,#1131,.T.);
#1476=ORIENTED_EDGE('',*,*,#1112,.T.);
#1477=ORIENTED_EDGE('',*,*,#1137,.F.);
#1478=ORIENTED_EDGE('',*,*,#1134,.F.);
#1479=ORIENTED_EDGE('',*,*,#1107,.T.);
#1480=ORIENTED_EDGE('',*,*,#1136,.T.);
#1481=ORIENTED_EDGE('',*,*,#1138,.F.);
#1482=ORIENTED_EDGE('',*,*,#1110,.F.);
#1483=ORIENTED_EDGE('',*,*,#1133,.T.);
#1484=ORIENTED_EDGE('',*,*,#1091,.T.);
#1485=ORIENTED_EDGE('',*,*,#1095,.T.);
#1486=ORIENTED_EDGE('',*,*,#1098,.T.);
#1487=ORIENTED_EDGE('',*,*,#1101,.T.);
#1488=ORIENTED_EDGE('',*,*,#1104,.F.);
#1489=ORIENTED_EDGE('',*,*,#1115,.F.);
#1490=ORIENTED_EDGE('',*,*,#1123,.F.);
#1491=ORIENTED_EDGE('',*,*,#1126,.T.);
#1492=ORIENTED_EDGE('',*,*,#1129,.T.);
#1493=ORIENTED_EDGE('',*,*,#1116,.T.);
#1494=ORIENTED_EDGE('',*,*,#1120,.T.);
#1495=ORIENTED_EDGE('',*,*,#961,.T.);
#1496=ORIENTED_EDGE('',*,*,#964,.T.);
#1497=ORIENTED_EDGE('',*,*,#954,.T.);
#1498=ORIENTED_EDGE('',*,*,#958,.T.);
#1499=ORIENTED_EDGE('',*,*,#988,.T.);
#1500=ORIENTED_EDGE('',*,*,#991,.T.);
#1501=ORIENTED_EDGE('',*,*,#994,.T.);
#1502=ORIENTED_EDGE('',*,*,#997,.T.);
#1503=ORIENTED_EDGE('',*,*,#1000,.T.);
#1504=ORIENTED_EDGE('',*,*,#1003,.T.);
#1505=ORIENTED_EDGE('',*,*,#1006,.T.);
#1506=ORIENTED_EDGE('',*,*,#966,.T.);
#1507=ORIENTED_EDGE('',*,*,#970,.T.);
#1508=ORIENTED_EDGE('',*,*,#973,.T.);
#1509=ORIENTED_EDGE('',*,*,#976,.T.);
#1510=ORIENTED_EDGE('',*,*,#979,.T.);
#1511=ORIENTED_EDGE('',*,*,#982,.T.);
#1512=ORIENTED_EDGE('',*,*,#985,.T.);
#1513=ORIENTED_EDGE('',*,*,#1030,.T.);
#1514=ORIENTED_EDGE('',*,*,#1033,.T.);
#1515=ORIENTED_EDGE('',*,*,#1036,.T.);
#1516=ORIENTED_EDGE('',*,*,#1039,.T.);
#1517=ORIENTED_EDGE('',*,*,#1042,.T.);
#1518=ORIENTED_EDGE('',*,*,#1045,.T.);
#1519=ORIENTED_EDGE('',*,*,#1048,.T.);
#1520=ORIENTED_EDGE('',*,*,#1008,.T.);
#1521=ORIENTED_EDGE('',*,*,#1012,.T.);
#1522=ORIENTED_EDGE('',*,*,#1015,.T.);
#1523=ORIENTED_EDGE('',*,*,#1018,.T.);
#1524=ORIENTED_EDGE('',*,*,#1021,.T.);
#1525=ORIENTED_EDGE('',*,*,#1024,.T.);
#1526=ORIENTED_EDGE('',*,*,#1027,.T.);
#1527=ORIENTED_EDGE('',*,*,#904,.T.);
#1528=ORIENTED_EDGE('',*,*,#895,.F.);
#1529=ORIENTED_EDGE('',*,*,#899,.T.);
#1530=ORIENTED_EDGE('',*,*,#938,.F.);
#1531=ORIENTED_EDGE('',*,*,#939,.T.);
#1532=ORIENTED_EDGE('',*,*,#932,.F.);
#1533=ORIENTED_EDGE('',*,*,#934,.T.);
#1534=ORIENTED_EDGE('',*,*,#902,.F.);
#1535=ORIENTED_EDGE('',*,*,#1063,.T.);
#1536=ORIENTED_EDGE('',*,*,#1066,.T.);
#1537=ORIENTED_EDGE('',*,*,#1069,.T.);
#1538=ORIENTED_EDGE('',*,*,#1072,.T.);
#1539=ORIENTED_EDGE('',*,*,#1050,.T.);
#1540=ORIENTED_EDGE('',*,*,#1054,.T.);
#1541=ORIENTED_EDGE('',*,*,#1057,.T.);
#1542=ORIENTED_EDGE('',*,*,#1060,.T.);
#1543=ORIENTED_EDGE('',*,*,#1087,.T.);
#1544=ORIENTED_EDGE('',*,*,#943,.F.);
#1545=ORIENTED_EDGE('',*,*,#947,.T.);
#1546=ORIENTED_EDGE('',*,*,#950,.F.);
#1547=ORIENTED_EDGE('',*,*,#953,.T.);
#1548=ORIENTED_EDGE('',*,*,#1089,.T.);
#1549=ORIENTED_EDGE('',*,*,#1074,.T.);
#1550=ORIENTED_EDGE('',*,*,#1078,.T.);
#1551=ORIENTED_EDGE('',*,*,#1081,.T.);
#1552=ORIENTED_EDGE('',*,*,#1084,.T.);
#1553=ORIENTED_EDGE('',*,*,#912,.T.);
#1554=ORIENTED_EDGE('',*,*,#921,.F.);
#1555=ORIENTED_EDGE('',*,*,#924,.T.);
#1556=ORIENTED_EDGE('',*,*,#927,.F.);
#1557=ORIENTED_EDGE('',*,*,#928,.T.);
#1558=ORIENTED_EDGE('',*,*,#915,.F.);
#1559=ORIENTED_EDGE('',*,*,#917,.T.);
#1560=ORIENTED_EDGE('',*,*,#908,.F.);
#1561=ORIENTED_EDGE('',*,*,#1135,.T.);
#1562=ORIENTED_EDGE('',*,*,#1137,.T.);
#1563=ORIENTED_EDGE('',*,*,#1111,.T.);
#1564=ORIENTED_EDGE('',*,*,#1138,.T.);
#1565=ORIENTED_EDGE('',*,*,#962,.T.);
#1566=ORIENTED_EDGE('',*,*,#959,.T.);
#1567=ORIENTED_EDGE('',*,*,#956,.T.);
#1568=ORIENTED_EDGE('',*,*,#965,.T.);
#1569=ORIENTED_EDGE('',*,*,#974,.T.);
#1570=ORIENTED_EDGE('',*,*,#971,.T.);
#1571=ORIENTED_EDGE('',*,*,#968,.T.);
#1572=ORIENTED_EDGE('',*,*,#1007,.T.);
#1573=ORIENTED_EDGE('',*,*,#1004,.T.);
#1574=ORIENTED_EDGE('',*,*,#1001,.T.);
#1575=ORIENTED_EDGE('',*,*,#998,.T.);
#1576=ORIENTED_EDGE('',*,*,#995,.T.);
#1577=ORIENTED_EDGE('',*,*,#992,.T.);
#1578=ORIENTED_EDGE('',*,*,#989,.T.);
#1579=ORIENTED_EDGE('',*,*,#986,.T.);
#1580=ORIENTED_EDGE('',*,*,#983,.T.);
#1581=ORIENTED_EDGE('',*,*,#980,.T.);
#1582=ORIENTED_EDGE('',*,*,#977,.T.);
#1583=ORIENTED_EDGE('',*,*,#1031,.T.);
#1584=ORIENTED_EDGE('',*,*,#1028,.T.);
#1585=ORIENTED_EDGE('',*,*,#1025,.T.);
#1586=ORIENTED_EDGE('',*,*,#1022,.T.);
#1587=ORIENTED_EDGE('',*,*,#1019,.T.);
#1588=ORIENTED_EDGE('',*,*,#1016,.T.);
#1589=ORIENTED_EDGE('',*,*,#1013,.T.);
#1590=ORIENTED_EDGE('',*,*,#1010,.T.);
#1591=ORIENTED_EDGE('',*,*,#1049,.T.);
#1592=ORIENTED_EDGE('',*,*,#1046,.T.);
#1593=ORIENTED_EDGE('',*,*,#1043,.T.);
#1594=ORIENTED_EDGE('',*,*,#1040,.T.);
#1595=ORIENTED_EDGE('',*,*,#1037,.T.);
#1596=ORIENTED_EDGE('',*,*,#1034,.T.);
#1597=ORIENTED_EDGE('',*,*,#905,.T.);
#1598=ORIENTED_EDGE('',*,*,#900,.F.);
#1599=ORIENTED_EDGE('',*,*,#935,.T.);
#1600=ORIENTED_EDGE('',*,*,#930,.F.);
#1601=ORIENTED_EDGE('',*,*,#940,.T.);
#1602=ORIENTED_EDGE('',*,*,#936,.F.);
#1603=ORIENTED_EDGE('',*,*,#897,.T.);
#1604=ORIENTED_EDGE('',*,*,#893,.F.);
#1605=ORIENTED_EDGE('',*,*,#1064,.T.);
#1606=ORIENTED_EDGE('',*,*,#1061,.T.);
#1607=ORIENTED_EDGE('',*,*,#1058,.T.);
#1608=ORIENTED_EDGE('',*,*,#1055,.T.);
#1609=ORIENTED_EDGE('',*,*,#1052,.T.);
#1610=ORIENTED_EDGE('',*,*,#1073,.T.);
#1611=ORIENTED_EDGE('',*,*,#1070,.T.);
#1612=ORIENTED_EDGE('',*,*,#1067,.T.);
#1613=ORIENTED_EDGE('',*,*,#1088,.T.);
#1614=ORIENTED_EDGE('',*,*,#1085,.T.);
#1615=ORIENTED_EDGE('',*,*,#1082,.T.);
#1616=ORIENTED_EDGE('',*,*,#1079,.T.);
#1617=ORIENTED_EDGE('',*,*,#1076,.T.);
#1618=ORIENTED_EDGE('',*,*,#1090,.T.);
#1619=ORIENTED_EDGE('',*,*,#951,.T.);
#1620=ORIENTED_EDGE('',*,*,#948,.F.);
#1621=ORIENTED_EDGE('',*,*,#945,.T.);
#1622=ORIENTED_EDGE('',*,*,#941,.F.);
#1623=ORIENTED_EDGE('',*,*,#910,.T.);
#1624=ORIENTED_EDGE('',*,*,#906,.F.);
#1625=ORIENTED_EDGE('',*,*,#918,.T.);
#1626=ORIENTED_EDGE('',*,*,#913,.F.);
#1627=ORIENTED_EDGE('',*,*,#929,.T.);
#1628=ORIENTED_EDGE('',*,*,#925,.F.);
#1629=ORIENTED_EDGE('',*,*,#922,.T.);
#1630=ORIENTED_EDGE('',*,*,#919,.F.);
#1631=CYLINDRICAL_SURFACE('',#1740,0.5);
#1632=CYLINDRICAL_SURFACE('',#1744,0.5);
#1633=CYLINDRICAL_SURFACE('',#1748,0.5);
#1634=CYLINDRICAL_SURFACE('',#1752,0.5);
#1635=CYLINDRICAL_SURFACE('',#1756,0.5);
#1636=CYLINDRICAL_SURFACE('',#1760,0.5);
#1637=CYLINDRICAL_SURFACE('',#1764,0.5);
#1638=CYLINDRICAL_SURFACE('',#1768,0.5);
#1639=CYLINDRICAL_SURFACE('',#1772,0.5);
#1640=CYLINDRICAL_SURFACE('',#1776,0.5);
#1641=ADVANCED_FACE('',(#139),#1631,.F.);
#1642=ADVANCED_FACE('',(#140),#81,.F.);
#1643=ADVANCED_FACE('',(#141),#1632,.F.);
#1644=ADVANCED_FACE('',(#142),#82,.F.);
#1645=ADVANCED_FACE('',(#143),#1633,.F.);
#1646=ADVANCED_FACE('',(#144),#83,.F.);
#1647=ADVANCED_FACE('',(#145),#1634,.F.);
#1648=ADVANCED_FACE('',(#146),#84,.F.);
#1649=ADVANCED_FACE('',(#147),#1635,.F.);
#1650=ADVANCED_FACE('',(#148),#85,.F.);
#1651=ADVANCED_FACE('',(#149),#1636,.F.);
#1652=ADVANCED_FACE('',(#150),#86,.F.);
#1653=ADVANCED_FACE('',(#151),#1637,.F.);
#1654=ADVANCED_FACE('',(#152),#87,.F.);
#1655=ADVANCED_FACE('',(#153),#1638,.F.);
#1656=ADVANCED_FACE('',(#154),#88,.F.);
#1657=ADVANCED_FACE('',(#155),#1639,.F.);
#1658=ADVANCED_FACE('',(#156),#89,.F.);
#1659=ADVANCED_FACE('',(#157),#1640,.F.);
#1660=ADVANCED_FACE('',(#158),#90,.F.);
#1661=ADVANCED_FACE('',(#159),#91,.F.);
#1662=ADVANCED_FACE('',(#160),#92,.F.);
#1663=ADVANCED_FACE('',(#161),#93,.F.);
#1664=ADVANCED_FACE('',(#162),#94,.F.);
#1665=ADVANCED_FACE('',(#163),#95,.F.);
#1666=ADVANCED_FACE('',(#164),#65,.F.);
#1667=ADVANCED_FACE('',(#165),#96,.F.);
#1668=ADVANCED_FACE('',(#166),#66,.F.);
#1669=ADVANCED_FACE('',(#167),#97,.F.);
#1670=ADVANCED_FACE('',(#168),#98,.F.);
#1671=ADVANCED_FACE('',(#169),#67,.F.);
#1672=ADVANCED_FACE('',(#170),#99,.F.);
#1673=ADVANCED_FACE('',(#171),#68,.F.);
#1674=ADVANCED_FACE('',(#172),#100,.F.);
#1675=ADVANCED_FACE('',(#173),#101,.F.);
#1676=ADVANCED_FACE('',(#174),#69,.F.);
#1677=ADVANCED_FACE('',(#175),#102,.F.);
#1678=ADVANCED_FACE('',(#176),#70,.F.);
#1679=ADVANCED_FACE('',(#177),#103,.F.);
#1680=ADVANCED_FACE('',(#178),#71,.F.);
#1681=ADVANCED_FACE('',(#179),#104,.F.);
#1682=ADVANCED_FACE('',(#180),#72,.F.);
#1683=ADVANCED_FACE('',(#181),#105,.F.);
#1684=ADVANCED_FACE('',(#182),#73,.F.);
#1685=ADVANCED_FACE('',(#183),#106,.F.);
#1686=ADVANCED_FACE('',(#184),#74,.F.);
#1687=ADVANCED_FACE('',(#185),#107,.F.);
#1688=ADVANCED_FACE('',(#186),#108,.F.);
#1689=ADVANCED_FACE('',(#187),#75,.F.);
#1690=ADVANCED_FACE('',(#188),#109,.F.);
#1691=ADVANCED_FACE('',(#189),#76,.F.);
#1692=ADVANCED_FACE('',(#190),#110,.F.);
#1693=ADVANCED_FACE('',(#191),#111,.F.);
#1694=ADVANCED_FACE('',(#192),#77,.F.);
#1695=ADVANCED_FACE('',(#193),#112,.F.);
#1696=ADVANCED_FACE('',(#194),#78,.F.);
#1697=ADVANCED_FACE('',(#195),#113,.F.);
#1698=ADVANCED_FACE('',(#196),#79,.F.);
#1699=ADVANCED_FACE('',(#197),#114,.F.);
#1700=ADVANCED_FACE('',(#198),#80,.F.);
#1701=ADVANCED_FACE('',(#199),#115,.F.);
#1702=ADVANCED_FACE('',(#200),#116,.F.);
#1703=ADVANCED_FACE('',(#201),#117,.F.);
#1704=ADVANCED_FACE('',(#202),#118,.F.);
#1705=ADVANCED_FACE('',(#203),#119,.F.);
#1706=ADVANCED_FACE('',(#204),#120,.F.);
#1707=ADVANCED_FACE('',(#205),#121,.T.);
#1708=ADVANCED_FACE('',(#206),#122,.T.);
#1709=ADVANCED_FACE('',(#207),#123,.T.);
#1710=ADVANCED_FACE('',(#208),#124,.T.);
#1711=ADVANCED_FACE('',(#209),#125,.T.);
#1712=ADVANCED_FACE('',(#210),#126,.T.);
#1713=ADVANCED_FACE('',(#211),#127,.T.);
#1714=ADVANCED_FACE('',(#212),#128,.T.);
#1715=ADVANCED_FACE('',(#213),#129,.T.);
#1716=ADVANCED_FACE('',(#214),#130,.T.);
#1717=ADVANCED_FACE('',(#215),#131,.T.);
#1718=ADVANCED_FACE('',(#216),#132,.T.);
#1719=ADVANCED_FACE('',(#217),#133,.T.);
#1720=ADVANCED_FACE('',(#218),#134,.T.);
#1721=ADVANCED_FACE('',(#219),#135,.T.);
#1722=ADVANCED_FACE('',(#220),#136,.T.);
#1723=ADVANCED_FACE('',(#221,#19,#20,#21,#22,#23,#24,#25),#137,.T.);
#1724=ADVANCED_FACE('',(#222,#26,#27,#28,#29,#30,#31,#32),#138,.T.);
#1725=CLOSED_SHELL('',(#1641,#1642,#1643,#1644,#1645,#1646,#1647,#1648,
#1649,#1650,#1651,#1652,#1653,#1654,#1655,#1656,#1657,#1658,#1659,#1660,
#1661,#1662,#1663,#1664,#1665,#1666,#1667,#1668,#1669,#1670,#1671,#1672,
#1673,#1674,#1675,#1676,#1677,#1678,#1679,#1680,#1681,#1682,#1683,#1684,
#1685,#1686,#1687,#1688,#1689,#1690,#1691,#1692,#1693,#1694,#1695,#1696,
#1697,#1698,#1699,#1700,#1701,#1702,#1703,#1704,#1705,#1706,#1707,#1708,
#1709,#1710,#1711,#1712,#1713,#1714,#1715,#1716,#1717,#1718,#1719,#1720,
#1721,#1722,#1723,#1724));
#1726=DERIVED_UNIT_ELEMENT(#1728,1.);
#1727=DERIVED_UNIT_ELEMENT(#3018,-3.);
#1728=(
MASS_UNIT()
NAMED_UNIT(*)
SI_UNIT(.KILO.,.GRAM.)
);
#1729=DERIVED_UNIT((#1726,#1727));
#1730=MEASURE_REPRESENTATION_ITEM('density measure',
POSITIVE_RATIO_MEASURE(7850.),#1729);
#1731=PROPERTY_DEFINITION_REPRESENTATION(#1736,#1733);
#1732=PROPERTY_DEFINITION_REPRESENTATION(#1737,#1734);
#1733=REPRESENTATION('material name',(#1735),#3015);
#1734=REPRESENTATION('density',(#1730),#3015);
#1735=DESCRIPTIVE_REPRESENTATION_ITEM('Steel','Steel');
#1736=PROPERTY_DEFINITION('material property','material name',#3030);
#1737=PROPERTY_DEFINITION('material property','density of part',#3030);
#1738=AXIS2_PLACEMENT_3D('',#2205,#1829,#1830);
#1739=AXIS2_PLACEMENT_3D('',#2206,#1831,#1832);
#1740=AXIS2_PLACEMENT_3D('',#2207,#1833,#1834);
#1741=AXIS2_PLACEMENT_3D('',#2210,#1835,#1836);
#1742=AXIS2_PLACEMENT_3D('',#2214,#1838,#1839);
#1743=AXIS2_PLACEMENT_3D('',#2216,#1841,#1842);
#1744=AXIS2_PLACEMENT_3D('',#2222,#1846,#1847);
#1745=AXIS2_PLACEMENT_3D('',#2225,#1848,#1849);
#1746=AXIS2_PLACEMENT_3D('',#2229,#1851,#1852);
#1747=AXIS2_PLACEMENT_3D('',#2231,#1854,#1855);
#1748=AXIS2_PLACEMENT_3D('',#2234,#1858,#1859);
#1749=AXIS2_PLACEMENT_3D('',#2237,#1860,#1861);
#1750=AXIS2_PLACEMENT_3D('',#2241,#1863,#1864);
#1751=AXIS2_PLACEMENT_3D('',#2243,#1866,#1867);
#1752=AXIS2_PLACEMENT_3D('',#2249,#1871,#1872);
#1753=AXIS2_PLACEMENT_3D('',#2252,#1873,#1874);
#1754=AXIS2_PLACEMENT_3D('',#2256,#1876,#1877);
#1755=AXIS2_PLACEMENT_3D('',#2258,#1879,#1880);
#1756=AXIS2_PLACEMENT_3D('',#2261,#1883,#1884);
#1757=AXIS2_PLACEMENT_3D('',#2263,#1885,#1886);
#1758=AXIS2_PLACEMENT_3D('',#2266,#1888,#1889);
#1759=AXIS2_PLACEMENT_3D('',#2267,#1890,#1891);
#1760=AXIS2_PLACEMENT_3D('',#2273,#1895,#1896);
#1761=AXIS2_PLACEMENT_3D('',#2275,#1897,#1898);
#1762=AXIS2_PLACEMENT_3D('',#2278,#1900,#1901);
#1763=AXIS2_PLACEMENT_3D('',#2279,#1902,#1903);
#1764=AXIS2_PLACEMENT_3D('',#2282,#1906,#1907);
#1765=AXIS2_PLACEMENT_3D('',#2285,#1908,#1909);
#1766=AXIS2_PLACEMENT_3D('',#2289,#1911,#1912);
#1767=AXIS2_PLACEMENT_3D('',#2291,#1914,#1915);
#1768=AXIS2_PLACEMENT_3D('',#2294,#1918,#1919);
#1769=AXIS2_PLACEMENT_3D('',#2296,#1920,#1921);
#1770=AXIS2_PLACEMENT_3D('',#2299,#1923,#1924);
#1771=AXIS2_PLACEMENT_3D('',#2300,#1925,#1926);
#1772=AXIS2_PLACEMENT_3D('',#2303,#1929,#1930);
#1773=AXIS2_PLACEMENT_3D('',#2306,#1931,#1932);
#1774=AXIS2_PLACEMENT_3D('',#2310,#1934,#1935);
#1775=AXIS2_PLACEMENT_3D('',#2312,#1937,#1938);
#1776=AXIS2_PLACEMENT_3D('',#2318,#1942,#1943);
#1777=AXIS2_PLACEMENT_3D('',#2320,#1944,#1945);
#1778=AXIS2_PLACEMENT_3D('',#2323,#1947,#1948);
#1779=AXIS2_PLACEMENT_3D('',#2324,#1949,#1950);
#1780=AXIS2_PLACEMENT_3D('',#2330,#1954,#1955);
#1781=AXIS2_PLACEMENT_3D('',#2339,#1960,#1961);
#1782=AXIS2_PLACEMENT_3D('',#2345,#1965,#1966);
#1783=AXIS2_PLACEMENT_3D('',#2351,#1970,#1971);
#1784=AXIS2_PLACEMENT_3D('',#2354,#1974,#1975);
#1785=AXIS2_PLACEMENT_3D('',#2394,#1981,#1982);
#1786=AXIS2_PLACEMENT_3D('',#2419,#1987,#1988);
#1787=AXIS2_PLACEMENT_3D('',#2425,#1992,#1993);
#1788=AXIS2_PLACEMENT_3D('',#2450,#1998,#1999);
#1789=AXIS2_PLACEMENT_3D('',#2475,#2004,#2005);
#1790=AXIS2_PLACEMENT_3D('',#2481,#2009,#2010);
#1791=AXIS2_PLACEMENT_3D('',#2506,#2015,#2016);
#1792=AXIS2_PLACEMENT_3D('',#2540,#2020,#2021);
#1793=AXIS2_PLACEMENT_3D('',#2568,#2027,#2028);
#1794=AXIS2_PLACEMENT_3D('',#2605,#2033,#2034);
#1795=AXIS2_PLACEMENT_3D('',#2642,#2039,#2040);
#1796=AXIS2_PLACEMENT_3D('',#2667,#2045,#2046);
#1797=AXIS2_PLACEMENT_3D('',#2673,#2050,#2051);
#1798=AXIS2_PLACEMENT_3D('',#2698,#2056,#2057);
#1799=AXIS2_PLACEMENT_3D('',#2723,#2062,#2063);
#1800=AXIS2_PLACEMENT_3D('',#2726,#2066,#2067);
#1801=AXIS2_PLACEMENT_3D('',#2771,#2073,#2074);
#1802=AXIS2_PLACEMENT_3D('',#2808,#2079,#2080);
#1803=AXIS2_PLACEMENT_3D('',#2845,#2085,#2086);
#1804=AXIS2_PLACEMENT_3D('',#2879,#2090,#2091);
#1805=AXIS2_PLACEMENT_3D('',#2888,#2096,#2097);
#1806=AXIS2_PLACEMENT_3D('',#2894,#2101,#2102);
#1807=AXIS2_PLACEMENT_3D('',#2900,#2106,#2107);
#1808=AXIS2_PLACEMENT_3D('',#2906,#2111,#2112);
#1809=AXIS2_PLACEMENT_3D('',#2909,#2115,#2116);
#1810=AXIS2_PLACEMENT_3D('',#2912,#2119,#2120);
#1811=AXIS2_PLACEMENT_3D('',#2921,#2125,#2126);
#1812=AXIS2_PLACEMENT_3D('',#2927,#2130,#2131);
#1813=AXIS2_PLACEMENT_3D('',#2933,#2135,#2136);
#1814=AXIS2_PLACEMENT_3D('',#2939,#2140,#2141);
#1815=AXIS2_PLACEMENT_3D('',#2945,#2145,#2146);
#1816=AXIS2_PLACEMENT_3D('',#2951,#2150,#2151);
#1817=AXIS2_PLACEMENT_3D('',#2963,#2158,#2159);
#1818=AXIS2_PLACEMENT_3D('',#2972,#2164,#2165);
#1819=AXIS2_PLACEMENT_3D('',#2978,#2169,#2170);
#1820=AXIS2_PLACEMENT_3D('',#2984,#2174,#2175);
#1821=AXIS2_PLACEMENT_3D('',#2990,#2179,#2180);
#1822=AXIS2_PLACEMENT_3D('',#2993,#2183,#2184);
#1823=AXIS2_PLACEMENT_3D('',#2997,#2187,#2188);
#1824=AXIS2_PLACEMENT_3D('',#3004,#2193,#2194);
#1825=AXIS2_PLACEMENT_3D('',#3006,#2196,#2197);
#1826=AXIS2_PLACEMENT_3D('',#3008,#2199,#2200);
#1827=AXIS2_PLACEMENT_3D('',#3009,#2201,#2202);
#1828=AXIS2_PLACEMENT_3D('',#3010,#2203,#2204);
#1829=DIRECTION('axis',(0.,0.,1.));
#1830=DIRECTION('refdir',(1.,0.,0.));
#1831=DIRECTION('axis',(0.,0.,1.));
#1832=DIRECTION('refdir',(1.,0.,0.));
#1833=DIRECTION('center_axis',(0.,-1.,0.));
#1834=DIRECTION('ref_axis',(0.707106781186543,0.,-0.707106781186552));
#1835=DIRECTION('center_axis',(0.,1.,0.));
#1836=DIRECTION('ref_axis',(0.707106781186543,0.,-0.707106781186552));
#1837=DIRECTION('',(0.,-1.,0.));
#1838=DIRECTION('center_axis',(0.,-1.,0.));
#1839=DIRECTION('ref_axis',(0.707106781186543,0.,-0.707106781186552));
#1840=DIRECTION('',(0.,1.,0.));
#1841=DIRECTION('center_axis',(0.,0.,-1.));
#1842=DIRECTION('ref_axis',(1.,0.,0.));
#1843=DIRECTION('',(1.,0.,0.));
#1844=DIRECTION('',(0.,1.,0.));
#1845=DIRECTION('',(-1.,0.,0.));
#1846=DIRECTION('center_axis',(0.,-1.,0.));
#1847=DIRECTION('ref_axis',(0.707106781186542,0.,0.707106781186553));
#1848=DIRECTION('center_axis',(0.,1.,0.));
#1849=DIRECTION('ref_axis',(0.707106781186542,0.,0.707106781186553));
#1850=DIRECTION('',(0.,-1.,0.));
#1851=DIRECTION('center_axis',(0.,-1.,0.));
#1852=DIRECTION('ref_axis',(0.707106781186542,0.,0.707106781186553));
#1853=DIRECTION('',(0.,1.,0.));
#1854=DIRECTION('center_axis',(1.,0.,0.));
#1855=DIRECTION('ref_axis',(0.,0.,1.));
#1856=DIRECTION('',(0.,0.,-1.));
#1857=DIRECTION('',(0.,0.,1.));
#1858=DIRECTION('center_axis',(0.,-1.,0.));
#1859=DIRECTION('ref_axis',(-0.707106781186543,0.,-0.707106781186553));
#1860=DIRECTION('center_axis',(0.,1.,0.));
#1861=DIRECTION('ref_axis',(-0.707106781186543,0.,-0.707106781186553));
#1862=DIRECTION('',(0.,-1.,0.));
#1863=DIRECTION('center_axis',(0.,-1.,0.));
#1864=DIRECTION('ref_axis',(-0.707106781186543,0.,-0.707106781186553));
#1865=DIRECTION('',(0.,1.,0.));
#1866=DIRECTION('center_axis',(-1.,0.,0.));
#1867=DIRECTION('ref_axis',(0.,0.,-1.));
#1868=DIRECTION('',(0.,0.,-1.));
#1869=DIRECTION('',(0.,1.,0.));
#1870=DIRECTION('',(0.,0.,1.));
#1871=DIRECTION('center_axis',(0.,-1.,0.));
#1872=DIRECTION('ref_axis',(0.707106781186543,0.,-0.707106781186552));
#1873=DIRECTION('center_axis',(0.,1.,0.));
#1874=DIRECTION('ref_axis',(0.707106781186543,0.,-0.707106781186552));
#1875=DIRECTION('',(0.,-1.,0.));
#1876=DIRECTION('center_axis',(0.,-1.,0.));
#1877=DIRECTION('ref_axis',(0.707106781186543,0.,-0.707106781186552));
#1878=DIRECTION('',(0.,1.,0.));
#1879=DIRECTION('center_axis',(0.,0.,-1.));
#1880=DIRECTION('ref_axis',(1.,0.,0.));
#1881=DIRECTION('',(-1.,0.,0.));
#1882=DIRECTION('',(1.,0.,0.));
#1883=DIRECTION('center_axis',(0.,-1.,0.));
#1884=DIRECTION('ref_axis',(-0.707106781186542,0.,0.707106781186553));
#1885=DIRECTION('center_axis',(0.,1.,0.));
#1886=DIRECTION('ref_axis',(-0.707106781186542,0.,0.707106781186553));
#1887=DIRECTION('',(0.,-1.,0.));
#1888=DIRECTION('center_axis',(0.,-1.,0.));
#1889=DIRECTION('ref_axis',(-0.707106781186542,0.,0.707106781186553));
#1890=DIRECTION('center_axis',(0.,0.,1.));
#1891=DIRECTION('ref_axis',(-1.,0.,0.));
#1892=DIRECTION('',(-1.,0.,0.));
#1893=DIRECTION('',(0.,1.,0.));
#1894=DIRECTION('',(1.,0.,0.));
#1895=DIRECTION('center_axis',(0.,-1.,0.));
#1896=DIRECTION('ref_axis',(0.707106781186543,0.,0.707106781186552));
#1897=DIRECTION('center_axis',(0.,1.,0.));
#1898=DIRECTION('ref_axis',(0.707106781186543,0.,0.707106781186552));
#1899=DIRECTION('',(0.,-1.,0.));
#1900=DIRECTION('center_axis',(0.,-1.,0.));
#1901=DIRECTION('ref_axis',(0.707106781186543,0.,0.707106781186552));
#1902=DIRECTION('center_axis',(1.,0.,0.));
#1903=DIRECTION('ref_axis',(0.,0.,1.));
#1904=DIRECTION('',(0.,0.,-1.));
#1905=DIRECTION('',(0.,0.,1.));
#1906=DIRECTION('center_axis',(0.,-1.,0.));
#1907=DIRECTION('ref_axis',(-0.707106781186544,0.,0.707106781186551));
#1908=DIRECTION('center_axis',(0.,1.,0.));
#1909=DIRECTION('ref_axis',(-0.707106781186544,0.,0.707106781186551));
#1910=DIRECTION('',(0.,-1.,0.));
#1911=DIRECTION('center_axis',(0.,-1.,0.));
#1912=DIRECTION('ref_axis',(-0.707106781186544,0.,0.707106781186551));
#1913=DIRECTION('',(0.,1.,0.));
#1914=DIRECTION('center_axis',(0.,0.,1.));
#1915=DIRECTION('ref_axis',(-1.,0.,0.));
#1916=DIRECTION('',(1.,0.,0.));
#1917=DIRECTION('',(-1.,0.,0.));
#1918=DIRECTION('center_axis',(0.,-1.,0.));
#1919=DIRECTION('ref_axis',(-0.707106781186544,0.,-0.707106781186551));
#1920=DIRECTION('center_axis',(0.,1.,0.));
#1921=DIRECTION('ref_axis',(-0.707106781186544,0.,-0.707106781186551));
#1922=DIRECTION('',(0.,-1.,0.));
#1923=DIRECTION('center_axis',(0.,-1.,0.));
#1924=DIRECTION('ref_axis',(-0.707106781186544,0.,-0.707106781186551));
#1925=DIRECTION('center_axis',(-1.,0.,0.));
#1926=DIRECTION('ref_axis',(0.,0.,-1.));
#1927=DIRECTION('',(0.,0.,1.));
#1928=DIRECTION('',(0.,0.,-1.));
#1929=DIRECTION('center_axis',(0.,-1.,0.));
#1930=DIRECTION('ref_axis',(-0.707106781186544,0.,-0.707106781186551));
#1931=DIRECTION('center_axis',(0.,1.,0.));
#1932=DIRECTION('ref_axis',(-0.707106781186544,0.,-0.707106781186551));
#1933=DIRECTION('',(0.,-1.,0.));
#1934=DIRECTION('center_axis',(0.,-1.,0.));
#1935=DIRECTION('ref_axis',(-0.707106781186544,0.,-0.707106781186551));
#1936=DIRECTION('',(0.,1.,0.));
#1937=DIRECTION('center_axis',(-1.,0.,0.));
#1938=DIRECTION('ref_axis',(0.,0.,-1.));
#1939=DIRECTION('',(0.,0.,-1.));
#1940=DIRECTION('',(0.,1.,0.));
#1941=DIRECTION('',(0.,0.,1.));
#1942=DIRECTION('center_axis',(0.,-1.,0.));
#1943=DIRECTION('ref_axis',(-0.707106781186544,0.,0.707106781186551));
#1944=DIRECTION('center_axis',(0.,1.,0.));
#1945=DIRECTION('ref_axis',(-0.707106781186544,0.,0.707106781186551));
#1946=DIRECTION('',(0.,-1.,0.));
#1947=DIRECTION('center_axis',(0.,-1.,0.));
#1948=DIRECTION('ref_axis',(-0.707106781186544,0.,0.707106781186551));
#1949=DIRECTION('center_axis',(0.,0.,1.));
#1950=DIRECTION('ref_axis',(-1.,0.,0.));
#1951=DIRECTION('',(-1.,0.,0.));
#1952=DIRECTION('',(0.,-1.,0.));
#1953=DIRECTION('',(1.,0.,0.));
#1954=DIRECTION('center_axis',(-1.,0.,9.86864910777918E-15));
#1955=DIRECTION('ref_axis',(-9.86864910777918E-15,0.,-1.));
#1956=DIRECTION('',(9.86864910777918E-15,0.,1.));
#1957=DIRECTION('',(0.,-1.,0.));
#1958=DIRECTION('',(-9.86864910777918E-15,0.,-1.));
#1959=DIRECTION('',(0.,-1.,0.));
#1960=DIRECTION('center_axis',(1.01506105108586E-14,0.,1.));
#1961=DIRECTION('ref_axis',(-1.,0.,1.01506105108586E-14));
#1962=DIRECTION('',(1.,0.,-1.01506105108586E-14));
#1963=DIRECTION('',(-1.,0.,1.01506105108586E-14));
#1964=DIRECTION('',(0.,-1.,0.));
#1965=DIRECTION('center_axis',(1.,0.,-1.03620815631681E-14));
#1966=DIRECTION('ref_axis',(1.03620815631681E-14,0.,1.));
#1967=DIRECTION('',(-1.03620815631681E-14,0.,-1.));
#1968=DIRECTION('',(1.03620815631681E-14,0.,1.));
#1969=DIRECTION('',(0.,-1.,0.));
#1970=DIRECTION('center_axis',(-1.07850236677872E-14,0.,-1.));
#1971=DIRECTION('ref_axis',(1.,0.,-1.07850236677872E-14));
#1972=DIRECTION('',(-1.,0.,1.07850236677872E-14));
#1973=DIRECTION('',(1.,0.,-1.07850236677872E-14));
#1974=DIRECTION('center_axis',(-2.99183820286588E-7,0.,0.999999999999955));
#1975=DIRECTION('ref_axis',(-0.999999999999955,0.,-2.99183820286588E-7));
#1976=DIRECTION('',(0.999999999999955,0.,2.99183820286588E-7));
#1977=DIRECTION('',(0.,-1.,0.));
#1978=DIRECTION('',(-0.999999999999955,0.,-2.99183820286588E-7));
#1979=DIRECTION('',(0.,-1.,0.));
#1980=DIRECTION('',(0.,-1.,0.));
#1981=DIRECTION('center_axis',(0.999999999999955,0.,2.99172332381191E-7));
#1982=DIRECTION('ref_axis',(-2.99172332381191E-7,0.,0.999999999999955));
#1983=DIRECTION('',(2.99172332381191E-7,0.,-0.999999999999955));
#1984=DIRECTION('',(-2.99172332381191E-7,0.,0.999999999999955));
#1985=DIRECTION('',(0.,-1.,0.));
#1986=DIRECTION('',(0.,-1.,0.));
#1987=DIRECTION('center_axis',(0.301131082631721,0.,-0.953582755230529));
#1988=DIRECTION('ref_axis',(0.953582755230529,0.,0.301131082631721));
#1989=DIRECTION('',(-0.953582755230529,0.,-0.301131082631721));
#1990=DIRECTION('',(0.953582755230529,0.,0.301131082631721));
#1991=DIRECTION('',(0.,-1.,0.));
#1992=DIRECTION('center_axis',(0.737153938020934,0.,-0.67572484907707));
#1993=DIRECTION('ref_axis',(0.67572484907707,0.,0.737153938020934));
#1994=DIRECTION('',(-0.67572484907707,0.,-0.737153938020934));
#1995=DIRECTION('',(0.67572484907707,0.,0.737153938020934));
#1996=DIRECTION('',(0.,-1.,0.));
#1997=DIRECTION('',(0.,-1.,0.));
#1998=DIRECTION('center_axis',(2.9918617114714E-7,0.,-0.999999999999955));
#1999=DIRECTION('ref_axis',(0.999999999999955,0.,2.9918617114714E-7));
#2000=DIRECTION('',(-0.999999999999955,0.,-2.9918617114714E-7));
#2001=DIRECTION('',(0.999999999999955,0.,2.9918617114714E-7));
#2002=DIRECTION('',(0.,-1.,0.));
#2003=DIRECTION('',(0.,-1.,0.));
#2004=DIRECTION('center_axis',(-0.737154342348183,0.,-0.675724407992799));
#2005=DIRECTION('ref_axis',(0.675724407992799,0.,-0.737154342348183));
#2006=DIRECTION('',(-0.675724407992799,0.,0.737154342348183));
#2007=DIRECTION('',(0.675724407992799,0.,-0.737154342348183));
#2008=DIRECTION('',(0.,-1.,0.));
#2009=DIRECTION('center_axis',(-0.3011316532145,0.,-0.953582575046494));
#2010=DIRECTION('ref_axis',(0.953582575046494,0.,-0.3011316532145));
#2011=DIRECTION('',(-0.953582575046494,0.,0.3011316532145));
#2012=DIRECTION('',(0.953582575046494,0.,-0.3011316532145));
#2013=DIRECTION('',(0.,-1.,0.));
#2014=DIRECTION('',(0.,-1.,0.));
#2015=DIRECTION('center_axis',(-0.999999999999955,0.,-2.99169991016327E-7));
#2016=DIRECTION('ref_axis',(2.99169991016327E-7,0.,-0.999999999999955));
#2017=DIRECTION('',(-2.99169991016327E-7,0.,0.999999999999955));
#2018=DIRECTION('',(2.99169991016327E-7,0.,-0.999999999999955));
#2019=DIRECTION('',(0.,-1.,0.));
#2020=DIRECTION('center_axis',(-0.301131367681842,0.,-0.953582665214749));
#2021=DIRECTION('ref_axis',(0.953582665214749,0.,-0.301131367681842));
#2022=DIRECTION('',(-0.953582665214749,0.,0.301131367681842));
#2023=DIRECTION('',(0.,-1.,0.));
#2024=DIRECTION('',(0.953582665214749,0.,-0.301131367681842));
#2025=DIRECTION('',(0.,-1.,0.));
#2026=DIRECTION('',(0.,-1.,0.));
#2027=DIRECTION('center_axis',(-1.,0.,8.13515458541773E-15));
#2028=DIRECTION('ref_axis',(-8.13515458541773E-15,0.,-1.));
#2029=DIRECTION('',(8.13515458541773E-15,0.,1.));
#2030=DIRECTION('',(-8.13515458541773E-15,0.,-1.));
#2031=DIRECTION('',(0.,-1.,0.));
#2032=DIRECTION('',(0.,-1.,0.));
#2033=DIRECTION('center_axis',(5.46571335200077E-15,0.,1.));
#2034=DIRECTION('ref_axis',(-1.,0.,5.46571335200077E-15));
#2035=DIRECTION('',(1.,0.,-5.46571335200077E-15));
#2036=DIRECTION('',(-1.,0.,5.46571335200077E-15));
#2037=DIRECTION('',(0.,-1.,0.));
#2038=DIRECTION('',(0.,-1.,0.));
#2039=DIRECTION('center_axis',(1.,0.,-4.44891266003698E-15));
#2040=DIRECTION('ref_axis',(4.44891266003698E-15,0.,1.));
#2041=DIRECTION('',(-4.44891266003698E-15,0.,-1.));
#2042=DIRECTION('',(4.44891266003698E-15,0.,1.));
#2043=DIRECTION('',(0.,-1.,0.));
#2044=DIRECTION('',(0.,-1.,0.));
#2045=DIRECTION('center_axis',(0.301131367739427,0.,-0.953582665196564));
#2046=DIRECTION('ref_axis',(0.953582665196564,0.,0.301131367739427));
#2047=DIRECTION('',(-0.953582665196564,0.,-0.301131367739427));
#2048=DIRECTION('',(0.953582665196564,0.,0.301131367739427));
#2049=DIRECTION('',(0.,-1.,0.));
#2050=DIRECTION('center_axis',(0.737154139950218,0.,-0.675724628790645));
#2051=DIRECTION('ref_axis',(0.675724628790645,0.,0.737154139950218));
#2052=DIRECTION('',(-0.675724628790645,0.,-0.737154139950218));
#2053=DIRECTION('',(0.675724628790645,0.,0.737154139950218));
#2054=DIRECTION('',(0.,-1.,0.));
#2055=DIRECTION('',(0.,-1.,0.));
#2056=DIRECTION('center_axis',(-4.69434033911772E-15,0.,-1.));
#2057=DIRECTION('ref_axis',(1.,0.,-4.69434033911772E-15));
#2058=DIRECTION('',(-1.,0.,4.69434033911772E-15));
#2059=DIRECTION('',(1.,0.,-4.69434033911772E-15));
#2060=DIRECTION('',(0.,-1.,0.));
#2061=DIRECTION('',(0.,-1.,0.));
#2062=DIRECTION('center_axis',(-0.737154139959802,0.,-0.67572462878019));
#2063=DIRECTION('ref_axis',(0.67572462878019,0.,-0.737154139959802));
#2064=DIRECTION('',(-0.67572462878019,0.,0.737154139959802));
#2065=DIRECTION('',(0.67572462878019,0.,-0.737154139959802));
#2066=DIRECTION('center_axis',(1.49591912524507E-7,0.,0.999999999999989));
#2067=DIRECTION('ref_axis',(-0.999999999999989,0.,1.49591912524507E-7));
#2068=DIRECTION('',(0.999999999999989,0.,-1.49591912524507E-7));
#2069=DIRECTION('',(0.,-1.,0.));
#2070=DIRECTION('',(-0.999999999999989,0.,1.49591912524507E-7));
#2071=DIRECTION('',(0.,-1.,0.));
#2072=DIRECTION('',(0.,-1.,0.));
#2073=DIRECTION('center_axis',(0.999999999999989,0.,-1.49586169382641E-7));
#2074=DIRECTION('ref_axis',(1.49586169382641E-7,0.,0.999999999999989));
#2075=DIRECTION('',(-1.49586169382641E-7,0.,-0.999999999999989));
#2076=DIRECTION('',(1.49586169382641E-7,0.,0.999999999999989));
#2077=DIRECTION('',(0.,-1.,0.));
#2078=DIRECTION('',(0.,-1.,0.));
#2079=DIRECTION('center_axis',(-1.49591912524476E-7,0.,-0.999999999999989));
#2080=DIRECTION('ref_axis',(0.999999999999989,0.,-1.49591912524476E-7));
#2081=DIRECTION('',(-0.999999999999989,0.,1.49591912524476E-7));
#2082=DIRECTION('',(0.999999999999989,0.,-1.49591912524476E-7));
#2083=DIRECTION('',(0.,-1.,0.));
#2084=DIRECTION('',(0.,-1.,0.));
#2085=DIRECTION('center_axis',(-0.999999999999989,0.,1.49586165681897E-7));
#2086=DIRECTION('ref_axis',(-1.49586165681897E-7,0.,-0.999999999999989));
#2087=DIRECTION('',(1.49586165681897E-7,0.,0.999999999999989));
#2088=DIRECTION('',(-1.49586165681897E-7,0.,-0.999999999999989));
#2089=DIRECTION('',(0.,-1.,0.));
#2090=DIRECTION('center_axis',(0.,0.,1.));
#2091=DIRECTION('ref_axis',(-1.,0.,0.));
#2092=DIRECTION('',(1.,0.,0.));
#2093=DIRECTION('',(0.,-1.,0.));
#2094=DIRECTION('',(-1.,0.,0.));
#2095=DIRECTION('',(0.,-1.,0.));
#2096=DIRECTION('center_axis',(1.,0.,0.));
#2097=DIRECTION('ref_axis',(0.,0.,1.));
#2098=DIRECTION('',(0.,0.,-1.));
#2099=DIRECTION('',(0.,0.,1.));
#2100=DIRECTION('',(0.,-1.,0.));
#2101=DIRECTION('center_axis',(0.,0.,-1.));
#2102=DIRECTION('ref_axis',(1.,0.,0.));
#2103=DIRECTION('',(-1.,0.,0.));
#2104=DIRECTION('',(1.,0.,0.));
#2105=DIRECTION('',(0.,-1.,0.));
#2106=DIRECTION('center_axis',(-1.,0.,0.));
#2107=DIRECTION('ref_axis',(0.,0.,-1.));
#2108=DIRECTION('',(0.,0.,1.));
#2109=DIRECTION('',(0.,0.,-1.));
#2110=DIRECTION('',(0.,-1.,0.));
#2111=DIRECTION('center_axis',(0.,0.,-1.));
#2112=DIRECTION('ref_axis',(1.,0.,0.));
#2113=DIRECTION('',(-1.,0.,0.));
#2114=DIRECTION('',(1.,0.,0.));
#2115=DIRECTION('center_axis',(1.,0.,0.));
#2116=DIRECTION('ref_axis',(0.,0.,1.));
#2117=DIRECTION('',(0.,0.,-1.));
#2118=DIRECTION('',(0.,0.,1.));
#2119=DIRECTION('center_axis',(1.,0.,0.));
#2120=DIRECTION('ref_axis',(0.,0.,-1.));
#2121=DIRECTION('',(0.,0.,1.));
#2122=DIRECTION('',(0.,-1.,0.));
#2123=DIRECTION('',(0.,0.,-1.));
#2124=DIRECTION('',(0.,1.,0.));
#2125=DIRECTION('center_axis',(0.,0.,1.));
#2126=DIRECTION('ref_axis',(1.,0.,0.));
#2127=DIRECTION('',(-1.,0.,0.));
#2128=DIRECTION('',(1.,0.,0.));
#2129=DIRECTION('',(0.,1.,0.));
#2130=DIRECTION('center_axis',(-1.,0.,0.));
#2131=DIRECTION('ref_axis',(0.,0.,1.));
#2132=DIRECTION('',(0.,0.,-1.));
#2133=DIRECTION('',(0.,0.,1.));
#2134=DIRECTION('',(0.,1.,0.));
#2135=DIRECTION('center_axis',(0.,0.,-1.));
#2136=DIRECTION('ref_axis',(-1.,0.,0.));
#2137=DIRECTION('',(1.,0.,0.));
#2138=DIRECTION('',(-1.,0.,0.));
#2139=DIRECTION('',(0.,1.,0.));
#2140=DIRECTION('center_axis',(1.,0.,0.));
#2141=DIRECTION('ref_axis',(0.,0.,-1.));
#2142=DIRECTION('',(0.,0.,-1.));
#2143=DIRECTION('',(0.,0.,-1.));
#2144=DIRECTION('',(0.,1.,0.));
#2145=DIRECTION('center_axis',(0.,1.,0.));
#2146=DIRECTION('ref_axis',(0.,0.,1.));
#2147=DIRECTION('',(0.,0.,1.));
#2148=DIRECTION('',(-1.,0.,0.));
#2149=DIRECTION('',(1.,0.,0.));
#2150=DIRECTION('center_axis',(0.,0.,-1.));
#2151=DIRECTION('ref_axis',(-1.,0.,0.));
#2152=DIRECTION('',(0.,1.,0.));
#2153=DIRECTION('',(-1.,0.,0.));
#2154=DIRECTION('',(0.,1.,0.));
#2155=DIRECTION('',(-1.,0.,0.));
#2156=DIRECTION('',(0.,-1.,0.));
#2157=DIRECTION('',(-1.,0.,0.));
#2158=DIRECTION('center_axis',(0.,0.,1.));
#2159=DIRECTION('ref_axis',(1.,0.,0.));
#2160=DIRECTION('',(-1.,0.,0.));
#2161=DIRECTION('',(0.,1.,0.));
#2162=DIRECTION('',(1.,0.,0.));
#2163=DIRECTION('',(0.,1.,0.));
#2164=DIRECTION('center_axis',(-1.,0.,-2.7755575615629E-16));
#2165=DIRECTION('ref_axis',(-2.7755575615629E-16,0.,1.));
#2166=DIRECTION('',(2.7755575615629E-16,0.,-1.));
#2167=DIRECTION('',(-2.7755575615629E-16,0.,1.));
#2168=DIRECTION('',(0.,1.,0.));
#2169=DIRECTION('center_axis',(-1.,0.,5.55111512312578E-16));
#2170=DIRECTION('ref_axis',(5.55111512312578E-16,0.,1.));
#2171=DIRECTION('',(5.55111512312578E-16,0.,1.));
#2172=DIRECTION('',(5.55111512312578E-16,0.,1.));
#2173=DIRECTION('',(0.,1.,0.));
#2174=DIRECTION('center_axis',(0.,0.,-1.));
#2175=DIRECTION('ref_axis',(-1.,0.,0.));
#2176=DIRECTION('',(1.,0.,0.));
#2177=DIRECTION('',(-1.,0.,0.));
#2178=DIRECTION('',(0.,1.,0.));
#2179=DIRECTION('center_axis',(1.,0.,0.));
#2180=DIRECTION('ref_axis',(0.,0.,-1.));
#2181=DIRECTION('',(0.,0.,1.));
#2182=DIRECTION('',(0.,0.,-1.));
#2183=DIRECTION('center_axis',(0.,1.,0.));
#2184=DIRECTION('ref_axis',(0.,0.,1.));
#2185=DIRECTION('',(0.,0.,-1.));
#2186=DIRECTION('',(1.,0.,0.));
#2187=DIRECTION('center_axis',(0.,0.,1.));
#2188=DIRECTION('ref_axis',(1.,0.,0.));
#2189=DIRECTION('',(-1.,0.,0.));
#2190=DIRECTION('',(0.,1.,0.));
#2191=DIRECTION('',(1.,0.,0.));
#2192=DIRECTION('',(0.,1.,0.));
#2193=DIRECTION('center_axis',(1.,0.,0.));
#2194=DIRECTION('ref_axis',(0.,0.,-1.));
#2195=DIRECTION('',(0.,0.,-1.));
#2196=DIRECTION('center_axis',(-1.,0.,0.));
#2197=DIRECTION('ref_axis',(0.,0.,1.));
#2198=DIRECTION('',(0.,0.,1.));
#2199=DIRECTION('center_axis',(0.,-1.,0.));
#2200=DIRECTION('ref_axis',(1.,0.,0.));
#2201=DIRECTION('center_axis',(0.,1.,0.));
#2202=DIRECTION('ref_axis',(0.,0.,1.));
#2203=DIRECTION('',(0.,0.,1.));
#2204=DIRECTION('',(1.,0.,0.));
#2205=CARTESIAN_POINT('',(0.,0.,0.));
#2206=CARTESIAN_POINT('',(0.,0.,0.));
#2207=CARTESIAN_POINT('Origin',(-4.64999965729977,74.5,96.9499983907));
#2208=CARTESIAN_POINT('',(-4.14999965729977,74.5,96.9499983907));
#2209=CARTESIAN_POINT('',(-4.64999965729977,74.5,96.4499983907));
#2210=CARTESIAN_POINT('Origin',(-4.64999965729977,74.5,96.9499983907));
#2211=CARTESIAN_POINT('',(-4.64999965729977,72.5,96.4499983907));
#2212=CARTESIAN_POINT('',(-4.64999965729977,74.5,96.4499983907));
#2213=CARTESIAN_POINT('',(-4.14999965729977,72.5,96.9499983907));
#2214=CARTESIAN_POINT('Origin',(-4.64999965729977,72.5,96.9499983907));
#2215=CARTESIAN_POINT('',(-4.14999965729977,74.5,96.9499983907));
#2216=CARTESIAN_POINT('Origin',(-20.1499996572998,74.5,96.4499983907));
#2217=CARTESIAN_POINT('',(-19.6499996572998,74.5,96.4499983907));
#2218=CARTESIAN_POINT('',(-12.5749997802211,74.5,96.4499983907));
#2219=CARTESIAN_POINT('',(-19.6499996572998,72.5,96.4499983907));
#2220=CARTESIAN_POINT('',(-19.6499996572998,74.5,96.4499983907));
#2221=CARTESIAN_POINT('',(-12.5749997802211,72.5,96.4499983907));
#2222=CARTESIAN_POINT('Origin',(-4.64999965729977,74.5,110.9499983907));
#2223=CARTESIAN_POINT('',(-4.64999965729977,74.5,111.4499983907));
#2224=CARTESIAN_POINT('',(-4.14999965729977,74.5,110.9499983907));
#2225=CARTESIAN_POINT('Origin',(-4.64999965729977,74.5,110.9499983907));
#2226=CARTESIAN_POINT('',(-4.14999965729977,72.5,110.9499983907));
#2227=CARTESIAN_POINT('',(-4.14999965729977,74.5,110.9499983907));
#2228=CARTESIAN_POINT('',(-4.64999965729977,72.5,111.4499983907));
#2229=CARTESIAN_POINT('Origin',(-4.64999965729977,72.5,110.9499983907));
#2230=CARTESIAN_POINT('',(-4.64999965729977,74.5,111.4499983907));
#2231=CARTESIAN_POINT('Origin',(-4.14999965729977,74.5,96.4499983907));
#2232=CARTESIAN_POINT('',(-4.14999965729977,72.5,81.97499919535));
#2233=CARTESIAN_POINT('',(-4.14999965729977,74.5,81.97499919535));
#2234=CARTESIAN_POINT('Origin',(0.350000342700233,74.5,96.9499983907));
#2235=CARTESIAN_POINT('',(0.350000342700233,74.5,96.4499983907));
#2236=CARTESIAN_POINT('',(-0.149999657299767,74.5,96.9499983907));
#2237=CARTESIAN_POINT('Origin',(0.350000342700233,74.5,96.9499983907));
#2238=CARTESIAN_POINT('',(-0.149999657299767,72.5,96.9499983907));
#2239=CARTESIAN_POINT('',(-0.149999657299767,74.5,96.9499983907));
#2240=CARTESIAN_POINT('',(0.350000342700233,72.5,96.4499983907));
#2241=CARTESIAN_POINT('Origin',(0.350000342700233,72.5,96.9499983907));
#2242=CARTESIAN_POINT('',(0.350000342700233,74.5,96.4499983907));
#2243=CARTESIAN_POINT('Origin',(-0.149999657299767,74.5,111.4499983907));
#2244=CARTESIAN_POINT('',(-0.149999657299767,74.5,110.9499983907));
#2245=CARTESIAN_POINT('',(-0.149999657299767,74.5,89.47499919535));
#2246=CARTESIAN_POINT('',(-0.149999657299767,72.5,110.9499983907));
#2247=CARTESIAN_POINT('',(-0.149999657299767,74.5,110.9499983907));
#2248=CARTESIAN_POINT('',(-0.149999657299767,72.5,89.47499919535));
#2249=CARTESIAN_POINT('Origin',(7.35000034270023,74.5,96.9499983907));
#2250=CARTESIAN_POINT('',(7.85000034270023,74.5,96.9499983907));
#2251=CARTESIAN_POINT('',(7.35000034270023,74.5,96.4499983907));
#2252=CARTESIAN_POINT('Origin',(7.35000034270023,74.5,96.9499983907));
#2253=CARTESIAN_POINT('',(7.35000034270023,72.5,96.4499983907));
#2254=CARTESIAN_POINT('',(7.35000034270023,74.5,96.4499983907));
#2255=CARTESIAN_POINT('',(7.85000034270023,72.5,96.9499983907));
#2256=CARTESIAN_POINT('Origin',(7.35000034270023,72.5,96.9499983907));
#2257=CARTESIAN_POINT('',(7.85000034270023,74.5,96.9499983907));
#2258=CARTESIAN_POINT('Origin',(-0.149999657299767,74.5,96.4499983907));
#2259=CARTESIAN_POINT('',(-2.57499978022112,72.5,96.4499983907));
#2260=CARTESIAN_POINT('',(-2.57499978022112,74.5,96.4499983907));
#2261=CARTESIAN_POINT('Origin',(0.350000342700233,74.5,110.9499983907));
#2262=CARTESIAN_POINT('',(0.350000342700233,74.5,111.4499983907));
#2263=CARTESIAN_POINT('Origin',(0.350000342700233,74.5,110.9499983907));
#2264=CARTESIAN_POINT('',(0.350000342700233,72.5,111.4499983907));
#2265=CARTESIAN_POINT('',(0.350000342700233,74.5,111.4499983907));
#2266=CARTESIAN_POINT('Origin',(0.350000342700233,72.5,110.9499983907));
#2267=CARTESIAN_POINT('Origin',(7.85000034270023,74.5,111.4499983907));
#2268=CARTESIAN_POINT('',(7.35000034270023,74.5,111.4499983907));
#2269=CARTESIAN_POINT('',(1.42500021977888,74.5,111.4499983907));
#2270=CARTESIAN_POINT('',(7.35000034270023,72.5,111.4499983907));
#2271=CARTESIAN_POINT('',(7.35000034270023,74.5,111.4499983907));
#2272=CARTESIAN_POINT('',(1.42500021977888,72.5,111.4499983907));
#2273=CARTESIAN_POINT('Origin',(7.35000034270023,74.5,110.9499983907));
#2274=CARTESIAN_POINT('',(7.85000034270023,74.5,110.9499983907));
#2275=CARTESIAN_POINT('Origin',(7.35000034270023,74.5,110.9499983907));
#2276=CARTESIAN_POINT('',(7.85000034270023,72.5,110.9499983907));
#2277=CARTESIAN_POINT('',(7.85000034270023,74.5,110.9499983907));
#2278=CARTESIAN_POINT('Origin',(7.35000034270023,72.5,110.9499983907));
#2279=CARTESIAN_POINT('Origin',(7.85000034270023,74.5,96.4499983907));
#2280=CARTESIAN_POINT('',(7.85000034270023,72.5,81.97499919535));
#2281=CARTESIAN_POINT('',(7.85000034270023,74.5,81.97499919535));
#2282=CARTESIAN_POINT('Origin',(-19.6499996572998,74.5,110.9499983907));
#2283=CARTESIAN_POINT('',(-20.1499996572998,74.5,110.9499983907));
#2284=CARTESIAN_POINT('',(-19.6499996572998,74.5,111.4499983907));
#2285=CARTESIAN_POINT('Origin',(-19.6499996572998,74.5,110.9499983907));
#2286=CARTESIAN_POINT('',(-19.6499996572998,72.5,111.4499983907));
#2287=CARTESIAN_POINT('',(-19.6499996572998,74.5,111.4499983907));
#2288=CARTESIAN_POINT('',(-20.1499996572998,72.5,110.9499983907));
#2289=CARTESIAN_POINT('Origin',(-19.6499996572998,72.5,110.9499983907));
#2290=CARTESIAN_POINT('',(-20.1499996572998,74.5,110.9499983907));
#2291=CARTESIAN_POINT('Origin',(-4.14999965729977,74.5,111.4499983907));
#2292=CARTESIAN_POINT('',(-4.57499978022112,72.5,111.4499983907));
#2293=CARTESIAN_POINT('',(-4.57499978022112,74.5,111.4499983907));
#2294=CARTESIAN_POINT('Origin',(-19.6499996572998,74.5,96.9499983907));
#2295=CARTESIAN_POINT('',(-20.1499996572998,74.5,96.9499983907));
#2296=CARTESIAN_POINT('Origin',(-19.6499996572998,74.5,96.9499983907));
#2297=CARTESIAN_POINT('',(-20.1499996572998,72.5,96.9499983907));
#2298=CARTESIAN_POINT('',(-20.1499996572998,74.5,96.9499983907));
#2299=CARTESIAN_POINT('Origin',(-19.6499996572998,72.5,96.9499983907));
#2300=CARTESIAN_POINT('Origin',(-20.1499996572998,74.5,111.4499983907));
#2301=CARTESIAN_POINT('',(-20.1499996572998,72.5,89.47499919535));
#2302=CARTESIAN_POINT('',(-20.1499996572998,74.5,89.47499919535));
#2303=CARTESIAN_POINT('Origin',(-19.6499996572998,74.5,79.1499983907));
#2304=CARTESIAN_POINT('',(-19.6499996572998,74.5,78.6499983907));
#2305=CARTESIAN_POINT('',(-20.1499996572998,74.5,79.1499983907));
#2306=CARTESIAN_POINT('Origin',(-19.6499996572998,74.5,79.1499983907));
#2307=CARTESIAN_POINT('',(-20.1499996572998,72.5,79.1499983907));
#2308=CARTESIAN_POINT('',(-20.1499996572998,74.5,79.1499983907));
#2309=CARTESIAN_POINT('',(-19.6499996572998,72.5,78.6499983907));
#2310=CARTESIAN_POINT('Origin',(-19.6499996572998,72.5,79.1499983907));
#2311=CARTESIAN_POINT('',(-19.6499996572998,74.5,78.6499983907));
#2312=CARTESIAN_POINT('Origin',(-20.1499996572998,74.5,93.6499983907));
#2313=CARTESIAN_POINT('',(-20.1499996572998,74.5,93.1499983907));
#2314=CARTESIAN_POINT('',(-20.1499996572998,74.5,80.57499919535));
#2315=CARTESIAN_POINT('',(-20.1499996572998,72.5,93.1499983907));
#2316=CARTESIAN_POINT('',(-20.1499996572998,74.5,93.1499983907));
#2317=CARTESIAN_POINT('',(-20.1499996572998,72.5,80.57499919535));
#2318=CARTESIAN_POINT('Origin',(-19.6499996572998,74.5,93.1499983907));
#2319=CARTESIAN_POINT('',(-19.6499996572998,74.5,93.6499983907));
#2320=CARTESIAN_POINT('Origin',(-19.6499996572998,74.5,93.1499983907));
#2321=CARTESIAN_POINT('',(-19.6499996572998,72.5,93.6499983907));
#2322=CARTESIAN_POINT('',(-19.6499996572998,74.5,93.6499983907));
#2323=CARTESIAN_POINT('Origin',(-19.6499996572998,72.5,93.1499983907));
#2324=CARTESIAN_POINT('Origin',(-4.14999965729977,74.5,93.6499983907));
#2325=CARTESIAN_POINT('',(-4.14999965729977,74.5,93.6499983907));
#2326=CARTESIAN_POINT('',(-4.57499978022112,74.5,93.6499983907));
#2327=CARTESIAN_POINT('',(-4.14999965729977,72.5,93.6499983907));
#2328=CARTESIAN_POINT('',(-4.14999965729977,74.5,93.6499983907));
#2329=CARTESIAN_POINT('',(-4.57499978022112,72.5,93.6499983907));
#2330=CARTESIAN_POINT('Origin',(-20.5499996572999,74.5,75.4499983907001));
#2331=CARTESIAN_POINT('',(-20.5499996573001,72.5,58.9499983907001));
#2332=CARTESIAN_POINT('',(-20.5499996572999,72.5,75.4499983907001));
#2333=CARTESIAN_POINT('',(-20.5499996573,72.5,71.4749991953501));
#2334=CARTESIAN_POINT('',(-20.5499996573001,74.5,58.9499983907001));
#2335=CARTESIAN_POINT('',(-20.5499996573001,74.5,58.9499983907001));
#2336=CARTESIAN_POINT('',(-20.5499996572999,74.5,75.4499983907001));
#2337=CARTESIAN_POINT('',(-20.5499996573,74.5,71.4749991953501));
#2338=CARTESIAN_POINT('',(-20.5499996572999,74.5,75.4499983907001));
#2339=CARTESIAN_POINT('Origin',(-6.54999965729993,74.5,75.4499983907));
#2340=CARTESIAN_POINT('',(-6.54999965729993,72.5,75.4499983907));
#2341=CARTESIAN_POINT('',(-5.77499978022116,72.5,75.4499983907));
#2342=CARTESIAN_POINT('',(-6.54999965729993,74.5,75.4499983907));
#2343=CARTESIAN_POINT('',(-5.77499978022116,74.5,75.4499983907));
#2344=CARTESIAN_POINT('',(-6.54999965729993,74.5,75.4499983907));
#2345=CARTESIAN_POINT('Origin',(-6.54999965730011,74.5,58.9499983907));
#2346=CARTESIAN_POINT('',(-6.54999965730011,72.5,58.9499983907));
#2347=CARTESIAN_POINT('',(-6.54999965730006,72.5,63.22499919535));
#2348=CARTESIAN_POINT('',(-6.54999965730011,74.5,58.9499983907));
#2349=CARTESIAN_POINT('',(-6.54999965730006,74.5,63.22499919535));
#2350=CARTESIAN_POINT('',(-6.54999965730011,74.5,58.9499983907));
#2351=CARTESIAN_POINT('Origin',(-20.5499996573001,74.5,58.9499983907001));
#2352=CARTESIAN_POINT('',(-12.7749997802213,72.5,58.9499983907));
#2353=CARTESIAN_POINT('',(-12.7749997802213,74.5,58.9499983907));
#2354=CARTESIAN_POINT('Origin',(-2.80157451010982,74.5,38.3694133868269));
#2355=CARTESIAN_POINT('',(-15.8015738568134,72.5,38.3694094974374));
#2356=CARTESIAN_POINT('',(-2.80157236098851,72.5,38.3694133868273));
#2357=CARTESIAN_POINT('',(-3.90078284892595,72.5,38.3694130579615));
#2358=CARTESIAN_POINT('',(-15.8015738568134,74.5,38.3694094974374));
#2359=CARTESIAN_POINT('',(-15.8015738568134,74.5,38.3694094974374));
#2360=CARTESIAN_POINT('',(-2.80157236098851,74.5,38.3694133868273));
#2361=CARTESIAN_POINT('',(-3.90078284892595,74.5,38.3694130579615));
#2362=CARTESIAN_POINT('',(-2.80157236098851,74.5,38.3694133868273));
#2363=CARTESIAN_POINT('Ctrl Pts',(-1.50157274991318,74.5,37.0694129979497));
#2364=CARTESIAN_POINT('Ctrl Pts',(-1.50157274991318,70.5,37.0694129979497));
#2365=CARTESIAN_POINT('Ctrl Pts',(-1.50157271005925,74.5,37.2026269485654));
#2366=CARTESIAN_POINT('Ctrl Pts',(-1.50157271005925,70.5,37.2026269485654));
#2367=CARTESIAN_POINT('Ctrl Pts',(-1.52220851234685,74.5,37.335821165047));
#2368=CARTESIAN_POINT('Ctrl Pts',(-1.52220851234685,70.5,37.335821165047));
#2369=CARTESIAN_POINT('Ctrl Pts',(-1.56251869104097,74.5,37.4627898467458));
#2370=CARTESIAN_POINT('Ctrl Pts',(-1.56251869104097,70.5,37.4627898467458));
#2371=CARTESIAN_POINT('Ctrl Pts',(-1.72817994509495,74.5,37.9845883531578));
#2372=CARTESIAN_POINT('Ctrl Pts',(-1.72817994509495,70.5,37.9845883531578));
#2373=CARTESIAN_POINT('Ctrl Pts',(-2.25410790333795,74.5,38.3694132230411));
#2374=CARTESIAN_POINT('Ctrl Pts',(-2.25410790333795,70.5,38.3694132230411));
#2375=CARTESIAN_POINT('Ctrl Pts',(-2.80157236098851,74.5,38.3694133868273));
#2376=CARTESIAN_POINT('Ctrl Pts',(-2.80157236098851,70.5,38.3694133868273));
#2377=CARTESIAN_POINT('',(-1.50157274991318,72.5,37.0694129979497));
#2378=CARTESIAN_POINT('Ctrl Pts',(-2.80157236098851,72.5,38.3694133868273));
#2379=CARTESIAN_POINT('Ctrl Pts',(-2.25410790333795,72.5,38.3694132230411));
#2380=CARTESIAN_POINT('Ctrl Pts',(-1.72817994509495,72.5,37.9845883531578));
#2381=CARTESIAN_POINT('Ctrl Pts',(-1.56251869104097,72.5,37.4627898467458));
#2382=CARTESIAN_POINT('Ctrl Pts',(-1.52220851234685,72.5,37.335821165047));
#2383=CARTESIAN_POINT('Ctrl Pts',(-1.50157271005925,72.5,37.2026269485654));
#2384=CARTESIAN_POINT('Ctrl Pts',(-1.50157274991318,72.5,37.0694129979497));
#2385=CARTESIAN_POINT('',(-1.50157274991318,74.5,37.0694129979497));
#2386=CARTESIAN_POINT('Ctrl Pts',(-1.50157274991318,74.5,37.0694129979497));
#2387=CARTESIAN_POINT('Ctrl Pts',(-1.50157271005925,74.5,37.2026269485654));
#2388=CARTESIAN_POINT('Ctrl Pts',(-1.52220851234685,74.5,37.335821165047));
#2389=CARTESIAN_POINT('Ctrl Pts',(-1.56251869104097,74.5,37.4627898467458));
#2390=CARTESIAN_POINT('Ctrl Pts',(-1.72817994509495,74.5,37.9845883531578));
#2391=CARTESIAN_POINT('Ctrl Pts',(-2.25410790333795,74.5,38.3694132230411));
#2392=CARTESIAN_POINT('Ctrl Pts',(-2.80157236098851,74.5,38.3694133868273));
#2393=CARTESIAN_POINT('',(-1.50157274991318,74.5,37.0694129979497));
#2394=CARTESIAN_POINT('Origin',(-1.50157489903449,74.5,34.8858561794903));
#2395=CARTESIAN_POINT('',(-1.50157340317283,72.5,34.8858566518671));
#2396=CARTESIAN_POINT('',(-1.50157977765938,72.5,51.1929286130597));
#2397=CARTESIAN_POINT('',(-1.50157340317283,74.5,34.8858566518671));
#2398=CARTESIAN_POINT('',(-1.50157977765938,74.5,51.1929286130597));
#2399=CARTESIAN_POINT('',(-1.50157340317283,74.5,34.8858566518671));
#2400=CARTESIAN_POINT('Ctrl Pts',(-2.41010299573577,74.5,33.6461994590554));
#2401=CARTESIAN_POINT('Ctrl Pts',(-2.41010299573577,70.5,33.6461994590554));
#2402=CARTESIAN_POINT('Ctrl Pts',(-1.88741482443952,74.5,33.8112587095915));
#2403=CARTESIAN_POINT('Ctrl Pts',(-1.88741482443952,70.5,33.8112587095915));
#2404=CARTESIAN_POINT('Ctrl Pts',(-1.50157356716472,74.5,34.3377257545457));
#2405=CARTESIAN_POINT('Ctrl Pts',(-1.50157356716472,70.5,34.3377257545457));
#2406=CARTESIAN_POINT('Ctrl Pts',(-1.50157340317283,74.5,34.8858566518671));
#2407=CARTESIAN_POINT('Ctrl Pts',(-1.50157340317283,70.5,34.8858566518671));
#2408=CARTESIAN_POINT('',(-2.41010449159743,72.5,33.6461989866786));
#2409=CARTESIAN_POINT('Ctrl Pts',(-1.50157340317283,72.5,34.8858566518671));
#2410=CARTESIAN_POINT('Ctrl Pts',(-1.50157356716472,72.5,34.3377257545457));
#2411=CARTESIAN_POINT('Ctrl Pts',(-1.88741482443952,72.5,33.8112587095915));
#2412=CARTESIAN_POINT('Ctrl Pts',(-2.41010299573577,72.5,33.6461994590554));
#2413=CARTESIAN_POINT('',(-2.41010449159743,74.5,33.6461989866786));
#2414=CARTESIAN_POINT('Ctrl Pts',(-2.41010299573577,74.5,33.6461994590554));
#2415=CARTESIAN_POINT('Ctrl Pts',(-1.88741482443952,74.5,33.8112587095915));
#2416=CARTESIAN_POINT('Ctrl Pts',(-1.50157356716472,74.5,34.3377257545457));
#2417=CARTESIAN_POINT('Ctrl Pts',(-1.50157340317283,74.5,34.8858566518671));
#2418=CARTESIAN_POINT('',(-2.41010449159743,74.5,33.6461989866786));
#2419=CARTESIAN_POINT('Origin',(-2.8065163101224,74.5,33.5210164375755));
#2420=CARTESIAN_POINT('',(-2.8065163101224,72.5,33.5210164375755));
#2421=CARTESIAN_POINT('',(1.0747848175407,72.5,34.7466892008276));
#2422=CARTESIAN_POINT('',(-2.8065163101224,74.5,33.5210164375755));
#2423=CARTESIAN_POINT('',(1.0747848175407,74.5,34.7466892008276));
#2424=CARTESIAN_POINT('',(-2.8065163101224,74.5,33.5210164375755));
#2425=CARTESIAN_POINT('Origin',(-3.61322195621125,74.5,32.6409744431893));
#2426=CARTESIAN_POINT('',(-3.61322455068197,72.5,32.6409716128592));
#2427=CARTESIAN_POINT('',(4.75204478391585,72.5,41.7667144962636));
#2428=CARTESIAN_POINT('',(-3.61322455068197,74.5,32.6409716128592));
#2429=CARTESIAN_POINT('',(4.75204478391585,74.5,41.7667144962636));
#2430=CARTESIAN_POINT('',(-3.61322455068197,74.5,32.6409716128592));
#2431=CARTESIAN_POINT('Ctrl Pts',(-4.57152246456785,74.5,32.2194139166231));
#2432=CARTESIAN_POINT('Ctrl Pts',(-4.57152246456785,70.5,32.2194139166231));
#2433=CARTESIAN_POINT('Ctrl Pts',(-4.21235453909859,74.5,32.2194145259824));
#2434=CARTESIAN_POINT('Ctrl Pts',(-4.21235453909859,70.5,32.2194145259824));
#2435=CARTESIAN_POINT('Ctrl Pts',(-3.85592324289905,74.5,32.3762095621755));
#2436=CARTESIAN_POINT('Ctrl Pts',(-3.85592324289905,70.5,32.3762095621755));
#2437=CARTESIAN_POINT('Ctrl Pts',(-3.61322455068197,74.5,32.6409716128592));
#2438=CARTESIAN_POINT('Ctrl Pts',(-3.61322455068197,70.5,32.6409716128592));
#2439=CARTESIAN_POINT('',(-4.57152246456954,72.5,32.2194195772827));
#2440=CARTESIAN_POINT('Ctrl Pts',(-3.61322455068197,72.5,32.6409716128592));
#2441=CARTESIAN_POINT('Ctrl Pts',(-3.85592324289905,72.5,32.3762095621755));
#2442=CARTESIAN_POINT('Ctrl Pts',(-4.21235453909859,72.5,32.2194145259824));
#2443=CARTESIAN_POINT('Ctrl Pts',(-4.57152246456785,72.5,32.2194139166231));
#2444=CARTESIAN_POINT('',(-4.57152246456954,74.5,32.2194195772827));
#2445=CARTESIAN_POINT('Ctrl Pts',(-4.57152246456785,74.5,32.2194139166231));
#2446=CARTESIAN_POINT('Ctrl Pts',(-4.21235453909859,74.5,32.2194145259824));
#2447=CARTESIAN_POINT('Ctrl Pts',(-3.85592324289905,74.5,32.3762095621755));
#2448=CARTESIAN_POINT('Ctrl Pts',(-3.61322455068197,74.5,32.6409716128592));
#2449=CARTESIAN_POINT('',(-4.57152246456954,74.5,32.2194195772827));
#2450=CARTESIAN_POINT('Origin',(-14.031623342697,74.5,32.2194167469514));
#2451=CARTESIAN_POINT('',(-14.0316233427196,72.5,32.2194167469518));
#2452=CARTESIAN_POINT('',(-9.51580634518884,72.5,32.2194180980214));
#2453=CARTESIAN_POINT('',(-14.0316233427196,74.5,32.2194167469518));
#2454=CARTESIAN_POINT('',(-9.51580634518884,74.5,32.2194180980214));
#2455=CARTESIAN_POINT('',(-14.0316233427196,74.5,32.2194167469518));
#2456=CARTESIAN_POINT('Ctrl Pts',(-14.9899235988616,74.5,32.6409750165612));
#2457=CARTESIAN_POINT('Ctrl Pts',(-14.9899235988616,70.5,32.6409750165612));
#2458=CARTESIAN_POINT('Ctrl Pts',(-14.7472250650515,74.5,32.3762128206677));
#2459=CARTESIAN_POINT('Ctrl Pts',(-14.7472250650515,70.5,32.3762128206677));
#2460=CARTESIAN_POINT('Ctrl Pts',(-14.3907912681924,74.5,32.2194168544049));
#2461=CARTESIAN_POINT('Ctrl Pts',(-14.3907912681924,70.5,32.2194168544049));
#2462=CARTESIAN_POINT('Ctrl Pts',(-14.0316233427196,74.5,32.2194167469518));
#2463=CARTESIAN_POINT('Ctrl Pts',(-14.0316233427196,70.5,32.2194167469518));
#2464=CARTESIAN_POINT('',(-14.989923598839,72.5,32.6409750165607));
#2465=CARTESIAN_POINT('Ctrl Pts',(-14.0316233427196,72.5,32.2194167469518));
#2466=CARTESIAN_POINT('Ctrl Pts',(-14.3907912681924,72.5,32.2194168544049));
#2467=CARTESIAN_POINT('Ctrl Pts',(-14.7472250650515,72.5,32.3762128206677));
#2468=CARTESIAN_POINT('Ctrl Pts',(-14.9899235988616,72.5,32.6409750165612));
#2469=CARTESIAN_POINT('',(-14.989923598839,74.5,32.6409750165607));
#2470=CARTESIAN_POINT('Ctrl Pts',(-14.9899235988616,74.5,32.6409750165612));
#2471=CARTESIAN_POINT('Ctrl Pts',(-14.7472250650515,74.5,32.3762128206677));
#2472=CARTESIAN_POINT('Ctrl Pts',(-14.3907912681924,74.5,32.2194168544049));
#2473=CARTESIAN_POINT('Ctrl Pts',(-14.0316233427196,74.5,32.2194167469518));
#2474=CARTESIAN_POINT('',(-14.989923598839,74.5,32.6409750165607));
#2475=CARTESIAN_POINT('Origin',(-15.7966313128299,74.5,33.521020323997));
#2476=CARTESIAN_POINT('',(-15.7966313128299,72.5,33.521020323997));
#2477=CARTESIAN_POINT('',(-21.7944304365145,72.5,40.0640778430962));
#2478=CARTESIAN_POINT('',(-15.7966313128299,74.5,33.521020323997));
#2479=CARTESIAN_POINT('',(-21.7944304365145,74.5,40.0640778430962));
#2480=CARTESIAN_POINT('',(-15.7966313128299,74.5,33.521020323997));
#2481=CARTESIAN_POINT('Origin',(-16.1930445523608,74.5,33.6462035826888));
#2482=CARTESIAN_POINT('',(-16.1930445523609,72.5,33.6462035826886));
#2483=CARTESIAN_POINT('',(-15.9646411873992,72.5,33.5740761291357));
#2484=CARTESIAN_POINT('',(-16.1930445523609,74.5,33.6462035826886));
#2485=CARTESIAN_POINT('',(-15.9646411873992,74.5,33.5740761291357));
#2486=CARTESIAN_POINT('',(-16.1930445523609,74.5,33.6462035826886));
#2487=CARTESIAN_POINT('Ctrl Pts',(-17.1015734031575,74.5,34.885861319147));
#2488=CARTESIAN_POINT('Ctrl Pts',(-17.1015734031575,70.5,34.885861319147));
#2489=CARTESIAN_POINT('Ctrl Pts',(-17.1015735671441,74.5,34.3377304218229));
#2490=CARTESIAN_POINT('Ctrl Pts',(-17.1015735671441,70.5,34.3377304218229));
#2491=CARTESIAN_POINT('Ctrl Pts',(-16.7157326248912,74.5,33.8112631459919));
#2492=CARTESIAN_POINT('Ctrl Pts',(-16.7157326248912,70.5,33.8112631459919));
#2493=CARTESIAN_POINT('Ctrl Pts',(-16.1930445523609,74.5,33.6462035826886));
#2494=CARTESIAN_POINT('Ctrl Pts',(-16.1930445523609,70.5,33.6462035826886));
#2495=CARTESIAN_POINT('',(-17.1015735924997,72.5,34.8858615852305));
#2496=CARTESIAN_POINT('Ctrl Pts',(-16.1930445523609,72.5,33.6462035826886));
#2497=CARTESIAN_POINT('Ctrl Pts',(-16.7157326248912,72.5,33.8112631459919));
#2498=CARTESIAN_POINT('Ctrl Pts',(-17.1015735671441,72.5,34.3377304218229));
#2499=CARTESIAN_POINT('Ctrl Pts',(-17.1015734031575,72.5,34.885861319147));
#2500=CARTESIAN_POINT('',(-17.1015735924997,74.5,34.8858615852305));
#2501=CARTESIAN_POINT('Ctrl Pts',(-17.1015734031575,74.5,34.885861319147));
#2502=CARTESIAN_POINT('Ctrl Pts',(-17.1015735671441,74.5,34.3377304218229));
#2503=CARTESIAN_POINT('Ctrl Pts',(-16.7157326248912,74.5,33.8112631459919));
#2504=CARTESIAN_POINT('Ctrl Pts',(-16.1930445523609,74.5,33.6462035826886));
#2505=CARTESIAN_POINT('',(-17.1015735924997,74.5,34.8858615852305));
#2506=CARTESIAN_POINT('Origin',(-17.1015742457529,74.5,37.0694137758122));
#2507=CARTESIAN_POINT('',(-17.101572749903,72.5,37.0694176652023));
#2508=CARTESIAN_POINT('',(-17.1015787977115,72.5,52.2847050776908));
#2509=CARTESIAN_POINT('',(-17.101572749903,74.5,37.0694176652023));
#2510=CARTESIAN_POINT('',(-17.1015787977115,74.5,52.2847050776908));
#2511=CARTESIAN_POINT('',(-17.101572749903,74.5,37.0694176652023));
#2512=CARTESIAN_POINT('Ctrl Pts',(-15.8015738568158,74.5,38.3694172762166));
#2513=CARTESIAN_POINT('Ctrl Pts',(-15.8015738568158,70.5,38.3694172762166));
#2514=CARTESIAN_POINT('Ctrl Pts',(-15.934787807432,74.5,38.3694171627888));
#2515=CARTESIAN_POINT('Ctrl Pts',(-15.934787807432,70.5,38.3694171627888));
#2516=CARTESIAN_POINT('Ctrl Pts',(-16.0679805280634,74.5,38.3487815137885));
#2517=CARTESIAN_POINT('Ctrl Pts',(-16.0679805280634,70.5,38.3487815137885));
#2518=CARTESIAN_POINT('Ctrl Pts',(-16.1949492097641,74.5,38.3084713350994));
#2519=CARTESIAN_POINT('Ctrl Pts',(-16.1949492097641,70.5,38.3084713350994));
#2520=CARTESIAN_POINT('Ctrl Pts',(-16.7167477161845,74.5,38.1428100810662));
#2521=CARTESIAN_POINT('Ctrl Pts',(-16.7167477161845,70.5,38.1428100810662));
#2522=CARTESIAN_POINT('Ctrl Pts',(-17.1015725861105,74.5,37.6168821228507));
#2523=CARTESIAN_POINT('Ctrl Pts',(-17.1015725861105,70.5,37.6168821228507));
#2524=CARTESIAN_POINT('Ctrl Pts',(-17.101572749903,74.5,37.0694176652023));
#2525=CARTESIAN_POINT('Ctrl Pts',(-17.101572749903,70.5,37.0694176652023));
#2526=CARTESIAN_POINT('Ctrl Pts',(-17.101572749903,72.5,37.0694176652023));
#2527=CARTESIAN_POINT('Ctrl Pts',(-17.1015725861105,72.5,37.6168821228507));
#2528=CARTESIAN_POINT('Ctrl Pts',(-16.7167477161845,72.5,38.1428100810662));
#2529=CARTESIAN_POINT('Ctrl Pts',(-16.1949492097641,72.5,38.3084713350994));
#2530=CARTESIAN_POINT('Ctrl Pts',(-16.0679805280634,72.5,38.3487815137885));
#2531=CARTESIAN_POINT('Ctrl Pts',(-15.934787807432,72.5,38.3694171627888));
#2532=CARTESIAN_POINT('Ctrl Pts',(-15.8015738568158,72.5,38.3694172762166));
#2533=CARTESIAN_POINT('Ctrl Pts',(-15.8015738568158,74.5,38.3694172762166));
#2534=CARTESIAN_POINT('Ctrl Pts',(-15.934787807432,74.5,38.3694171627888));
#2535=CARTESIAN_POINT('Ctrl Pts',(-16.0679805280634,74.5,38.3487815137885));
#2536=CARTESIAN_POINT('Ctrl Pts',(-16.1949492097641,74.5,38.3084713350994));
#2537=CARTESIAN_POINT('Ctrl Pts',(-16.7167477161845,74.5,38.1428100810662));
#2538=CARTESIAN_POINT('Ctrl Pts',(-17.1015725861105,74.5,37.6168821228507));
#2539=CARTESIAN_POINT('Ctrl Pts',(-17.101572749903,74.5,37.0694176652023));
#2540=CARTESIAN_POINT('Origin',(-16.1930526582421,74.5,47.1457896134447));
#2541=CARTESIAN_POINT('',(-15.7966393813136,72.5,47.0206064734787));
#2542=CARTESIAN_POINT('',(-16.1930526582422,72.5,47.1457896134445));
#2543=CARTESIAN_POINT('',(-14.0264127804366,72.5,46.4615875474071));
#2544=CARTESIAN_POINT('',(-15.7966393813136,74.5,47.0206064734787));
#2545=CARTESIAN_POINT('',(-15.7966393813136,74.5,47.0206064734787));
#2546=CARTESIAN_POINT('',(-16.1930526582422,74.5,47.1457896134445));
#2547=CARTESIAN_POINT('',(-14.0264127804366,74.5,46.4615875474071));
#2548=CARTESIAN_POINT('',(-16.1930526582422,74.5,47.1457896134445));
#2549=CARTESIAN_POINT('Ctrl Pts',(-17.1015818799999,74.5,48.3854470794244));
#2550=CARTESIAN_POINT('Ctrl Pts',(-17.1015818799999,70.5,48.3854470794244));
#2551=CARTESIAN_POINT('Ctrl Pts',(-17.1015818807993,74.5,47.8373161816085));
#2552=CARTESIAN_POINT('Ctrl Pts',(-17.1015818807993,70.5,47.8373161816085));
#2553=CARTESIAN_POINT('Ctrl Pts',(-16.7157407806836,74.5,47.3108490204142));
#2554=CARTESIAN_POINT('Ctrl Pts',(-16.7157407806836,70.5,47.3108490204142));
#2555=CARTESIAN_POINT('Ctrl Pts',(-16.1930526582422,74.5,47.1457896134445));
#2556=CARTESIAN_POINT('Ctrl Pts',(-16.1930526582422,70.5,47.1457896134445));
#2557=CARTESIAN_POINT('',(-17.1015818799999,72.5,48.3854470794246));
#2558=CARTESIAN_POINT('Ctrl Pts',(-16.1930526582422,72.5,47.1457896134445));
#2559=CARTESIAN_POINT('Ctrl Pts',(-16.7157407806836,72.5,47.3108490204142));
#2560=CARTESIAN_POINT('Ctrl Pts',(-17.1015818807993,72.5,47.8373161816085));
#2561=CARTESIAN_POINT('Ctrl Pts',(-17.1015818799999,72.5,48.3854470794244));
#2562=CARTESIAN_POINT('',(-17.1015818799999,74.5,48.3854470794246));
#2563=CARTESIAN_POINT('Ctrl Pts',(-17.1015818799999,74.5,48.3854470794244));
#2564=CARTESIAN_POINT('Ctrl Pts',(-17.1015818807993,74.5,47.8373161816085));
#2565=CARTESIAN_POINT('Ctrl Pts',(-16.7157407806836,74.5,47.3108490204142));
#2566=CARTESIAN_POINT('Ctrl Pts',(-16.1930526582422,74.5,47.1457896134445));
#2567=CARTESIAN_POINT('',(-17.1015818799999,74.5,48.3854470794246));
#2568=CARTESIAN_POINT('Origin',(-17.1015818799999,74.5,50.5690034221454));
#2569=CARTESIAN_POINT('',(-17.1015818799999,72.5,50.5690034221454));
#2570=CARTESIAN_POINT('',(-17.1015818799998,72.5,59.0345017110727));
#2571=CARTESIAN_POINT('',(-17.1015818799999,74.5,50.5690034221454));
#2572=CARTESIAN_POINT('',(-17.1015818799998,74.5,59.0345017110727));
#2573=CARTESIAN_POINT('',(-17.1015818799999,74.5,50.5690034221454));
#2574=CARTESIAN_POINT('Ctrl Pts',(-15.8015818799999,74.5,51.8690034215011));
#2575=CARTESIAN_POINT('Ctrl Pts',(-15.8015818799999,70.5,51.8690034215011));
#2576=CARTESIAN_POINT('Ctrl Pts',(-15.9347958305575,74.5,51.8690034215011));
#2577=CARTESIAN_POINT('Ctrl Pts',(-15.9347958305575,70.5,51.8690034215011));
#2578=CARTESIAN_POINT('Ctrl Pts',(-16.0679900408077,74.5,51.8483675793958));
#2579=CARTESIAN_POINT('Ctrl Pts',(-16.0679900408077,70.5,51.8483675793958));
#2580=CARTESIAN_POINT('Ctrl Pts',(-16.1949587104025,74.5,51.8080573627713));
#2581=CARTESIAN_POINT('Ctrl Pts',(-16.1949587104025,70.5,51.8080573627713));
#2582=CARTESIAN_POINT('Ctrl Pts',(-16.7167571672245,74.5,51.6423959527875));
#2583=CARTESIAN_POINT('Ctrl Pts',(-16.7167571672245,70.5,51.6423959527875));
#2584=CARTESIAN_POINT('Ctrl Pts',(-17.1015818799999,74.5,51.1164678796855));
#2585=CARTESIAN_POINT('Ctrl Pts',(-17.1015818799999,70.5,51.1164678796855));
#2586=CARTESIAN_POINT('Ctrl Pts',(-17.1015818799999,74.5,50.5690034221454));
#2587=CARTESIAN_POINT('Ctrl Pts',(-17.1015818799999,70.5,50.5690034221454));
#2588=CARTESIAN_POINT('',(-15.8015818799999,72.5,51.8690034215011));
#2589=CARTESIAN_POINT('Ctrl Pts',(-17.1015818799999,72.5,50.5690034221454));
#2590=CARTESIAN_POINT('Ctrl Pts',(-17.1015818799999,72.5,51.1164678796855));
#2591=CARTESIAN_POINT('Ctrl Pts',(-16.7167571672245,72.5,51.6423959527875));
#2592=CARTESIAN_POINT('Ctrl Pts',(-16.1949587104025,72.5,51.8080573627713));
#2593=CARTESIAN_POINT('Ctrl Pts',(-16.0679900408077,72.5,51.8483675793958));
#2594=CARTESIAN_POINT('Ctrl Pts',(-15.9347958305575,72.5,51.8690034215011));
#2595=CARTESIAN_POINT('Ctrl Pts',(-15.8015818799999,72.5,51.8690034215011));
#2596=CARTESIAN_POINT('',(-15.8015818799999,74.5,51.8690034215011));
#2597=CARTESIAN_POINT('Ctrl Pts',(-15.8015818799999,74.5,51.8690034215011));
#2598=CARTESIAN_POINT('Ctrl Pts',(-15.9347958305575,74.5,51.8690034215011));
#2599=CARTESIAN_POINT('Ctrl Pts',(-16.0679900408077,74.5,51.8483675793958));
#2600=CARTESIAN_POINT('Ctrl Pts',(-16.1949587104025,74.5,51.8080573627713));
#2601=CARTESIAN_POINT('Ctrl Pts',(-16.7167571672245,74.5,51.6423959527875));
#2602=CARTESIAN_POINT('Ctrl Pts',(-17.1015818799999,74.5,51.1164678796855));
#2603=CARTESIAN_POINT('Ctrl Pts',(-17.1015818799999,74.5,50.5690034221454));
#2604=CARTESIAN_POINT('',(-15.8015818799999,74.5,51.8690034215011));
#2605=CARTESIAN_POINT('Origin',(-2.80158187999991,74.5,51.869003421501));
#2606=CARTESIAN_POINT('',(-2.80158187999991,72.5,51.869003421501));
#2607=CARTESIAN_POINT('',(-3.90079089157123,72.5,51.869003421501));
#2608=CARTESIAN_POINT('',(-2.80158187999991,74.5,51.869003421501));
#2609=CARTESIAN_POINT('',(-3.90079089157123,74.5,51.869003421501));
#2610=CARTESIAN_POINT('',(-2.80158187999991,74.5,51.869003421501));
#2611=CARTESIAN_POINT('Ctrl Pts',(-1.50158187999992,74.5,50.5690034221453));
#2612=CARTESIAN_POINT('Ctrl Pts',(-1.50158187999992,70.5,50.5690034221453));
#2613=CARTESIAN_POINT('Ctrl Pts',(-1.50158187999992,74.5,50.7022173726956));
#2614=CARTESIAN_POINT('Ctrl Pts',(-1.50158187999992,70.5,50.7022173726956));
#2615=CARTESIAN_POINT('Ctrl Pts',(-1.52221772213472,74.5,50.8354115829379));
#2616=CARTESIAN_POINT('Ctrl Pts',(-1.52221772213472,70.5,50.8354115829379));
#2617=CARTESIAN_POINT('Ctrl Pts',(-1.56252793880987,74.5,50.9623802525103));
#2618=CARTESIAN_POINT('Ctrl Pts',(-1.56252793880987,70.5,50.9623802525103));
#2619=CARTESIAN_POINT('Ctrl Pts',(-1.72818934900172,74.5,51.4841787092405));
#2620=CARTESIAN_POINT('Ctrl Pts',(-1.72818934900172,70.5,51.4841787092405));
#2621=CARTESIAN_POINT('Ctrl Pts',(-2.25411742242967,74.5,51.869003421501));
#2622=CARTESIAN_POINT('Ctrl Pts',(-2.25411742242967,70.5,51.869003421501));
#2623=CARTESIAN_POINT('Ctrl Pts',(-2.80158187999991,74.5,51.869003421501));
#2624=CARTESIAN_POINT('Ctrl Pts',(-2.80158187999991,70.5,51.869003421501));
#2625=CARTESIAN_POINT('',(-1.50158187999992,72.5,50.5690034221453));
#2626=CARTESIAN_POINT('Ctrl Pts',(-2.80158187999991,72.5,51.869003421501));
#2627=CARTESIAN_POINT('Ctrl Pts',(-2.25411742242967,72.5,51.869003421501));
#2628=CARTESIAN_POINT('Ctrl Pts',(-1.72818934900172,72.5,51.4841787092405));
#2629=CARTESIAN_POINT('Ctrl Pts',(-1.56252793880987,72.5,50.9623802525103));
#2630=CARTESIAN_POINT('Ctrl Pts',(-1.52221772213472,72.5,50.8354115829379));
#2631=CARTESIAN_POINT('Ctrl Pts',(-1.50158187999992,72.5,50.7022173726956));
#2632=CARTESIAN_POINT('Ctrl Pts',(-1.50158187999992,72.5,50.5690034221453));
#2633=CARTESIAN_POINT('',(-1.50158187999992,74.5,50.5690034221453));
#2634=CARTESIAN_POINT('Ctrl Pts',(-1.50158187999992,74.5,50.5690034221453));
#2635=CARTESIAN_POINT('Ctrl Pts',(-1.50158187999992,74.5,50.7022173726956));
#2636=CARTESIAN_POINT('Ctrl Pts',(-1.52221772213472,74.5,50.8354115829379));
#2637=CARTESIAN_POINT('Ctrl Pts',(-1.56252793880987,74.5,50.9623802525103));
#2638=CARTESIAN_POINT('Ctrl Pts',(-1.72818934900172,74.5,51.4841787092405));
#2639=CARTESIAN_POINT('Ctrl Pts',(-2.25411742242967,74.5,51.869003421501));
#2640=CARTESIAN_POINT('Ctrl Pts',(-2.80158187999991,74.5,51.869003421501));
#2641=CARTESIAN_POINT('',(-1.50158187999992,74.5,50.5690034221453));
#2642=CARTESIAN_POINT('Origin',(-1.50158187999993,74.5,48.3854470775284));
#2643=CARTESIAN_POINT('',(-1.50158187999993,72.5,48.3854470775284));
#2644=CARTESIAN_POINT('',(-1.50158187999988,72.5,57.9427235387642));
#2645=CARTESIAN_POINT('',(-1.50158187999993,74.5,48.3854470775284));
#2646=CARTESIAN_POINT('',(-1.50158187999988,74.5,57.9427235387642));
#2647=CARTESIAN_POINT('',(-1.50158187999993,74.5,48.3854470775284));
#2648=CARTESIAN_POINT('Ctrl Pts',(-2.4101111017507,74.5,47.1457896134466));
#2649=CARTESIAN_POINT('Ctrl Pts',(-2.4101111017507,70.5,47.1457896134466));
#2650=CARTESIAN_POINT('Ctrl Pts',(-1.88742297991517,74.5,47.3108490202282));
#2651=CARTESIAN_POINT('Ctrl Pts',(-1.88742297991517,70.5,47.3108490202282));
#2652=CARTESIAN_POINT('Ctrl Pts',(-1.50158187999993,74.5,47.8373161803469));
#2653=CARTESIAN_POINT('Ctrl Pts',(-1.50158187999993,70.5,47.8373161803469));
#2654=CARTESIAN_POINT('Ctrl Pts',(-1.50158187999993,74.5,48.3854470775284));
#2655=CARTESIAN_POINT('Ctrl Pts',(-1.50158187999993,70.5,48.3854470775284));
#2656=CARTESIAN_POINT('',(-2.4101111017507,72.5,47.1457896134466));
#2657=CARTESIAN_POINT('Ctrl Pts',(-1.50158187999993,72.5,48.3854470775284));
#2658=CARTESIAN_POINT('Ctrl Pts',(-1.50158187999993,72.5,47.8373161803469));
#2659=CARTESIAN_POINT('Ctrl Pts',(-1.88742297991517,72.5,47.3108490202282));
#2660=CARTESIAN_POINT('Ctrl Pts',(-2.4101111017507,72.5,47.1457896134466));
#2661=CARTESIAN_POINT('',(-2.4101111017507,74.5,47.1457896134466));
#2662=CARTESIAN_POINT('Ctrl Pts',(-2.4101111017507,74.5,47.1457896134466));
#2663=CARTESIAN_POINT('Ctrl Pts',(-1.88742297991517,74.5,47.3108490202282));
#2664=CARTESIAN_POINT('Ctrl Pts',(-1.50158187999993,74.5,47.8373161803469));
#2665=CARTESIAN_POINT('Ctrl Pts',(-1.50158187999993,74.5,48.3854470775284));
#2666=CARTESIAN_POINT('',(-2.4101111017507,74.5,47.1457896134466));
#2667=CARTESIAN_POINT('Origin',(-2.80652437869235,74.5,47.0206064734501));
#2668=CARTESIAN_POINT('',(-2.80652437869235,72.5,47.0206064734501));
#2669=CARTESIAN_POINT('',(-0.863443527033873,72.5,47.6342109524783));
#2670=CARTESIAN_POINT('',(-2.80652437869235,74.5,47.0206064734501));
#2671=CARTESIAN_POINT('',(-0.863443527033873,74.5,47.6342109524783));
#2672=CARTESIAN_POINT('',(-2.80652437869235,74.5,47.0206064734501));
#2673=CARTESIAN_POINT('Origin',(-3.61323235600439,74.5,46.1405614079466));
#2674=CARTESIAN_POINT('',(-3.61323235600431,72.5,46.1405614079465));
#2675=CARTESIAN_POINT('',(1.38987523077627,72.5,51.5984969530995));
#2676=CARTESIAN_POINT('',(-3.61323235600431,74.5,46.1405614079465));
#2677=CARTESIAN_POINT('',(1.38987523077627,74.5,51.5984969530995));
#2678=CARTESIAN_POINT('',(-3.61323235600431,74.5,46.1405614079465));
#2679=CARTESIAN_POINT('Ctrl Pts',(-4.57153273817093,74.5,45.7190034253309));
#2680=CARTESIAN_POINT('Ctrl Pts',(-4.57153273817093,70.5,45.7190034253309));
#2681=CARTESIAN_POINT('Ctrl Pts',(-4.21236481277382,74.5,45.7190034253309));
#2682=CARTESIAN_POINT('Ctrl Pts',(-4.21236481277382,70.5,45.7190034253309));
#2683=CARTESIAN_POINT('Ctrl Pts',(-3.85593096905516,74.5,45.8757992848066));
#2684=CARTESIAN_POINT('Ctrl Pts',(-3.85593096905516,70.5,45.8757992848066));
#2685=CARTESIAN_POINT('Ctrl Pts',(-3.61323235600431,74.5,46.1405614079465));
#2686=CARTESIAN_POINT('Ctrl Pts',(-3.61323235600431,70.5,46.1405614079465));
#2687=CARTESIAN_POINT('',(-4.57153273817109,72.5,45.7190034253309));
#2688=CARTESIAN_POINT('Ctrl Pts',(-3.61323235600431,72.5,46.1405614079465));
#2689=CARTESIAN_POINT('Ctrl Pts',(-3.85593096905516,72.5,45.8757992848066));
#2690=CARTESIAN_POINT('Ctrl Pts',(-4.21236481277382,72.5,45.7190034253309));
#2691=CARTESIAN_POINT('Ctrl Pts',(-4.57153273817093,72.5,45.7190034253309));
#2692=CARTESIAN_POINT('',(-4.57153273817109,74.5,45.7190034253309));
#2693=CARTESIAN_POINT('Ctrl Pts',(-4.57153273817093,74.5,45.7190034253309));
#2694=CARTESIAN_POINT('Ctrl Pts',(-4.21236481277382,74.5,45.7190034253309));
#2695=CARTESIAN_POINT('Ctrl Pts',(-3.85593096905516,74.5,45.8757992848066));
#2696=CARTESIAN_POINT('Ctrl Pts',(-3.61323235600431,74.5,46.1405614079465));
#2697=CARTESIAN_POINT('',(-4.57153273817109,74.5,45.7190034253309));
#2698=CARTESIAN_POINT('Origin',(-14.0316310218289,74.5,45.7190034253309));
#2699=CARTESIAN_POINT('',(-14.0316310218289,72.5,45.7190034253309));
#2700=CARTESIAN_POINT('',(-9.51581546248575,72.5,45.7190034253309));
#2701=CARTESIAN_POINT('',(-14.0316310218289,74.5,45.7190034253309));
#2702=CARTESIAN_POINT('',(-9.51581546248575,74.5,45.7190034253309));
#2703=CARTESIAN_POINT('',(-14.0316310218289,74.5,45.7190034253309));
#2704=CARTESIAN_POINT('Ctrl Pts',(-14.9899314039948,74.5,46.1405614079457));
#2705=CARTESIAN_POINT('Ctrl Pts',(-14.9899314039948,70.5,46.1405614079457));
#2706=CARTESIAN_POINT('Ctrl Pts',(-14.747232790944,74.5,45.8757992848063));
#2707=CARTESIAN_POINT('Ctrl Pts',(-14.747232790944,70.5,45.8757992848063));
#2708=CARTESIAN_POINT('Ctrl Pts',(-14.3907989472257,74.5,45.7190034253309));
#2709=CARTESIAN_POINT('Ctrl Pts',(-14.3907989472257,70.5,45.7190034253309));
#2710=CARTESIAN_POINT('Ctrl Pts',(-14.0316310218289,74.5,45.7190034253309));
#2711=CARTESIAN_POINT('Ctrl Pts',(-14.0316310218289,70.5,45.7190034253309));
#2712=CARTESIAN_POINT('',(-14.9899314039976,72.5,46.1405614079457));
#2713=CARTESIAN_POINT('Ctrl Pts',(-14.0316310218289,72.5,45.7190034253309));
#2714=CARTESIAN_POINT('Ctrl Pts',(-14.3907989472257,72.5,45.7190034253309));
#2715=CARTESIAN_POINT('Ctrl Pts',(-14.747232790944,72.5,45.8757992848063));
#2716=CARTESIAN_POINT('Ctrl Pts',(-14.9899314039948,72.5,46.1405614079457));
#2717=CARTESIAN_POINT('',(-14.9899314039976,74.5,46.1405614079457));
#2718=CARTESIAN_POINT('Ctrl Pts',(-14.9899314039948,74.5,46.1405614079457));
#2719=CARTESIAN_POINT('Ctrl Pts',(-14.747232790944,74.5,45.8757992848063));
#2720=CARTESIAN_POINT('Ctrl Pts',(-14.3907989472257,74.5,45.7190034253309));
#2721=CARTESIAN_POINT('Ctrl Pts',(-14.0316310218289,74.5,45.7190034253309));
#2722=CARTESIAN_POINT('',(-14.9899314039976,74.5,46.1405614079457));
#2723=CARTESIAN_POINT('Origin',(-15.7966393813136,74.5,47.0206064734787));
#2724=CARTESIAN_POINT('',(-18.4322744148867,72.5,49.8958446898639));
#2725=CARTESIAN_POINT('',(-18.4322744148867,74.5,49.8958446898639));
#2726=CARTESIAN_POINT('Origin',(-10.5815735077542,74.5,26.7744164499665));
#2727=CARTESIAN_POINT('',(-16.9615735077701,72.5,26.7744174043629));
#2728=CARTESIAN_POINT('',(-10.5815735077542,72.5,26.7744164499665));
#2729=CARTESIAN_POINT('',(-7.79078975155734,72.5,26.7744160324878));
#2730=CARTESIAN_POINT('',(-16.9615735077701,74.5,26.7744174043629));
#2731=CARTESIAN_POINT('',(-16.9615735077701,74.5,26.7744174043629));
#2732=CARTESIAN_POINT('',(-10.5815735077542,74.5,26.7744164499665));
#2733=CARTESIAN_POINT('',(-7.79078975155734,74.5,26.7744160324878));
#2734=CARTESIAN_POINT('',(-10.5815735077542,74.5,26.7744164499665));
#2735=CARTESIAN_POINT('Ctrl Pts',(-8.90157375907589,74.5,25.0944161987202));
#2736=CARTESIAN_POINT('Ctrl Pts',(-8.90157375907589,70.5,25.0944161987202));
#2737=CARTESIAN_POINT('Ctrl Pts',(-8.90157372675246,74.5,25.3105018699485));
#2738=CARTESIAN_POINT('Ctrl Pts',(-8.90157372675246,70.5,25.3105018699485));
#2739=CARTESIAN_POINT('Ctrl Pts',(-8.94377350392237,74.5,25.5265082707276));
#2740=CARTESIAN_POINT('Ctrl Pts',(-8.94377350392237,70.5,25.5265082707276));
#2741=CARTESIAN_POINT('Ctrl Pts',(-9.02510007790798,74.5,25.7267056874797));
#2742=CARTESIAN_POINT('Ctrl Pts',(-9.02510007790798,70.5,25.7267056874797));
#2743=CARTESIAN_POINT('Ctrl Pts',(-9.27483937449106,74.5,26.3414759844095));
#2744=CARTESIAN_POINT('Ctrl Pts',(-9.27483937449106,70.5,26.3414759844095));
#2745=CARTESIAN_POINT('Ctrl Pts',(-9.91801323599619,74.5,26.7744163506975));
#2746=CARTESIAN_POINT('Ctrl Pts',(-9.91801323599619,70.5,26.7744163506975));
#2747=CARTESIAN_POINT('Ctrl Pts',(-10.5815735077542,74.5,26.7744164499665));
#2748=CARTESIAN_POINT('Ctrl Pts',(-10.5815735077542,70.5,26.7744164499665));
#2749=CARTESIAN_POINT('',(-8.90157375907589,72.5,25.0944161987202));
#2750=CARTESIAN_POINT('Ctrl Pts',(-10.5815735077542,72.5,26.7744164499665));
#2751=CARTESIAN_POINT('Ctrl Pts',(-10.3628126026492,72.5,26.7744164172397));
#2752=CARTESIAN_POINT('Ctrl Pts',(-10.1461431774227,72.5,26.7316875155397));
#2753=CARTESIAN_POINT('Ctrl Pts',(-9.74137863122576,72.5,26.5655821376957));
#2754=CARTESIAN_POINT('Ctrl Pts',(-9.55715327992954,72.5,26.4437937194991));
#2755=CARTESIAN_POINT('Ctrl Pts',(-9.24575540617099,72.5,26.1364556342976));
#2756=CARTESIAN_POINT('Ctrl Pts',(-9.12156001710446,72.5,25.9538442869018));
#2757=CARTESIAN_POINT('Ctrl Pts',(-8.99166591376258,72.5,25.6487794836237));
#2758=CARTESIAN_POINT('Ctrl Pts',(-8.95803894305134,72.5,25.5408019681302));
#2759=CARTESIAN_POINT('Ctrl Pts',(-8.91293562682842,72.5,25.3197431311771));
#2760=CARTESIAN_POINT('Ctrl Pts',(-8.90157374220158,72.5,25.2072228015071));
#2761=CARTESIAN_POINT('Ctrl Pts',(-8.90157375907589,72.5,25.0944161987202));
#2762=CARTESIAN_POINT('',(-8.90157375907589,74.5,25.0944161987202));
#2763=CARTESIAN_POINT('Ctrl Pts',(-8.90157375907589,74.5,25.0944161987202));
#2764=CARTESIAN_POINT('Ctrl Pts',(-8.90157372675246,74.5,25.3105018699485));
#2765=CARTESIAN_POINT('Ctrl Pts',(-8.94377350392237,74.5,25.5265082707276));
#2766=CARTESIAN_POINT('Ctrl Pts',(-9.02510007790798,74.5,25.7267056874797));
#2767=CARTESIAN_POINT('Ctrl Pts',(-9.27483937449106,74.5,26.3414759844095));
#2768=CARTESIAN_POINT('Ctrl Pts',(-9.91801323599619,74.5,26.7744163506975));
#2769=CARTESIAN_POINT('Ctrl Pts',(-10.5815735077542,74.5,26.7744164499665));
#2770=CARTESIAN_POINT('',(-8.90157375907589,74.5,25.0944161987202));
#2771=CARTESIAN_POINT('Origin',(-8.90157384882759,74.5,24.4944161987423));
#2772=CARTESIAN_POINT('',(-8.90157384882759,72.5,24.4944161987423));
#2773=CARTESIAN_POINT('',(-8.90157063230727,72.5,45.9972083911814));
#2774=CARTESIAN_POINT('',(-8.90157384882759,74.5,24.4944161987423));
#2775=CARTESIAN_POINT('',(-8.90157063230727,74.5,45.9972083911814));
#2776=CARTESIAN_POINT('',(-8.90157384882759,74.5,24.4944161987423));
#2777=CARTESIAN_POINT('Ctrl Pts',(-10.5815741001279,74.5,22.8144164501291));
#2778=CARTESIAN_POINT('Ctrl Pts',(-10.5815741001279,70.5,22.8144164501291));
#2779=CARTESIAN_POINT('Ctrl Pts',(-10.3654884288907,74.5,22.8144164178052));
#2780=CARTESIAN_POINT('Ctrl Pts',(-10.3654884288907,70.5,22.8144164178052));
#2781=CARTESIAN_POINT('Ctrl Pts',(-10.1494820281028,74.5,22.8566161949731));
#2782=CARTESIAN_POINT('Ctrl Pts',(-10.1494820281028,70.5,22.8566161949731));
#2783=CARTESIAN_POINT('Ctrl Pts',(-9.94928461134153,74.5,22.9379427689564));
#2784=CARTESIAN_POINT('Ctrl Pts',(-9.94928461134153,70.5,22.9379427689564));
#2785=CARTESIAN_POINT('Ctrl Pts',(-9.33451431440502,74.5,23.1876820655236));
#2786=CARTESIAN_POINT('Ctrl Pts',(-9.33451431440502,70.5,23.1876820655236));
#2787=CARTESIAN_POINT('Ctrl Pts',(-8.9015739480905,74.5,23.830855927));
#2788=CARTESIAN_POINT('Ctrl Pts',(-8.9015739480905,70.5,23.830855927));
#2789=CARTESIAN_POINT('Ctrl Pts',(-8.90157384882759,74.5,24.4944161987423));
#2790=CARTESIAN_POINT('Ctrl Pts',(-8.90157384882759,70.5,24.4944161987423));
#2791=CARTESIAN_POINT('',(-10.5815741001279,72.5,22.8144164501291));
#2792=CARTESIAN_POINT('Ctrl Pts',(-8.90157384882759,72.5,24.4944161987423));
#2793=CARTESIAN_POINT('Ctrl Pts',(-8.9015739480905,72.5,23.830855927));
#2794=CARTESIAN_POINT('Ctrl Pts',(-9.33451431440502,72.5,23.1876820655236));
#2795=CARTESIAN_POINT('Ctrl Pts',(-9.94928461134153,72.5,22.9379427689564));
#2796=CARTESIAN_POINT('Ctrl Pts',(-10.1494820281028,72.5,22.8566161949731));
#2797=CARTESIAN_POINT('Ctrl Pts',(-10.3654884288907,72.5,22.8144164178052));
#2798=CARTESIAN_POINT('Ctrl Pts',(-10.5815741001279,72.5,22.8144164501291));
#2799=CARTESIAN_POINT('',(-10.5815741001279,74.5,22.8144164501291));
#2800=CARTESIAN_POINT('Ctrl Pts',(-10.5815741001279,74.5,22.8144164501291));
#2801=CARTESIAN_POINT('Ctrl Pts',(-10.3654884288907,74.5,22.8144164178052));
#2802=CARTESIAN_POINT('Ctrl Pts',(-10.1494820281028,74.5,22.8566161949731));
#2803=CARTESIAN_POINT('Ctrl Pts',(-9.94928461134153,74.5,22.9379427689564));
#2804=CARTESIAN_POINT('Ctrl Pts',(-9.33451431440502,74.5,23.1876820655236));
#2805=CARTESIAN_POINT('Ctrl Pts',(-8.9015739480905,74.5,23.830855927));
#2806=CARTESIAN_POINT('Ctrl Pts',(-8.90157384882759,74.5,24.4944161987423));
#2807=CARTESIAN_POINT('',(-10.5815741001279,74.5,22.8144164501291));
#2808=CARTESIAN_POINT('Origin',(-16.9615741001451,74.5,22.8144174045255));
#2809=CARTESIAN_POINT('',(-16.9615741001451,72.5,22.8144174045255));
#2810=CARTESIAN_POINT('',(-10.9807903439448,72.5,22.8144165098486));
#2811=CARTESIAN_POINT('',(-16.9615741001451,74.5,22.8144174045255));
#2812=CARTESIAN_POINT('',(-10.9807903439448,74.5,22.8144165098486));
#2813=CARTESIAN_POINT('',(-16.9615741001451,74.5,22.8144174045255));
#2814=CARTESIAN_POINT('Ctrl Pts',(-18.641573848826,74.5,24.4944176557717));
#2815=CARTESIAN_POINT('Ctrl Pts',(-18.641573848826,70.5,24.4944176557717));
#2816=CARTESIAN_POINT('Ctrl Pts',(-18.6415738811495,74.5,24.2783319845425));
#2817=CARTESIAN_POINT('Ctrl Pts',(-18.6415738811495,70.5,24.2783319845425));
#2818=CARTESIAN_POINT('Ctrl Pts',(-18.5993741039792,74.5,24.0623255837626));
#2819=CARTESIAN_POINT('Ctrl Pts',(-18.5993741039792,70.5,24.0623255837626));
#2820=CARTESIAN_POINT('Ctrl Pts',(-18.518047529993,74.5,23.8621281670099));
#2821=CARTESIAN_POINT('Ctrl Pts',(-18.518047529993,70.5,23.8621281670099));
#2822=CARTESIAN_POINT('Ctrl Pts',(-18.268308233409,74.5,23.2473578700804));
#2823=CARTESIAN_POINT('Ctrl Pts',(-18.268308233409,70.5,23.2473578700804));
#2824=CARTESIAN_POINT('Ctrl Pts',(-17.6251343719031,74.5,22.8144175037934));
#2825=CARTESIAN_POINT('Ctrl Pts',(-17.6251343719031,70.5,22.8144175037934));
#2826=CARTESIAN_POINT('Ctrl Pts',(-16.9615741001451,74.5,22.8144174045255));
#2827=CARTESIAN_POINT('Ctrl Pts',(-16.9615741001451,70.5,22.8144174045255));
#2828=CARTESIAN_POINT('',(-18.641573848826,72.5,24.4944176557717));
#2829=CARTESIAN_POINT('Ctrl Pts',(-16.9615741001451,72.5,22.8144174045255));
#2830=CARTESIAN_POINT('Ctrl Pts',(-17.6251343719031,72.5,22.8144175037934));
#2831=CARTESIAN_POINT('Ctrl Pts',(-18.268308233409,72.5,23.2473578700804));
#2832=CARTESIAN_POINT('Ctrl Pts',(-18.518047529993,72.5,23.8621281670099));
#2833=CARTESIAN_POINT('Ctrl Pts',(-18.5993741039792,72.5,24.0623255837626));
#2834=CARTESIAN_POINT('Ctrl Pts',(-18.6415738811495,72.5,24.2783319845425));
#2835=CARTESIAN_POINT('Ctrl Pts',(-18.641573848826,72.5,24.4944176557717));
#2836=CARTESIAN_POINT('',(-18.641573848826,74.5,24.4944176557717));
#2837=CARTESIAN_POINT('Ctrl Pts',(-18.641573848826,74.5,24.4944176557717));
#2838=CARTESIAN_POINT('Ctrl Pts',(-18.6415738811495,74.5,24.2783319845425));
#2839=CARTESIAN_POINT('Ctrl Pts',(-18.5993741039792,74.5,24.0623255837626));
#2840=CARTESIAN_POINT('Ctrl Pts',(-18.518047529993,74.5,23.8621281670099));
#2841=CARTESIAN_POINT('Ctrl Pts',(-18.268308233409,74.5,23.2473578700804));
#2842=CARTESIAN_POINT('Ctrl Pts',(-17.6251343719031,74.5,22.8144175037934));
#2843=CARTESIAN_POINT('Ctrl Pts',(-16.9615741001451,74.5,22.8144174045255));
#2844=CARTESIAN_POINT('',(-18.641573848826,74.5,24.4944176557717));
#2845=CARTESIAN_POINT('Origin',(-18.6415737590743,74.5,25.0944176557496));
#2846=CARTESIAN_POINT('',(-18.6415737590743,72.5,25.0944176557496));
#2847=CARTESIAN_POINT('',(-18.64157058743,72.5,46.2972098481697));
#2848=CARTESIAN_POINT('',(-18.6415737590743,74.5,25.0944176557496));
#2849=CARTESIAN_POINT('',(-18.64157058743,74.5,46.2972098481697));
#2850=CARTESIAN_POINT('',(-18.6415737590743,74.5,25.0944176557496));
#2851=CARTESIAN_POINT('Ctrl Pts',(-16.9615735077701,74.5,26.7744174043629));
#2852=CARTESIAN_POINT('Ctrl Pts',(-16.9615735077701,70.5,26.7744174043629));
#2853=CARTESIAN_POINT('Ctrl Pts',(-17.1776591790085,74.5,26.7744174366872));
#2854=CARTESIAN_POINT('Ctrl Pts',(-17.1776591790085,70.5,26.7744174366872));
#2855=CARTESIAN_POINT('Ctrl Pts',(-17.3936655797978,74.5,26.7322176595194));
#2856=CARTESIAN_POINT('Ctrl Pts',(-17.3936655797978,70.5,26.7322176595194));
#2857=CARTESIAN_POINT('Ctrl Pts',(-17.5938629965603,74.5,26.6508910855356));
#2858=CARTESIAN_POINT('Ctrl Pts',(-17.5938629965603,70.5,26.6508910855356));
#2859=CARTESIAN_POINT('Ctrl Pts',(-18.2086332934969,74.5,26.4011517889683));
#2860=CARTESIAN_POINT('Ctrl Pts',(-18.2086332934969,70.5,26.4011517889683));
#2861=CARTESIAN_POINT('Ctrl Pts',(-18.6415736598114,74.5,25.757977927492));
#2862=CARTESIAN_POINT('Ctrl Pts',(-18.6415736598114,70.5,25.757977927492));
#2863=CARTESIAN_POINT('Ctrl Pts',(-18.6415737590743,74.5,25.0944176557496));
#2864=CARTESIAN_POINT('Ctrl Pts',(-18.6415737590743,70.5,25.0944176557496));
#2865=CARTESIAN_POINT('Ctrl Pts',(-18.6415737590743,72.5,25.0944176557496));
#2866=CARTESIAN_POINT('Ctrl Pts',(-18.6415736598114,72.5,25.757977927492));
#2867=CARTESIAN_POINT('Ctrl Pts',(-18.2086332934969,72.5,26.4011517889683));
#2868=CARTESIAN_POINT('Ctrl Pts',(-17.5938629965603,72.5,26.6508910855356));
#2869=CARTESIAN_POINT('Ctrl Pts',(-17.3936655797978,72.5,26.7322176595194));
#2870=CARTESIAN_POINT('Ctrl Pts',(-17.1776591790085,72.5,26.7744174366872));
#2871=CARTESIAN_POINT('Ctrl Pts',(-16.9615735077701,72.5,26.7744174043629));
#2872=CARTESIAN_POINT('Ctrl Pts',(-16.9615735077701,74.5,26.7744174043629));
#2873=CARTESIAN_POINT('Ctrl Pts',(-17.1776591790085,74.5,26.7744174366872));
#2874=CARTESIAN_POINT('Ctrl Pts',(-17.3936655797978,74.5,26.7322176595194));
#2875=CARTESIAN_POINT('Ctrl Pts',(-17.5938629965603,74.5,26.6508910855356));
#2876=CARTESIAN_POINT('Ctrl Pts',(-18.2086332934969,74.5,26.4011517889683));
#2877=CARTESIAN_POINT('Ctrl Pts',(-18.6415736598114,74.5,25.757977927492));
#2878=CARTESIAN_POINT('Ctrl Pts',(-18.6415737590743,74.5,25.0944176557496));
#2879=CARTESIAN_POINT('Origin',(7.85000034270023,74.5,92.6499983907));
#2880=CARTESIAN_POINT('',(-4.14999965729977,72.5,92.6499983907));
#2881=CARTESIAN_POINT('',(7.85000034270023,72.5,92.6499983907));
#2882=CARTESIAN_POINT('',(1.42500021977888,72.5,92.6499983907));
#2883=CARTESIAN_POINT('',(-4.14999965729977,74.5,92.6499983907));
#2884=CARTESIAN_POINT('',(-4.14999965729977,74.5,92.6499983907));
#2885=CARTESIAN_POINT('',(7.85000034270023,74.5,92.6499983907));
#2886=CARTESIAN_POINT('',(1.42500021977888,74.5,92.6499983907));
#2887=CARTESIAN_POINT('',(7.85000034270023,74.5,92.6499983907));
#2888=CARTESIAN_POINT('Origin',(7.85000034270023,74.5,58.9499983906998));
#2889=CARTESIAN_POINT('',(7.85000034270023,72.5,58.9499983906998));
#2890=CARTESIAN_POINT('',(7.85000034270023,72.5,63.2249991953499));
#2891=CARTESIAN_POINT('',(7.85000034270023,74.5,58.9499983906998));
#2892=CARTESIAN_POINT('',(7.85000034270023,74.5,63.2249991953499));
#2893=CARTESIAN_POINT('',(7.85000034270023,74.5,58.9499983906998));
#2894=CARTESIAN_POINT('Origin',(-4.14999965729977,74.5,58.9499983906998));
#2895=CARTESIAN_POINT('',(-4.14999965729977,72.5,58.9499983906998));
#2896=CARTESIAN_POINT('',(-4.57499978022112,72.5,58.9499983906998));
#2897=CARTESIAN_POINT('',(-4.14999965729977,74.5,58.9499983906998));
#2898=CARTESIAN_POINT('',(-4.57499978022112,74.5,58.9499983906998));
#2899=CARTESIAN_POINT('',(-4.14999965729977,74.5,58.9499983906998));
#2900=CARTESIAN_POINT('Origin',(-4.14999965729977,74.5,78.6499983907));
#2901=CARTESIAN_POINT('',(-4.14999965729977,72.5,78.6499983907));
#2902=CARTESIAN_POINT('',(-4.14999965729977,72.5,73.07499919535));
#2903=CARTESIAN_POINT('',(-4.14999965729977,74.5,78.6499983907));
#2904=CARTESIAN_POINT('',(-4.14999965729977,74.5,73.07499919535));
#2905=CARTESIAN_POINT('',(-4.14999965729977,74.5,78.6499983907));
#2906=CARTESIAN_POINT('Origin',(-20.1499996572998,74.5,78.6499983907));
#2907=CARTESIAN_POINT('',(-12.5749997802211,72.5,78.6499983907));
#2908=CARTESIAN_POINT('',(-12.5749997802211,74.5,78.6499983907));
#2909=CARTESIAN_POINT('Origin',(-4.14999965729977,74.5,92.6499983907));
#2910=CARTESIAN_POINT('',(-4.14999965729977,72.5,80.07499919535));
#2911=CARTESIAN_POINT('',(-4.14999965729977,74.5,80.07499919535));
#2912=CARTESIAN_POINT('Origin',(-9.99999990314246,72.5,119.6));
#2913=CARTESIAN_POINT('',(-9.99999990314246,72.5,117.6));
#2914=CARTESIAN_POINT('',(-9.99999990314246,72.5,119.6));
#2915=CARTESIAN_POINT('',(-9.99999990314246,72.5,117.6));
#2916=CARTESIAN_POINT('',(-9.99999990314246,73.5,117.6));
#2917=CARTESIAN_POINT('',(-9.99999990314246,72.5,117.6));
#2918=CARTESIAN_POINT('',(-9.99999990314246,73.5,119.6));
#2919=CARTESIAN_POINT('',(-9.99999990314246,73.5,117.6));
#2920=CARTESIAN_POINT('',(-9.99999990314246,72.5,119.6));
#2921=CARTESIAN_POINT('Origin',(-24.6,72.5,119.6));
#2922=CARTESIAN_POINT('',(-24.6,72.5,119.6));
#2923=CARTESIAN_POINT('',(14.6000001937151,72.5,119.6));
#2924=CARTESIAN_POINT('',(-24.6,73.5,119.6));
#2925=CARTESIAN_POINT('',(14.6000001937151,73.5,119.6));
#2926=CARTESIAN_POINT('',(-24.6,72.5,119.6));
#2927=CARTESIAN_POINT('Origin',(-24.6,72.5,15.4));
#2928=CARTESIAN_POINT('',(-24.6,72.5,15.4));
#2929=CARTESIAN_POINT('',(-24.6,72.5,119.6));
#2930=CARTESIAN_POINT('',(-24.6,73.5,15.4));
#2931=CARTESIAN_POINT('',(-24.6,73.5,119.6));
#2932=CARTESIAN_POINT('',(-24.6,72.5,15.4));
#2933=CARTESIAN_POINT('Origin',(-9.99999990314247,72.5,15.4));
#2934=CARTESIAN_POINT('',(-9.99999990314247,72.5,15.4));
#2935=CARTESIAN_POINT('',(-24.6,72.5,15.4));
#2936=CARTESIAN_POINT('',(-9.99999990314247,73.5,15.4));
#2937=CARTESIAN_POINT('',(-24.6,73.5,15.4));
#2938=CARTESIAN_POINT('',(-9.99999990314247,72.5,15.4));
#2939=CARTESIAN_POINT('Origin',(-9.99999990314247,72.5,17.4));
#2940=CARTESIAN_POINT('',(-9.99999990314247,72.5,17.4));
#2941=CARTESIAN_POINT('',(-9.99999990314247,72.5,17.4));
#2942=CARTESIAN_POINT('',(-9.99999990314247,73.5,17.4));
#2943=CARTESIAN_POINT('',(-9.99999990314247,73.5,17.4));
#2944=CARTESIAN_POINT('',(-9.99999990314247,72.5,17.4));
#2945=CARTESIAN_POINT('Origin',(-17.2999999515712,73.5,67.5));
#2946=CARTESIAN_POINT('',(-22.6,73.5,17.4));
#2947=CARTESIAN_POINT('',(-22.6,73.5,117.6));
#2948=CARTESIAN_POINT('',(-22.6,73.5,42.45));
#2949=CARTESIAN_POINT('',(-2.34999987892807,73.5,17.4));
#2950=CARTESIAN_POINT('',(-19.9499999757856,73.5,117.6));
#2951=CARTESIAN_POINT('Origin',(12.6000001937151,72.5,17.4));
#2952=CARTESIAN_POINT('',(-22.6,74.5,17.4));
#2953=CARTESIAN_POINT('',(-22.6,72.5,17.4));
#2954=CARTESIAN_POINT('',(12.6000001937151,74.5,17.4));
#2955=CARTESIAN_POINT('',(12.6000001937151,74.5,17.4));
#2956=CARTESIAN_POINT('',(12.6000001937151,73.5,17.4));
#2957=CARTESIAN_POINT('',(12.6000001937151,72.5,17.4));
#2958=CARTESIAN_POINT('',(9.68575353255119E-8,73.5,17.4));
#2959=CARTESIAN_POINT('',(9.95000016950071,73.5,17.4));
#2960=CARTESIAN_POINT('',(9.68575342152889E-8,72.5,17.4));
#2961=CARTESIAN_POINT('',(9.68575336601774E-8,72.5,17.4));
#2962=CARTESIAN_POINT('',(12.6000001937151,72.5,17.4));
#2963=CARTESIAN_POINT('Origin',(9.68575353255119E-8,72.5,119.6));
#2964=CARTESIAN_POINT('',(14.6000001937151,72.5,119.6));
#2965=CARTESIAN_POINT('',(9.68575356030676E-8,72.5,119.6));
#2966=CARTESIAN_POINT('',(14.6000001937151,72.5,119.6));
#2967=CARTESIAN_POINT('',(14.6000001937151,73.5,119.6));
#2968=CARTESIAN_POINT('',(14.6000001937151,72.5,119.6));
#2969=CARTESIAN_POINT('',(9.68575353255119E-8,73.5,119.6));
#2970=CARTESIAN_POINT('',(14.6000001937151,73.5,119.6));
#2971=CARTESIAN_POINT('',(9.68575356030676E-8,72.5,119.6));
#2972=CARTESIAN_POINT('Origin',(9.68575361581792E-8,72.5,117.6));
#2973=CARTESIAN_POINT('',(9.68575361581792E-8,72.5,117.6));
#2974=CARTESIAN_POINT('',(9.68575356030676E-8,72.5,119.6));
#2975=CARTESIAN_POINT('',(9.68575353255119E-8,73.5,117.6));
#2976=CARTESIAN_POINT('',(9.68575356030676E-8,73.5,119.6));
#2977=CARTESIAN_POINT('',(9.68575353255119E-8,72.5,117.6));
#2978=CARTESIAN_POINT('Origin',(9.68575331050658E-8,72.5,15.4));
#2979=CARTESIAN_POINT('',(9.68575331050658E-8,72.5,15.4));
#2980=CARTESIAN_POINT('',(9.68575331050658E-8,72.5,15.4));
#2981=CARTESIAN_POINT('',(9.68575331050658E-8,73.5,15.4));
#2982=CARTESIAN_POINT('',(9.68575331050658E-8,73.5,15.4));
#2983=CARTESIAN_POINT('',(9.68575331050658E-8,72.5,15.4));
#2984=CARTESIAN_POINT('Origin',(14.6000001937151,72.5,15.4));
#2985=CARTESIAN_POINT('',(14.6000001937151,72.5,15.4));
#2986=CARTESIAN_POINT('',(-24.6,72.5,15.4));
#2987=CARTESIAN_POINT('',(14.6000001937151,73.5,15.4));
#2988=CARTESIAN_POINT('',(-24.6,73.5,15.4));
#2989=CARTESIAN_POINT('',(14.6000001937151,72.5,15.4));
#2990=CARTESIAN_POINT('Origin',(14.6000001937151,72.5,119.6));
#2991=CARTESIAN_POINT('',(14.6000001937151,72.5,15.4));
#2992=CARTESIAN_POINT('',(14.6000001937151,73.5,15.4));
#2993=CARTESIAN_POINT('Origin',(7.30000014528632,73.5,67.5));
#2994=CARTESIAN_POINT('',(12.6000001937151,73.5,117.6));
#2995=CARTESIAN_POINT('',(12.6000001937151,73.5,92.55));
#2996=CARTESIAN_POINT('',(-7.64999992735685,73.5,117.6));
#2997=CARTESIAN_POINT('Origin',(-22.6,72.5,117.6));
#2998=CARTESIAN_POINT('',(9.68575361581792E-8,72.5,117.6));
#2999=CARTESIAN_POINT('',(12.6000001937151,74.5,117.6));
#3000=CARTESIAN_POINT('',(12.6000001937151,72.5,117.6));
#3001=CARTESIAN_POINT('',(-22.6,74.5,117.6));
#3002=CARTESIAN_POINT('',(9.68575361581792E-8,74.5,117.6));
#3003=CARTESIAN_POINT('',(-22.6,72.5,117.6));
#3004=CARTESIAN_POINT('Origin',(12.6000001937151,72.5,117.6));
#3005=CARTESIAN_POINT('',(12.6000001937151,74.5,117.6));
#3006=CARTESIAN_POINT('Origin',(-22.6,72.5,17.4));
#3007=CARTESIAN_POINT('',(-22.6,74.5,17.4));
#3008=CARTESIAN_POINT('Origin',(-4.99999990314246,72.5,67.5));
#3009=CARTESIAN_POINT('Origin',(-4.99999990314246,74.5,67.5));
#3010=CARTESIAN_POINT('',(-2.22044604925031E-15,0.499999999999998,1.77635683940025E-14));
#3011=UNCERTAINTY_MEASURE_WITH_UNIT(LENGTH_MEASURE(0.01),#3017,
'DISTANCE_ACCURACY_VALUE',
'Maximum model space distance between geometric entities at asserted c
onnectivities');
#3012=UNCERTAINTY_MEASURE_WITH_UNIT(LENGTH_MEASURE(0.01),#3017,
'DISTANCE_ACCURACY_VALUE',
'Maximum model space distance between geometric entities at asserted c
onnectivities');
#3013=UNCERTAINTY_MEASURE_WITH_UNIT(LENGTH_MEASURE(0.01),#3017,
'DISTANCE_ACCURACY_VALUE',
'Maximum model space distance between geometric entities at asserted c
onnectivities');
#3014=(
GEOMETRIC_REPRESENTATION_CONTEXT(3)
GLOBAL_UNCERTAINTY_ASSIGNED_CONTEXT((#3011))
GLOBAL_UNIT_ASSIGNED_CONTEXT((#3017,#3019,#3020))
REPRESENTATION_CONTEXT('','3D')
);
#3015=(
GEOMETRIC_REPRESENTATION_CONTEXT(3)
GLOBAL_UNCERTAINTY_ASSIGNED_CONTEXT((#3012))
GLOBAL_UNIT_ASSIGNED_CONTEXT((#3017,#3019,#3020))
REPRESENTATION_CONTEXT('','3D')
);
#3016=(
GEOMETRIC_REPRESENTATION_CONTEXT(3)
GLOBAL_UNCERTAINTY_ASSIGNED_CONTEXT((#3013))
GLOBAL_UNIT_ASSIGNED_CONTEXT((#3017,#3019,#3020))
REPRESENTATION_CONTEXT('','3D')
);
#3017=(
LENGTH_UNIT()
NAMED_UNIT(*)
SI_UNIT(.MILLI.,.METRE.)
);
#3018=(
LENGTH_UNIT()
NAMED_UNIT(*)
SI_UNIT($,.METRE.)
);
#3019=(
NAMED_UNIT(*)
PLANE_ANGLE_UNIT()
SI_UNIT($,.RADIAN.)
);
#3020=(
NAMED_UNIT(*)
SI_UNIT($,.STERADIAN.)
SOLID_ANGLE_UNIT()
);
#3021=SHAPE_DEFINITION_REPRESENTATION(#3023,#3026);
#3022=SHAPE_DEFINITION_REPRESENTATION(#3024,#3027);
#3023=PRODUCT_DEFINITION_SHAPE('',$,#3029);
#3024=PRODUCT_DEFINITION_SHAPE('',$,#3030);
#3025=PRODUCT_DEFINITION_SHAPE($,$,#14);
#3026=SHAPE_REPRESENTATION('',(#1738,#1828),#3014);
#3027=SHAPE_REPRESENTATION('',(#1739),#3015);
#3028=PRODUCT_DEFINITION_CONTEXT('part definition',#3036,'design');
#3029=PRODUCT_DEFINITION('Home assistant box','Home assistant box v41',
#3031,#3028);
#3030=PRODUCT_DEFINITION('Backplate','Backplate',#3032,#3028);
#3031=PRODUCT_DEFINITION_FORMATION('',$,#3038);
#3032=PRODUCT_DEFINITION_FORMATION('',$,#3039);
#3033=PRODUCT_RELATED_PRODUCT_CATEGORY('Home assistant box v41',
'Home assistant box v41',(#3038));
#3034=PRODUCT_RELATED_PRODUCT_CATEGORY('Backplate','Backplate',(#3039));
#3035=APPLICATION_PROTOCOL_DEFINITION('international standard',
'automotive_design',2009,#3036);
#3036=APPLICATION_CONTEXT(
'Core Data for Automotive Mechanical Design Process');
#3037=PRODUCT_CONTEXT('part definition',#3036,'mechanical');
#3038=PRODUCT('Home assistant box','Home assistant box v41',$,(#3037));
#3039=PRODUCT('Backplate','Backplate',$,(#3037));
#3040=PRESENTATION_STYLE_ASSIGNMENT((#3047));
#3041=PRESENTATION_STYLE_ASSIGNMENT((#3048));
#3042=PRESENTATION_STYLE_ASSIGNMENT((#3049));
#3043=PRESENTATION_STYLE_ASSIGNMENT((#3050));
#3044=PRESENTATION_STYLE_ASSIGNMENT((#3051));
#3045=PRESENTATION_STYLE_ASSIGNMENT((#3052));
#3046=PRESENTATION_STYLE_ASSIGNMENT((#3053));
#3047=SURFACE_STYLE_USAGE(.BOTH.,#3054);
#3048=SURFACE_STYLE_USAGE(.BOTH.,#3055);
#3049=SURFACE_STYLE_USAGE(.BOTH.,#3056);
#3050=SURFACE_STYLE_USAGE(.BOTH.,#3057);
#3051=SURFACE_STYLE_USAGE(.BOTH.,#3058);
#3052=SURFACE_STYLE_USAGE(.BOTH.,#3059);
#3053=SURFACE_STYLE_USAGE(.BOTH.,#3060);
#3054=SURFACE_SIDE_STYLE('',(#3061));
#3055=SURFACE_SIDE_STYLE('',(#3062));
#3056=SURFACE_SIDE_STYLE('',(#3063));
#3057=SURFACE_SIDE_STYLE('',(#3064));
#3058=SURFACE_SIDE_STYLE('',(#3065));
#3059=SURFACE_SIDE_STYLE('',(#3066));
#3060=SURFACE_SIDE_STYLE('',(#3067));
#3061=SURFACE_STYLE_FILL_AREA(#3068);
#3062=SURFACE_STYLE_FILL_AREA(#3069);
#3063=SURFACE_STYLE_FILL_AREA(#3070);
#3064=SURFACE_STYLE_FILL_AREA(#3071);
#3065=SURFACE_STYLE_FILL_AREA(#3072);
#3066=SURFACE_STYLE_FILL_AREA(#3073);
#3067=SURFACE_STYLE_FILL_AREA(#3074);
#3068=FILL_AREA_STYLE('Oak',(#3075));
#3069=FILL_AREA_STYLE('Plastic - Translucent Matte (White)',(#3076));
#3070=FILL_AREA_STYLE('Steel - Satin',(#3077));
#3071=FILL_AREA_STYLE('Paint - Metallic (Black)',(#3078));
#3072=FILL_AREA_STYLE('Paint - Metal Flake (Silver)',(#3079));
#3073=FILL_AREA_STYLE('Walnut',(#3080));
#3074=FILL_AREA_STYLE('Glass - Frosted',(#3081));
#3075=FILL_AREA_STYLE_COLOUR('Oak',#3082);
#3076=FILL_AREA_STYLE_COLOUR('Plastic - Translucent Matte (White)',#3083);
#3077=FILL_AREA_STYLE_COLOUR('Steel - Satin',#3084);
#3078=FILL_AREA_STYLE_COLOUR('Paint - Metallic (Black)',#3085);
#3079=FILL_AREA_STYLE_COLOUR('Paint - Metal Flake (Silver)',#3086);
#3080=FILL_AREA_STYLE_COLOUR('Walnut',#3087);
#3081=FILL_AREA_STYLE_COLOUR('Glass - Frosted',#3088);
#3082=COLOUR_RGB('Oak',0.,0.,0.);
#3083=COLOUR_RGB('Plastic - Translucent Matte (White)',0.964705882352941,
0.964705882352941,0.952941176470588);
#3084=COLOUR_RGB('Steel - Satin',0.627450980392157,0.627450980392157,0.627450980392157);
#3085=COLOUR_RGB('Paint - Metallic (Black)',0.0980392156862745,0.0980392156862745,
0.0980392156862745);
#3086=COLOUR_RGB('Paint - Metal Flake (Silver)',1.,1.,1.);
#3087=COLOUR_RGB('Walnut',0.,0.,0.);
#3088=COLOUR_RGB('Glass - Frosted',0.964705882352941,0.964705882352941,
0.952941176470588);
ENDSEC;
END-ISO-10303-21;
