ISO-10303-21;
HEADER;
/* Generated by software containing ST-Developer
 * from STEP Tools, Inc. (www.steptools.com) 
 */

FILE_DESCRIPTION(
/* description */ (''),
/* implementation_level */ '2;1');

FILE_NAME(
/* name */ 'box.step',
/* time_stamp */ '2026-03-27T13:42:02+01:00',
/* author */ (''),
/* organization */ (''),
/* preprocessor_version */ 'ST-DEVELOPER v20.1',
/* originating_system */ 'Autodesk Translation Framework v14.24.0.0',
/* authorisation */ '');

FILE_SCHEMA (('AUTOMOTIVE_DESIGN { 1 0 10303 214 3 1 1 }'));
ENDSEC;

DATA;
#10=MECHANICAL_DESIGN_GEOMETRIC_PRESENTATION_REPRESENTATION('',(#20,#21,
#22),#9403);
#11=CONTEXT_DEPENDENT_OVER_RIDING_STYLED_ITEM('',(#9430),#9414,#22,(#15));
#12=MAPPED_ITEM('',#13,#6245);
#13=REPRESENTATION_MAP(#6245,#9413);
#14=ITEM_DEFINED_TRANSFORMATION($,$,#5849,#6244);
#15=(
REPRESENTATION_RELATIONSHIP($,$,#9414,#9413)
REPRESENTATION_RELATIONSHIP_WITH_TRANSFORMATION(#14)
SHAPE_REPRESENTATION_RELATIONSHIP()
);
#16=CONTEXT_DEPENDENT_SHAPE_REPRESENTATION(#15,#9412);
#17=NEXT_ASSEMBLY_USAGE_OCCURRENCE('Box (left):1','Box (left):1',
'Box (left):1',#9416,#9417,'Box (left):1');
#18=SHAPE_REPRESENTATION_RELATIONSHIP('SRR','None',#9414,#19);
#19=ADVANCED_BREP_SHAPE_REPRESENTATION('',(#23,#24),#9402);
#20=STYLED_ITEM('',(#9430),#23);
#21=STYLED_ITEM('',(#9430),#24);
#22=STYLED_ITEM('',(#9434),#12);
#23=MANIFOLD_SOLID_BREP('Body15',#5834);
#24=MANIFOLD_SOLID_BREP('Button',#5835);
#25=CYLINDRICAL_SURFACE('',#5896,5.2);
#26=CYLINDRICAL_SURFACE('',#5899,5.2);
#27=CYLINDRICAL_SURFACE('',#5902,5.2);
#28=CYLINDRICAL_SURFACE('',#5905,5.2);
#29=CYLINDRICAL_SURFACE('',#5908,5.2);
#30=CYLINDRICAL_SURFACE('',#5911,14.);
#31=CYLINDRICAL_SURFACE('',#5914,13.);
#32=CYLINDRICAL_SURFACE('',#5918,11.);
#33=CYLINDRICAL_SURFACE('',#5921,10.);
#34=CYLINDRICAL_SURFACE('',#5985,1.25);
#35=CYLINDRICAL_SURFACE('',#5986,1.25);
#36=CYLINDRICAL_SURFACE('',#5987,1.25);
#37=CYLINDRICAL_SURFACE('',#5988,1.25);
#38=CYLINDRICAL_SURFACE('',#5989,1.25);
#39=CYLINDRICAL_SURFACE('',#5990,3.);
#40=CYLINDRICAL_SURFACE('',#5993,3.);
#41=CYLINDRICAL_SURFACE('',#5996,3.);
#42=CYLINDRICAL_SURFACE('',#5999,3.);
#43=CYLINDRICAL_SURFACE('',#6002,3.);
#44=CYLINDRICAL_SURFACE('',#6008,1.75);
#45=CYLINDRICAL_SURFACE('',#6011,3.);
#46=CYLINDRICAL_SURFACE('',#6015,1.75);
#47=CYLINDRICAL_SURFACE('',#6018,3.);
#48=CYLINDRICAL_SURFACE('',#6022,1.);
#49=CYLINDRICAL_SURFACE('',#6027,1.);
#50=CYLINDRICAL_SURFACE('',#6042,1.25);
#51=CYLINDRICAL_SURFACE('',#6045,3.);
#52=CYLINDRICAL_SURFACE('',#6051,1.25);
#53=CYLINDRICAL_SURFACE('',#6053,3.);
#54=CYLINDRICAL_SURFACE('',#6059,1.75);
#55=CYLINDRICAL_SURFACE('',#6062,3.);
#56=CYLINDRICAL_SURFACE('',#6065,1.75);
#57=CYLINDRICAL_SURFACE('',#6068,3.);
#58=CYLINDRICAL_SURFACE('',#6072,1.75);
#59=CYLINDRICAL_SURFACE('',#6075,3.);
#60=CYLINDRICAL_SURFACE('',#6079,1.75);
#61=CYLINDRICAL_SURFACE('',#6082,3.);
#62=CYLINDRICAL_SURFACE('',#6086,1.75);
#63=CYLINDRICAL_SURFACE('',#6089,3.);
#64=CYLINDRICAL_SURFACE('',#6143,3.);
#65=CYLINDRICAL_SURFACE('',#6145,1.75);
#66=CYLINDRICAL_SURFACE('',#6155,3.);
#67=CYLINDRICAL_SURFACE('',#6156,1.75);
#68=CYLINDRICAL_SURFACE('',#6187,1.25);
#69=CYLINDRICAL_SURFACE('',#6190,1.75);
#70=CONICAL_SURFACE('',#5867,6.5,0.785398163397446);
#71=CONICAL_SURFACE('',#5872,6.5,0.785398163397448);
#72=CONICAL_SURFACE('',#5877,6.5,0.785398163397446);
#73=CONICAL_SURFACE('',#5882,6.5,0.785398163397446);
#74=CONICAL_SURFACE('',#5887,6.5,0.785398163397446);
#75=FACE_BOUND('',#542,.T.);
#76=FACE_BOUND('',#543,.T.);
#77=FACE_BOUND('',#544,.T.);
#78=FACE_BOUND('',#545,.T.);
#79=FACE_BOUND('',#546,.T.);
#80=FACE_BOUND('',#547,.T.);
#81=FACE_BOUND('',#548,.T.);
#82=FACE_BOUND('',#559,.T.);
#83=FACE_BOUND('',#562,.T.);
#84=FACE_BOUND('',#565,.T.);
#85=FACE_BOUND('',#568,.T.);
#86=FACE_BOUND('',#571,.T.);
#87=FACE_BOUND('',#574,.T.);
#88=FACE_BOUND('',#577,.T.);
#89=FACE_BOUND('',#578,.T.);
#90=FACE_BOUND('',#579,.T.);
#91=FACE_BOUND('',#582,.T.);
#92=FACE_BOUND('',#583,.T.);
#93=FACE_BOUND('',#584,.T.);
#94=FACE_BOUND('',#606,.T.);
#95=FACE_BOUND('',#607,.T.);
#96=FACE_BOUND('',#608,.T.);
#97=FACE_BOUND('',#609,.T.);
#98=FACE_BOUND('',#610,.T.);
#99=FACE_BOUND('',#611,.T.);
#100=FACE_BOUND('',#628,.T.);
#101=FACE_BOUND('',#629,.T.);
#102=FACE_BOUND('',#630,.T.);
#103=FACE_BOUND('',#631,.T.);
#104=FACE_BOUND('',#632,.T.);
#105=FACE_BOUND('',#670,.T.);
#106=FACE_BOUND('',#671,.T.);
#107=FACE_BOUND('',#676,.T.);
#108=FACE_BOUND('',#681,.T.);
#109=FACE_BOUND('',#685,.T.);
#110=FACE_BOUND('',#686,.T.);
#111=FACE_BOUND('',#688,.T.);
#112=FACE_BOUND('',#691,.T.);
#113=FACE_BOUND('',#702,.T.);
#114=FACE_BOUND('',#708,.T.);
#115=FACE_BOUND('',#710,.T.);
#116=FACE_BOUND('',#716,.T.);
#117=FACE_BOUND('',#721,.T.);
#118=FACE_BOUND('',#725,.T.);
#119=FACE_BOUND('',#730,.T.);
#120=FACE_BOUND('',#735,.T.);
#121=FACE_BOUND('',#740,.T.);
#122=FACE_BOUND('',#767,.T.);
#123=FACE_BOUND('',#773,.T.);
#124=FACE_BOUND('',#774,.T.);
#125=FACE_BOUND('',#796,.T.);
#126=FACE_BOUND('',#800,.T.);
#127=FACE_BOUND('',#806,.T.);
#128=FACE_BOUND('',#809,.T.);
#129=FACE_BOUND('',#810,.T.);
#130=FACE_BOUND('',#823,.T.);
#131=FACE_BOUND('',#831,.T.);
#132=FACE_BOUND('',#838,.T.);
#133=FACE_BOUND('',#842,.T.);
#134=FACE_BOUND('',#844,.T.);
#135=FACE_BOUND('',#847,.T.);
#136=FACE_BOUND('',#848,.T.);
#137=FACE_BOUND('',#849,.T.);
#138=FACE_BOUND('',#850,.T.);
#139=FACE_BOUND('',#851,.T.);
#140=FACE_BOUND('',#874,.T.);
#141=FACE_BOUND('',#877,.T.);
#142=FACE_BOUND('',#879,.T.);
#143=FACE_BOUND('',#882,.T.);
#144=FACE_BOUND('',#894,.T.);
#145=FACE_BOUND('',#904,.T.);
#146=CIRCLE('',#5852,3.);
#147=CIRCLE('',#5853,3.);
#148=CIRCLE('',#5854,3.);
#149=CIRCLE('',#5855,3.);
#150=CIRCLE('',#5856,3.);
#151=CIRCLE('',#5857,3.);
#152=CIRCLE('',#5858,3.);
#153=CIRCLE('',#5868,6.00000000000001);
#154=CIRCLE('',#5869,7.);
#155=CIRCLE('',#5871,5.2);
#156=CIRCLE('',#5873,6.);
#157=CIRCLE('',#5874,7.);
#158=CIRCLE('',#5876,5.2);
#159=CIRCLE('',#5878,6.00000000000001);
#160=CIRCLE('',#5879,7.);
#161=CIRCLE('',#5881,5.2);
#162=CIRCLE('',#5883,6.00000000000001);
#163=CIRCLE('',#5884,7.);
#164=CIRCLE('',#5886,5.2);
#165=CIRCLE('',#5888,6.00000000000001);
#166=CIRCLE('',#5889,7.);
#167=CIRCLE('',#5891,5.2);
#168=CIRCLE('',#5894,1.);
#169=CIRCLE('',#5895,1.);
#170=CIRCLE('',#5897,5.2);
#171=CIRCLE('',#5900,5.2);
#172=CIRCLE('',#5903,5.2);
#173=CIRCLE('',#5906,5.2);
#174=CIRCLE('',#5909,5.2);
#175=CIRCLE('',#5912,14.);
#176=CIRCLE('',#5913,14.);
#177=CIRCLE('',#5915,13.);
#178=CIRCLE('',#5916,13.);
#179=CIRCLE('',#5919,11.);
#180=CIRCLE('',#5920,11.);
#181=CIRCLE('',#5922,10.);
#182=CIRCLE('',#5923,10.);
#183=CIRCLE('',#5934,3.);
#184=CIRCLE('',#5935,3.);
#185=CIRCLE('',#5936,3.);
#186=CIRCLE('',#5937,3.);
#187=CIRCLE('',#5938,3.);
#188=CIRCLE('',#5939,1.25);
#189=CIRCLE('',#5940,1.25);
#190=CIRCLE('',#5941,1.25);
#191=CIRCLE('',#5942,1.25);
#192=CIRCLE('',#5943,1.25);
#193=CIRCLE('',#5960,3.);
#194=CIRCLE('',#5961,3.);
#195=CIRCLE('',#5962,3.);
#196=CIRCLE('',#5963,3.);
#197=CIRCLE('',#5964,3.);
#198=CIRCLE('',#5965,1.25);
#199=CIRCLE('',#5966,1.25);
#200=CIRCLE('',#5967,1.25);
#201=CIRCLE('',#5968,1.25);
#202=CIRCLE('',#5969,1.25);
#203=CIRCLE('',#6009,1.75);
#204=CIRCLE('',#6010,1.75);
#205=CIRCLE('',#6012,3.);
#206=CIRCLE('',#6016,1.75);
#207=CIRCLE('',#6017,1.75);
#208=CIRCLE('',#6019,3.);
#209=CIRCLE('',#6023,1.);
#210=CIRCLE('',#6026,1.);
#211=CIRCLE('',#6039,3.);
#212=CIRCLE('',#6040,1.25);
#213=CIRCLE('',#6043,1.25);
#214=CIRCLE('',#6046,3.);
#215=CIRCLE('',#6049,3.);
#216=CIRCLE('',#6050,1.25);
#217=CIRCLE('',#6052,1.25);
#218=CIRCLE('',#6054,3.);
#219=CIRCLE('',#6060,1.75);
#220=CIRCLE('',#6061,1.75);
#221=CIRCLE('',#6063,3.);
#222=CIRCLE('',#6066,1.75);
#223=CIRCLE('',#6067,1.75);
#224=CIRCLE('',#6069,3.);
#225=CIRCLE('',#6073,1.75);
#226=CIRCLE('',#6074,1.75);
#227=CIRCLE('',#6076,3.);
#228=CIRCLE('',#6080,1.75);
#229=CIRCLE('',#6081,1.75);
#230=CIRCLE('',#6083,3.);
#231=CIRCLE('',#6087,1.75);
#232=CIRCLE('',#6088,1.75);
#233=CIRCLE('',#6090,3.);
#234=CIRCLE('',#6123,3.);
#235=CIRCLE('',#6124,3.);
#236=CIRCLE('',#6144,3.);
#237=CIRCLE('',#6146,1.75);
#238=CIRCLE('',#6147,1.75);
#239=CIRCLE('',#6152,3.);
#240=CIRCLE('',#6153,1.75);
#241=CIRCLE('',#6157,1.75);
#242=CIRCLE('',#6188,1.25);
#243=CIRCLE('',#6189,1.25);
#244=CIRCLE('',#6191,1.75);
#245=CIRCLE('',#6192,1.75);
#246=FACE_OUTER_BOUND('',#540,.T.);
#247=FACE_OUTER_BOUND('',#541,.T.);
#248=FACE_OUTER_BOUND('',#549,.T.);
#249=FACE_OUTER_BOUND('',#550,.T.);
#250=FACE_OUTER_BOUND('',#551,.T.);
#251=FACE_OUTER_BOUND('',#552,.T.);
#252=FACE_OUTER_BOUND('',#553,.T.);
#253=FACE_OUTER_BOUND('',#554,.T.);
#254=FACE_OUTER_BOUND('',#555,.T.);
#255=FACE_OUTER_BOUND('',#556,.T.);
#256=FACE_OUTER_BOUND('',#557,.T.);
#257=FACE_OUTER_BOUND('',#558,.T.);
#258=FACE_OUTER_BOUND('',#560,.T.);
#259=FACE_OUTER_BOUND('',#561,.T.);
#260=FACE_OUTER_BOUND('',#563,.T.);
#261=FACE_OUTER_BOUND('',#564,.T.);
#262=FACE_OUTER_BOUND('',#566,.T.);
#263=FACE_OUTER_BOUND('',#567,.T.);
#264=FACE_OUTER_BOUND('',#569,.T.);
#265=FACE_OUTER_BOUND('',#570,.T.);
#266=FACE_OUTER_BOUND('',#572,.T.);
#267=FACE_OUTER_BOUND('',#573,.T.);
#268=FACE_OUTER_BOUND('',#575,.T.);
#269=FACE_OUTER_BOUND('',#576,.T.);
#270=FACE_OUTER_BOUND('',#580,.T.);
#271=FACE_OUTER_BOUND('',#581,.T.);
#272=FACE_OUTER_BOUND('',#585,.T.);
#273=FACE_OUTER_BOUND('',#586,.T.);
#274=FACE_OUTER_BOUND('',#587,.T.);
#275=FACE_OUTER_BOUND('',#588,.T.);
#276=FACE_OUTER_BOUND('',#589,.T.);
#277=FACE_OUTER_BOUND('',#590,.T.);
#278=FACE_OUTER_BOUND('',#591,.T.);
#279=FACE_OUTER_BOUND('',#592,.T.);
#280=FACE_OUTER_BOUND('',#593,.T.);
#281=FACE_OUTER_BOUND('',#594,.T.);
#282=FACE_OUTER_BOUND('',#595,.T.);
#283=FACE_OUTER_BOUND('',#596,.T.);
#284=FACE_OUTER_BOUND('',#597,.T.);
#285=FACE_OUTER_BOUND('',#598,.T.);
#286=FACE_OUTER_BOUND('',#599,.T.);
#287=FACE_OUTER_BOUND('',#600,.T.);
#288=FACE_OUTER_BOUND('',#601,.T.);
#289=FACE_OUTER_BOUND('',#602,.T.);
#290=FACE_OUTER_BOUND('',#603,.T.);
#291=FACE_OUTER_BOUND('',#604,.T.);
#292=FACE_OUTER_BOUND('',#605,.T.);
#293=FACE_OUTER_BOUND('',#612,.T.);
#294=FACE_OUTER_BOUND('',#613,.T.);
#295=FACE_OUTER_BOUND('',#614,.T.);
#296=FACE_OUTER_BOUND('',#615,.T.);
#297=FACE_OUTER_BOUND('',#616,.T.);
#298=FACE_OUTER_BOUND('',#617,.T.);
#299=FACE_OUTER_BOUND('',#618,.T.);
#300=FACE_OUTER_BOUND('',#619,.T.);
#301=FACE_OUTER_BOUND('',#620,.T.);
#302=FACE_OUTER_BOUND('',#621,.T.);
#303=FACE_OUTER_BOUND('',#622,.T.);
#304=FACE_OUTER_BOUND('',#623,.T.);
#305=FACE_OUTER_BOUND('',#624,.T.);
#306=FACE_OUTER_BOUND('',#625,.T.);
#307=FACE_OUTER_BOUND('',#626,.T.);
#308=FACE_OUTER_BOUND('',#627,.T.);
#309=FACE_OUTER_BOUND('',#633,.T.);
#310=FACE_OUTER_BOUND('',#634,.T.);
#311=FACE_OUTER_BOUND('',#635,.T.);
#312=FACE_OUTER_BOUND('',#636,.T.);
#313=FACE_OUTER_BOUND('',#637,.T.);
#314=FACE_OUTER_BOUND('',#638,.T.);
#315=FACE_OUTER_BOUND('',#639,.T.);
#316=FACE_OUTER_BOUND('',#640,.T.);
#317=FACE_OUTER_BOUND('',#641,.T.);
#318=FACE_OUTER_BOUND('',#642,.T.);
#319=FACE_OUTER_BOUND('',#643,.T.);
#320=FACE_OUTER_BOUND('',#644,.T.);
#321=FACE_OUTER_BOUND('',#645,.T.);
#322=FACE_OUTER_BOUND('',#646,.T.);
#323=FACE_OUTER_BOUND('',#647,.T.);
#324=FACE_OUTER_BOUND('',#648,.T.);
#325=FACE_OUTER_BOUND('',#649,.T.);
#326=FACE_OUTER_BOUND('',#650,.T.);
#327=FACE_OUTER_BOUND('',#651,.T.);
#328=FACE_OUTER_BOUND('',#652,.T.);
#329=FACE_OUTER_BOUND('',#653,.T.);
#330=FACE_OUTER_BOUND('',#654,.T.);
#331=FACE_OUTER_BOUND('',#655,.T.);
#332=FACE_OUTER_BOUND('',#656,.T.);
#333=FACE_OUTER_BOUND('',#657,.T.);
#334=FACE_OUTER_BOUND('',#658,.T.);
#335=FACE_OUTER_BOUND('',#659,.T.);
#336=FACE_OUTER_BOUND('',#660,.T.);
#337=FACE_OUTER_BOUND('',#661,.T.);
#338=FACE_OUTER_BOUND('',#662,.T.);
#339=FACE_OUTER_BOUND('',#663,.T.);
#340=FACE_OUTER_BOUND('',#664,.T.);
#341=FACE_OUTER_BOUND('',#665,.T.);
#342=FACE_OUTER_BOUND('',#666,.T.);
#343=FACE_OUTER_BOUND('',#667,.T.);
#344=FACE_OUTER_BOUND('',#668,.T.);
#345=FACE_OUTER_BOUND('',#669,.T.);
#346=FACE_OUTER_BOUND('',#672,.T.);
#347=FACE_OUTER_BOUND('',#673,.T.);
#348=FACE_OUTER_BOUND('',#674,.T.);
#349=FACE_OUTER_BOUND('',#675,.T.);
#350=FACE_OUTER_BOUND('',#677,.T.);
#351=FACE_OUTER_BOUND('',#678,.T.);
#352=FACE_OUTER_BOUND('',#679,.T.);
#353=FACE_OUTER_BOUND('',#680,.T.);
#354=FACE_OUTER_BOUND('',#682,.T.);
#355=FACE_OUTER_BOUND('',#683,.T.);
#356=FACE_OUTER_BOUND('',#684,.T.);
#357=FACE_OUTER_BOUND('',#687,.T.);
#358=FACE_OUTER_BOUND('',#689,.T.);
#359=FACE_OUTER_BOUND('',#690,.T.);
#360=FACE_OUTER_BOUND('',#692,.T.);
#361=FACE_OUTER_BOUND('',#693,.T.);
#362=FACE_OUTER_BOUND('',#694,.T.);
#363=FACE_OUTER_BOUND('',#695,.T.);
#364=FACE_OUTER_BOUND('',#696,.T.);
#365=FACE_OUTER_BOUND('',#697,.T.);
#366=FACE_OUTER_BOUND('',#698,.T.);
#367=FACE_OUTER_BOUND('',#699,.T.);
#368=FACE_OUTER_BOUND('',#700,.T.);
#369=FACE_OUTER_BOUND('',#701,.T.);
#370=FACE_OUTER_BOUND('',#703,.T.);
#371=FACE_OUTER_BOUND('',#704,.T.);
#372=FACE_OUTER_BOUND('',#705,.T.);
#373=FACE_OUTER_BOUND('',#706,.T.);
#374=FACE_OUTER_BOUND('',#707,.T.);
#375=FACE_OUTER_BOUND('',#709,.T.);
#376=FACE_OUTER_BOUND('',#711,.T.);
#377=FACE_OUTER_BOUND('',#712,.T.);
#378=FACE_OUTER_BOUND('',#713,.T.);
#379=FACE_OUTER_BOUND('',#714,.T.);
#380=FACE_OUTER_BOUND('',#715,.T.);
#381=FACE_OUTER_BOUND('',#717,.T.);
#382=FACE_OUTER_BOUND('',#718,.T.);
#383=FACE_OUTER_BOUND('',#719,.T.);
#384=FACE_OUTER_BOUND('',#720,.T.);
#385=FACE_OUTER_BOUND('',#722,.T.);
#386=FACE_OUTER_BOUND('',#723,.T.);
#387=FACE_OUTER_BOUND('',#724,.T.);
#388=FACE_OUTER_BOUND('',#726,.T.);
#389=FACE_OUTER_BOUND('',#727,.T.);
#390=FACE_OUTER_BOUND('',#728,.T.);
#391=FACE_OUTER_BOUND('',#729,.T.);
#392=FACE_OUTER_BOUND('',#731,.T.);
#393=FACE_OUTER_BOUND('',#732,.T.);
#394=FACE_OUTER_BOUND('',#733,.T.);
#395=FACE_OUTER_BOUND('',#734,.T.);
#396=FACE_OUTER_BOUND('',#736,.T.);
#397=FACE_OUTER_BOUND('',#737,.T.);
#398=FACE_OUTER_BOUND('',#738,.T.);
#399=FACE_OUTER_BOUND('',#739,.T.);
#400=FACE_OUTER_BOUND('',#741,.T.);
#401=FACE_OUTER_BOUND('',#742,.T.);
#402=FACE_OUTER_BOUND('',#743,.T.);
#403=FACE_OUTER_BOUND('',#744,.T.);
#404=FACE_OUTER_BOUND('',#745,.T.);
#405=FACE_OUTER_BOUND('',#746,.T.);
#406=FACE_OUTER_BOUND('',#747,.T.);
#407=FACE_OUTER_BOUND('',#748,.T.);
#408=FACE_OUTER_BOUND('',#749,.T.);
#409=FACE_OUTER_BOUND('',#750,.T.);
#410=FACE_OUTER_BOUND('',#751,.T.);
#411=FACE_OUTER_BOUND('',#752,.T.);
#412=FACE_OUTER_BOUND('',#753,.T.);
#413=FACE_OUTER_BOUND('',#754,.T.);
#414=FACE_OUTER_BOUND('',#755,.T.);
#415=FACE_OUTER_BOUND('',#756,.T.);
#416=FACE_OUTER_BOUND('',#757,.T.);
#417=FACE_OUTER_BOUND('',#758,.T.);
#418=FACE_OUTER_BOUND('',#759,.T.);
#419=FACE_OUTER_BOUND('',#760,.T.);
#420=FACE_OUTER_BOUND('',#761,.T.);
#421=FACE_OUTER_BOUND('',#762,.T.);
#422=FACE_OUTER_BOUND('',#763,.T.);
#423=FACE_OUTER_BOUND('',#764,.T.);
#424=FACE_OUTER_BOUND('',#765,.T.);
#425=FACE_OUTER_BOUND('',#766,.T.);
#426=FACE_OUTER_BOUND('',#768,.T.);
#427=FACE_OUTER_BOUND('',#769,.T.);
#428=FACE_OUTER_BOUND('',#770,.T.);
#429=FACE_OUTER_BOUND('',#771,.T.);
#430=FACE_OUTER_BOUND('',#772,.T.);
#431=FACE_OUTER_BOUND('',#775,.T.);
#432=FACE_OUTER_BOUND('',#776,.T.);
#433=FACE_OUTER_BOUND('',#777,.T.);
#434=FACE_OUTER_BOUND('',#778,.T.);
#435=FACE_OUTER_BOUND('',#779,.T.);
#436=FACE_OUTER_BOUND('',#780,.T.);
#437=FACE_OUTER_BOUND('',#781,.T.);
#438=FACE_OUTER_BOUND('',#782,.T.);
#439=FACE_OUTER_BOUND('',#783,.T.);
#440=FACE_OUTER_BOUND('',#784,.T.);
#441=FACE_OUTER_BOUND('',#785,.T.);
#442=FACE_OUTER_BOUND('',#786,.T.);
#443=FACE_OUTER_BOUND('',#787,.T.);
#444=FACE_OUTER_BOUND('',#788,.T.);
#445=FACE_OUTER_BOUND('',#789,.T.);
#446=FACE_OUTER_BOUND('',#790,.T.);
#447=FACE_OUTER_BOUND('',#791,.T.);
#448=FACE_OUTER_BOUND('',#792,.T.);
#449=FACE_OUTER_BOUND('',#793,.T.);
#450=FACE_OUTER_BOUND('',#794,.T.);
#451=FACE_OUTER_BOUND('',#795,.T.);
#452=FACE_OUTER_BOUND('',#797,.T.);
#453=FACE_OUTER_BOUND('',#798,.T.);
#454=FACE_OUTER_BOUND('',#799,.T.);
#455=FACE_OUTER_BOUND('',#801,.T.);
#456=FACE_OUTER_BOUND('',#802,.T.);
#457=FACE_OUTER_BOUND('',#803,.T.);
#458=FACE_OUTER_BOUND('',#804,.T.);
#459=FACE_OUTER_BOUND('',#805,.T.);
#460=FACE_OUTER_BOUND('',#807,.T.);
#461=FACE_OUTER_BOUND('',#808,.T.);
#462=FACE_OUTER_BOUND('',#811,.T.);
#463=FACE_OUTER_BOUND('',#812,.T.);
#464=FACE_OUTER_BOUND('',#813,.T.);
#465=FACE_OUTER_BOUND('',#814,.T.);
#466=FACE_OUTER_BOUND('',#815,.T.);
#467=FACE_OUTER_BOUND('',#816,.T.);
#468=FACE_OUTER_BOUND('',#817,.T.);
#469=FACE_OUTER_BOUND('',#818,.T.);
#470=FACE_OUTER_BOUND('',#819,.T.);
#471=FACE_OUTER_BOUND('',#820,.T.);
#472=FACE_OUTER_BOUND('',#821,.T.);
#473=FACE_OUTER_BOUND('',#822,.T.);
#474=FACE_OUTER_BOUND('',#824,.T.);
#475=FACE_OUTER_BOUND('',#825,.T.);
#476=FACE_OUTER_BOUND('',#826,.T.);
#477=FACE_OUTER_BOUND('',#827,.T.);
#478=FACE_OUTER_BOUND('',#828,.T.);
#479=FACE_OUTER_BOUND('',#829,.T.);
#480=FACE_OUTER_BOUND('',#830,.T.);
#481=FACE_OUTER_BOUND('',#832,.T.);
#482=FACE_OUTER_BOUND('',#833,.T.);
#483=FACE_OUTER_BOUND('',#834,.T.);
#484=FACE_OUTER_BOUND('',#835,.T.);
#485=FACE_OUTER_BOUND('',#836,.T.);
#486=FACE_OUTER_BOUND('',#837,.T.);
#487=FACE_OUTER_BOUND('',#839,.T.);
#488=FACE_OUTER_BOUND('',#840,.T.);
#489=FACE_OUTER_BOUND('',#841,.T.);
#490=FACE_OUTER_BOUND('',#843,.T.);
#491=FACE_OUTER_BOUND('',#845,.T.);
#492=FACE_OUTER_BOUND('',#846,.T.);
#493=FACE_OUTER_BOUND('',#852,.T.);
#494=FACE_OUTER_BOUND('',#853,.T.);
#495=FACE_OUTER_BOUND('',#854,.T.);
#496=FACE_OUTER_BOUND('',#855,.T.);
#497=FACE_OUTER_BOUND('',#856,.T.);
#498=FACE_OUTER_BOUND('',#857,.T.);
#499=FACE_OUTER_BOUND('',#858,.T.);
#500=FACE_OUTER_BOUND('',#859,.T.);
#501=FACE_OUTER_BOUND('',#860,.T.);
#502=FACE_OUTER_BOUND('',#861,.T.);
#503=FACE_OUTER_BOUND('',#862,.T.);
#504=FACE_OUTER_BOUND('',#863,.T.);
#505=FACE_OUTER_BOUND('',#864,.T.);
#506=FACE_OUTER_BOUND('',#865,.T.);
#507=FACE_OUTER_BOUND('',#866,.T.);
#508=FACE_OUTER_BOUND('',#867,.T.);
#509=FACE_OUTER_BOUND('',#868,.T.);
#510=FACE_OUTER_BOUND('',#869,.T.);
#511=FACE_OUTER_BOUND('',#870,.T.);
#512=FACE_OUTER_BOUND('',#871,.T.);
#513=FACE_OUTER_BOUND('',#872,.T.);
#514=FACE_OUTER_BOUND('',#873,.T.);
#515=FACE_OUTER_BOUND('',#875,.T.);
#516=FACE_OUTER_BOUND('',#876,.T.);
#517=FACE_OUTER_BOUND('',#878,.T.);
#518=FACE_OUTER_BOUND('',#880,.T.);
#519=FACE_OUTER_BOUND('',#881,.T.);
#520=FACE_OUTER_BOUND('',#883,.T.);
#521=FACE_OUTER_BOUND('',#884,.T.);
#522=FACE_OUTER_BOUND('',#885,.T.);
#523=FACE_OUTER_BOUND('',#886,.T.);
#524=FACE_OUTER_BOUND('',#887,.T.);
#525=FACE_OUTER_BOUND('',#888,.T.);
#526=FACE_OUTER_BOUND('',#889,.T.);
#527=FACE_OUTER_BOUND('',#890,.T.);
#528=FACE_OUTER_BOUND('',#891,.T.);
#529=FACE_OUTER_BOUND('',#892,.T.);
#530=FACE_OUTER_BOUND('',#893,.T.);
#531=FACE_OUTER_BOUND('',#895,.T.);
#532=FACE_OUTER_BOUND('',#896,.T.);
#533=FACE_OUTER_BOUND('',#897,.T.);
#534=FACE_OUTER_BOUND('',#898,.T.);
#535=FACE_OUTER_BOUND('',#899,.T.);
#536=FACE_OUTER_BOUND('',#900,.T.);
#537=FACE_OUTER_BOUND('',#901,.T.);
#538=FACE_OUTER_BOUND('',#902,.T.);
#539=FACE_OUTER_BOUND('',#903,.T.);
#540=EDGE_LOOP('',(#3674,#3675,#3676,#3677));
#541=EDGE_LOOP('',(#3678,#3679,#3680,#3681,#3682,#3683,#3684,#3685,#3686,
#3687,#3688,#3689,#3690));
#542=EDGE_LOOP('',(#3691));
#543=EDGE_LOOP('',(#3692));
#544=EDGE_LOOP('',(#3693));
#545=EDGE_LOOP('',(#3694));
#546=EDGE_LOOP('',(#3695));
#547=EDGE_LOOP('',(#3696));
#548=EDGE_LOOP('',(#3697));
#549=EDGE_LOOP('',(#3698,#3699,#3700,#3701,#3702,#3703,#3704,#3705,#3706,
#3707));
#550=EDGE_LOOP('',(#3708,#3709,#3710,#3711));
#551=EDGE_LOOP('',(#3712,#3713,#3714,#3715));
#552=EDGE_LOOP('',(#3716,#3717,#3718,#3719));
#553=EDGE_LOOP('',(#3720,#3721,#3722,#3723,#3724,#3725,#3726));
#554=EDGE_LOOP('',(#3727,#3728,#3729,#3730));
#555=EDGE_LOOP('',(#3731,#3732,#3733,#3734));
#556=EDGE_LOOP('',(#3735,#3736,#3737,#3738,#3739,#3740,#3741));
#557=EDGE_LOOP('',(#3742,#3743,#3744,#3745));
#558=EDGE_LOOP('',(#3746));
#559=EDGE_LOOP('',(#3747));
#560=EDGE_LOOP('',(#3748,#3749,#3750,#3751));
#561=EDGE_LOOP('',(#3752));
#562=EDGE_LOOP('',(#3753));
#563=EDGE_LOOP('',(#3754,#3755,#3756,#3757));
#564=EDGE_LOOP('',(#3758));
#565=EDGE_LOOP('',(#3759));
#566=EDGE_LOOP('',(#3760,#3761,#3762,#3763));
#567=EDGE_LOOP('',(#3764));
#568=EDGE_LOOP('',(#3765));
#569=EDGE_LOOP('',(#3766,#3767,#3768,#3769));
#570=EDGE_LOOP('',(#3770));
#571=EDGE_LOOP('',(#3771));
#572=EDGE_LOOP('',(#3772,#3773,#3774,#3775,#3776,#3777));
#573=EDGE_LOOP('',(#3778,#3779,#3780,#3781,#3782,#3783,#3784,#3785));
#574=EDGE_LOOP('',(#3786,#3787,#3788,#3789));
#575=EDGE_LOOP('',(#3790,#3791,#3792,#3793));
#576=EDGE_LOOP('',(#3794,#3795,#3796,#3797,#3798,#3799,#3800,#3801,#3802,
#3803));
#577=EDGE_LOOP('',(#3804));
#578=EDGE_LOOP('',(#3805));
#579=EDGE_LOOP('',(#3806));
#580=EDGE_LOOP('',(#3807,#3808,#3809,#3810));
#581=EDGE_LOOP('',(#3811,#3812,#3813,#3814,#3815,#3816,#3817,#3818,#3819,
#3820,#3821));
#582=EDGE_LOOP('',(#3822));
#583=EDGE_LOOP('',(#3823,#3824,#3825,#3826));
#584=EDGE_LOOP('',(#3827));
#585=EDGE_LOOP('',(#3828,#3829,#3830,#3831));
#586=EDGE_LOOP('',(#3832));
#587=EDGE_LOOP('',(#3833,#3834,#3835,#3836));
#588=EDGE_LOOP('',(#3837));
#589=EDGE_LOOP('',(#3838,#3839,#3840,#3841));
#590=EDGE_LOOP('',(#3842));
#591=EDGE_LOOP('',(#3843,#3844,#3845,#3846));
#592=EDGE_LOOP('',(#3847,#3848,#3849,#3850));
#593=EDGE_LOOP('',(#3851,#3852,#3853,#3854,#3855,#3856,#3857,#3858));
#594=EDGE_LOOP('',(#3859,#3860,#3861,#3862));
#595=EDGE_LOOP('',(#3863,#3864,#3865,#3866));
#596=EDGE_LOOP('',(#3867,#3868,#3869,#3870));
#597=EDGE_LOOP('',(#3871,#3872,#3873,#3874));
#598=EDGE_LOOP('',(#3875,#3876,#3877,#3878));
#599=EDGE_LOOP('',(#3879,#3880,#3881,#3882));
#600=EDGE_LOOP('',(#3883,#3884,#3885,#3886));
#601=EDGE_LOOP('',(#3887,#3888,#3889,#3890));
#602=EDGE_LOOP('',(#3891,#3892,#3893,#3894));
#603=EDGE_LOOP('',(#3895,#3896,#3897,#3898,#3899,#3900,#3901,#3902));
#604=EDGE_LOOP('',(#3903,#3904,#3905,#3906,#3907,#3908,#3909,#3910));
#605=EDGE_LOOP('',(#3911,#3912,#3913,#3914));
#606=EDGE_LOOP('',(#3915,#3916,#3917,#3918,#3919,#3920,#3921,#3922,#3923,
#3924,#3925,#3926,#3927,#3928,#3929,#3930,#3931,#3932,#3933,#3934,#3935,
#3936,#3937,#3938,#3939,#3940,#3941,#3942,#3943,#3944,#3945,#3946,#3947,
#3948,#3949,#3950,#3951,#3952,#3953,#3954,#3955,#3956,#3957,#3958,#3959,
#3960,#3961,#3962));
#607=EDGE_LOOP('',(#3963));
#608=EDGE_LOOP('',(#3964));
#609=EDGE_LOOP('',(#3965));
#610=EDGE_LOOP('',(#3966));
#611=EDGE_LOOP('',(#3967));
#612=EDGE_LOOP('',(#3968,#3969,#3970,#3971,#3972,#3973));
#613=EDGE_LOOP('',(#3974,#3975,#3976,#3977,#3978,#3979));
#614=EDGE_LOOP('',(#3980,#3981,#3982,#3983,#3984,#3985,#3986,#3987));
#615=EDGE_LOOP('',(#3988,#3989,#3990,#3991,#3992,#3993));
#616=EDGE_LOOP('',(#3994,#3995,#3996,#3997,#3998,#3999));
#617=EDGE_LOOP('',(#4000,#4001,#4002,#4003));
#618=EDGE_LOOP('',(#4004,#4005,#4006,#4007));
#619=EDGE_LOOP('',(#4008,#4009,#4010,#4011));
#620=EDGE_LOOP('',(#4012,#4013,#4014,#4015));
#621=EDGE_LOOP('',(#4016,#4017,#4018,#4019,#4020,#4021));
#622=EDGE_LOOP('',(#4022,#4023,#4024,#4025,#4026,#4027));
#623=EDGE_LOOP('',(#4028,#4029,#4030,#4031,#4032,#4033));
#624=EDGE_LOOP('',(#4034,#4035,#4036,#4037,#4038,#4039));
#625=EDGE_LOOP('',(#4040,#4041,#4042,#4043,#4044,#4045,#4046,#4047));
#626=EDGE_LOOP('',(#4048,#4049,#4050,#4051,#4052,#4053,#4054,#4055));
#627=EDGE_LOOP('',(#4056,#4057,#4058,#4059,#4060,#4061,#4062,#4063,#4064,
#4065,#4066,#4067,#4068,#4069,#4070,#4071,#4072,#4073,#4074,#4075,#4076,
#4077,#4078,#4079,#4080,#4081,#4082,#4083,#4084,#4085,#4086,#4087,#4088,
#4089,#4090,#4091));
#628=EDGE_LOOP('',(#4092));
#629=EDGE_LOOP('',(#4093));
#630=EDGE_LOOP('',(#4094));
#631=EDGE_LOOP('',(#4095));
#632=EDGE_LOOP('',(#4096));
#633=EDGE_LOOP('',(#4097,#4098,#4099,#4100));
#634=EDGE_LOOP('',(#4101,#4102,#4103,#4104));
#635=EDGE_LOOP('',(#4105,#4106,#4107,#4108));
#636=EDGE_LOOP('',(#4109,#4110,#4111,#4112));
#637=EDGE_LOOP('',(#4113,#4114,#4115,#4116));
#638=EDGE_LOOP('',(#4117));
#639=EDGE_LOOP('',(#4118,#4119,#4120,#4121));
#640=EDGE_LOOP('',(#4122,#4123,#4124,#4125));
#641=EDGE_LOOP('',(#4126,#4127,#4128,#4129));
#642=EDGE_LOOP('',(#4130,#4131,#4132,#4133));
#643=EDGE_LOOP('',(#4134,#4135,#4136,#4137));
#644=EDGE_LOOP('',(#4138,#4139,#4140,#4141));
#645=EDGE_LOOP('',(#4142,#4143,#4144,#4145));
#646=EDGE_LOOP('',(#4146,#4147,#4148,#4149));
#647=EDGE_LOOP('',(#4150,#4151,#4152,#4153));
#648=EDGE_LOOP('',(#4154,#4155,#4156,#4157));
#649=EDGE_LOOP('',(#4158,#4159,#4160,#4161));
#650=EDGE_LOOP('',(#4162,#4163,#4164,#4165));
#651=EDGE_LOOP('',(#4166,#4167,#4168,#4169));
#652=EDGE_LOOP('',(#4170,#4171,#4172,#4173));
#653=EDGE_LOOP('',(#4174,#4175,#4176,#4177));
#654=EDGE_LOOP('',(#4178,#4179,#4180,#4181));
#655=EDGE_LOOP('',(#4182,#4183,#4184,#4185));
#656=EDGE_LOOP('',(#4186,#4187,#4188,#4189));
#657=EDGE_LOOP('',(#4190,#4191,#4192,#4193));
#658=EDGE_LOOP('',(#4194,#4195,#4196,#4197));
#659=EDGE_LOOP('',(#4198,#4199,#4200,#4201));
#660=EDGE_LOOP('',(#4202,#4203,#4204,#4205));
#661=EDGE_LOOP('',(#4206,#4207,#4208,#4209));
#662=EDGE_LOOP('',(#4210,#4211,#4212,#4213));
#663=EDGE_LOOP('',(#4214,#4215,#4216,#4217));
#664=EDGE_LOOP('',(#4218,#4219,#4220,#4221));
#665=EDGE_LOOP('',(#4222,#4223,#4224,#4225));
#666=EDGE_LOOP('',(#4226,#4227,#4228,#4229));
#667=EDGE_LOOP('',(#4230,#4231,#4232,#4233));
#668=EDGE_LOOP('',(#4234,#4235,#4236,#4237));
#669=EDGE_LOOP('',(#4238,#4239,#4240,#4241,#4242,#4243,#4244,#4245));
#670=EDGE_LOOP('',(#4246,#4247,#4248,#4249));
#671=EDGE_LOOP('',(#4250,#4251,#4252,#4253,#4254,#4255,#4256,#4257,#4258,
#4259,#4260,#4261));
#672=EDGE_LOOP('',(#4262,#4263,#4264,#4265));
#673=EDGE_LOOP('',(#4266,#4267,#4268,#4269));
#674=EDGE_LOOP('',(#4270,#4271,#4272,#4273));
#675=EDGE_LOOP('',(#4274));
#676=EDGE_LOOP('',(#4275));
#677=EDGE_LOOP('',(#4276,#4277,#4278,#4279));
#678=EDGE_LOOP('',(#4280,#4281,#4282,#4283));
#679=EDGE_LOOP('',(#4284,#4285,#4286,#4287));
#680=EDGE_LOOP('',(#4288));
#681=EDGE_LOOP('',(#4289));
#682=EDGE_LOOP('',(#4290));
#683=EDGE_LOOP('',(#4291,#4292,#4293,#4294));
#684=EDGE_LOOP('',(#4295,#4296,#4297,#4298));
#685=EDGE_LOOP('',(#4299,#4300,#4301,#4302));
#686=EDGE_LOOP('',(#4303,#4304,#4305,#4306));
#687=EDGE_LOOP('',(#4307,#4308,#4309,#4310,#4311,#4312,#4313,#4314));
#688=EDGE_LOOP('',(#4315,#4316,#4317,#4318));
#689=EDGE_LOOP('',(#4319,#4320,#4321,#4322));
#690=EDGE_LOOP('',(#4323,#4324,#4325,#4326));
#691=EDGE_LOOP('',(#4327,#4328,#4329,#4330));
#692=EDGE_LOOP('',(#4331,#4332,#4333,#4334));
#693=EDGE_LOOP('',(#4335,#4336,#4337,#4338));
#694=EDGE_LOOP('',(#4339,#4340,#4341,#4342,#4343));
#695=EDGE_LOOP('',(#4344,#4345,#4346));
#696=EDGE_LOOP('',(#4347,#4348,#4349,#4350));
#697=EDGE_LOOP('',(#4351,#4352,#4353));
#698=EDGE_LOOP('',(#4354,#4355,#4356,#4357));
#699=EDGE_LOOP('',(#4358,#4359,#4360,#4361,#4362,#4363,#4364,#4365));
#700=EDGE_LOOP('',(#4366));
#701=EDGE_LOOP('',(#4367,#4368,#4369,#4370));
#702=EDGE_LOOP('',(#4371));
#703=EDGE_LOOP('',(#4372,#4373,#4374,#4375));
#704=EDGE_LOOP('',(#4376,#4377,#4378,#4379));
#705=EDGE_LOOP('',(#4380,#4381,#4382,#4383));
#706=EDGE_LOOP('',(#4384,#4385,#4386,#4387));
#707=EDGE_LOOP('',(#4388,#4389,#4390,#4391));
#708=EDGE_LOOP('',(#4392));
#709=EDGE_LOOP('',(#4393,#4394,#4395,#4396,#4397));
#710=EDGE_LOOP('',(#4398));
#711=EDGE_LOOP('',(#4399,#4400,#4401,#4402));
#712=EDGE_LOOP('',(#4403,#4404,#4405,#4406));
#713=EDGE_LOOP('',(#4407,#4408,#4409,#4410));
#714=EDGE_LOOP('',(#4411,#4412,#4413,#4414));
#715=EDGE_LOOP('',(#4415,#4416,#4417,#4418,#4419));
#716=EDGE_LOOP('',(#4420));
#717=EDGE_LOOP('',(#4421));
#718=EDGE_LOOP('',(#4422,#4423,#4424,#4425));
#719=EDGE_LOOP('',(#4426,#4427,#4428,#4429));
#720=EDGE_LOOP('',(#4430));
#721=EDGE_LOOP('',(#4431));
#722=EDGE_LOOP('',(#4432,#4433,#4434,#4435));
#723=EDGE_LOOP('',(#4436,#4437,#4438,#4439));
#724=EDGE_LOOP('',(#4440));
#725=EDGE_LOOP('',(#4441));
#726=EDGE_LOOP('',(#4442));
#727=EDGE_LOOP('',(#4443,#4444,#4445,#4446));
#728=EDGE_LOOP('',(#4447,#4448,#4449,#4450));
#729=EDGE_LOOP('',(#4451));
#730=EDGE_LOOP('',(#4452));
#731=EDGE_LOOP('',(#4453));
#732=EDGE_LOOP('',(#4454,#4455,#4456,#4457));
#733=EDGE_LOOP('',(#4458,#4459,#4460,#4461));
#734=EDGE_LOOP('',(#4462));
#735=EDGE_LOOP('',(#4463));
#736=EDGE_LOOP('',(#4464));
#737=EDGE_LOOP('',(#4465,#4466,#4467,#4468));
#738=EDGE_LOOP('',(#4469,#4470,#4471,#4472));
#739=EDGE_LOOP('',(#4473));
#740=EDGE_LOOP('',(#4474));
#741=EDGE_LOOP('',(#4475));
#742=EDGE_LOOP('',(#4476,#4477,#4478,#4479));
#743=EDGE_LOOP('',(#4480,#4481,#4482,#4483,#4484,#4485,#4486));
#744=EDGE_LOOP('',(#4487,#4488,#4489,#4490));
#745=EDGE_LOOP('',(#4491,#4492,#4493,#4494,#4495,#4496,#4497));
#746=EDGE_LOOP('',(#4498,#4499,#4500,#4501));
#747=EDGE_LOOP('',(#4502,#4503,#4504,#4505));
#748=EDGE_LOOP('',(#4506,#4507,#4508,#4509));
#749=EDGE_LOOP('',(#4510,#4511,#4512,#4513));
#750=EDGE_LOOP('',(#4514,#4515,#4516,#4517));
#751=EDGE_LOOP('',(#4518,#4519,#4520,#4521,#4522,#4523,#4524,#4525));
#752=EDGE_LOOP('',(#4526,#4527,#4528,#4529));
#753=EDGE_LOOP('',(#4530,#4531,#4532,#4533,#4534,#4535,#4536,#4537));
#754=EDGE_LOOP('',(#4538,#4539,#4540,#4541));
#755=EDGE_LOOP('',(#4542,#4543,#4544,#4545));
#756=EDGE_LOOP('',(#4546,#4547,#4548,#4549));
#757=EDGE_LOOP('',(#4550,#4551,#4552,#4553));
#758=EDGE_LOOP('',(#4554,#4555,#4556,#4557));
#759=EDGE_LOOP('',(#4558,#4559,#4560,#4561));
#760=EDGE_LOOP('',(#4562,#4563,#4564,#4565));
#761=EDGE_LOOP('',(#4566,#4567,#4568,#4569));
#762=EDGE_LOOP('',(#4570,#4571,#4572,#4573));
#763=EDGE_LOOP('',(#4574,#4575,#4576,#4577));
#764=EDGE_LOOP('',(#4578,#4579,#4580,#4581));
#765=EDGE_LOOP('',(#4582,#4583,#4584,#4585));
#766=EDGE_LOOP('',(#4586,#4587,#4588,#4589,#4590,#4591,#4592,#4593,#4594,
#4595,#4596,#4597));
#767=EDGE_LOOP('',(#4598,#4599,#4600,#4601,#4602,#4603,#4604,#4605,#4606,
#4607,#4608,#4609));
#768=EDGE_LOOP('',(#4610,#4611,#4612,#4613,#4614,#4615));
#769=EDGE_LOOP('',(#4616,#4617,#4618,#4619,#4620,#4621));
#770=EDGE_LOOP('',(#4622,#4623,#4624,#4625,#4626,#4627,#4628,#4629));
#771=EDGE_LOOP('',(#4630,#4631,#4632,#4633));
#772=EDGE_LOOP('',(#4634,#4635,#4636,#4637,#4638,#4639,#4640,#4641,#4642,
#4643,#4644,#4645,#4646,#4647));
#773=EDGE_LOOP('',(#4648));
#774=EDGE_LOOP('',(#4649,#4650,#4651,#4652,#4653,#4654,#4655,#4656,#4657,
#4658,#4659,#4660,#4661,#4662,#4663,#4664));
#775=EDGE_LOOP('',(#4665,#4666,#4667,#4668));
#776=EDGE_LOOP('',(#4669,#4670,#4671,#4672,#4673,#4674));
#777=EDGE_LOOP('',(#4675,#4676,#4677,#4678,#4679,#4680));
#778=EDGE_LOOP('',(#4681,#4682,#4683,#4684,#4685,#4686,#4687,#4688));
#779=EDGE_LOOP('',(#4689,#4690,#4691,#4692));
#780=EDGE_LOOP('',(#4693,#4694,#4695,#4696,#4697,#4698,#4699,#4700));
#781=EDGE_LOOP('',(#4701));
#782=EDGE_LOOP('',(#4702,#4703,#4704,#4705));
#783=EDGE_LOOP('',(#4706,#4707,#4708,#4709,#4710,#4711,#4712,#4713));
#784=EDGE_LOOP('',(#4714,#4715,#4716,#4717,#4718,#4719,#4720,#4721));
#785=EDGE_LOOP('',(#4722,#4723,#4724,#4725));
#786=EDGE_LOOP('',(#4726,#4727,#4728,#4729,#4730));
#787=EDGE_LOOP('',(#4731,#4732,#4733,#4734));
#788=EDGE_LOOP('',(#4735,#4736,#4737,#4738,#4739));
#789=EDGE_LOOP('',(#4740,#4741,#4742,#4743));
#790=EDGE_LOOP('',(#4744,#4745,#4746,#4747));
#791=EDGE_LOOP('',(#4748,#4749,#4750,#4751,#4752,#4753,#4754,#4755));
#792=EDGE_LOOP('',(#4756,#4757,#4758,#4759));
#793=EDGE_LOOP('',(#4760,#4761,#4762,#4763));
#794=EDGE_LOOP('',(#4764,#4765,#4766,#4767));
#795=EDGE_LOOP('',(#4768));
#796=EDGE_LOOP('',(#4769));
#797=EDGE_LOOP('',(#4770,#4771,#4772,#4773));
#798=EDGE_LOOP('',(#4774,#4775,#4776,#4777,#4778,#4779,#4780,#4781,#4782));
#799=EDGE_LOOP('',(#4783,#4784,#4785,#4786,#4787,#4788));
#800=EDGE_LOOP('',(#4789));
#801=EDGE_LOOP('',(#4790,#4791,#4792,#4793));
#802=EDGE_LOOP('',(#4794,#4795,#4796,#4797));
#803=EDGE_LOOP('',(#4798,#4799,#4800,#4801));
#804=EDGE_LOOP('',(#4802,#4803,#4804,#4805));
#805=EDGE_LOOP('',(#4806,#4807,#4808,#4809));
#806=EDGE_LOOP('',(#4810));
#807=EDGE_LOOP('',(#4811,#4812,#4813,#4814,#4815,#4816));
#808=EDGE_LOOP('',(#4817,#4818,#4819,#4820,#4821,#4822,#4823,#4824));
#809=EDGE_LOOP('',(#4825,#4826,#4827,#4828));
#810=EDGE_LOOP('',(#4829));
#811=EDGE_LOOP('',(#4830,#4831,#4832,#4833));
#812=EDGE_LOOP('',(#4834,#4835,#4836,#4837));
#813=EDGE_LOOP('',(#4838,#4839,#4840,#4841));
#814=EDGE_LOOP('',(#4842,#4843,#4844,#4845,#4846,#4847,#4848,#4849,#4850));
#815=EDGE_LOOP('',(#4851,#4852,#4853,#4854,#4855,#4856));
#816=EDGE_LOOP('',(#4857,#4858,#4859,#4860,#4861,#4862,#4863,#4864,#4865,
#4866));
#817=EDGE_LOOP('',(#4867,#4868,#4869,#4870,#4871,#4872,#4873));
#818=EDGE_LOOP('',(#4874,#4875,#4876,#4877));
#819=EDGE_LOOP('',(#4878,#4879,#4880,#4881));
#820=EDGE_LOOP('',(#4882,#4883,#4884,#4885,#4886));
#821=EDGE_LOOP('',(#4887,#4888,#4889,#4890,#4891,#4892,#4893,#4894));
#822=EDGE_LOOP('',(#4895,#4896,#4897,#4898));
#823=EDGE_LOOP('',(#4899,#4900,#4901,#4902));
#824=EDGE_LOOP('',(#4903,#4904,#4905,#4906));
#825=EDGE_LOOP('',(#4907,#4908,#4909,#4910));
#826=EDGE_LOOP('',(#4911,#4912,#4913,#4914));
#827=EDGE_LOOP('',(#4915,#4916,#4917,#4918));
#828=EDGE_LOOP('',(#4919,#4920,#4921,#4922));
#829=EDGE_LOOP('',(#4923,#4924,#4925,#4926));
#830=EDGE_LOOP('',(#4927,#4928,#4929,#4930));
#831=EDGE_LOOP('',(#4931,#4932,#4933,#4934));
#832=EDGE_LOOP('',(#4935,#4936,#4937,#4938,#4939,#4940,#4941));
#833=EDGE_LOOP('',(#4942,#4943,#4944,#4945));
#834=EDGE_LOOP('',(#4946,#4947,#4948,#4949));
#835=EDGE_LOOP('',(#4950,#4951,#4952,#4953));
#836=EDGE_LOOP('',(#4954,#4955,#4956,#4957));
#837=EDGE_LOOP('',(#4958,#4959,#4960,#4961));
#838=EDGE_LOOP('',(#4962,#4963,#4964,#4965));
#839=EDGE_LOOP('',(#4966,#4967,#4968,#4969));
#840=EDGE_LOOP('',(#4970,#4971,#4972,#4973));
#841=EDGE_LOOP('',(#4974,#4975,#4976,#4977));
#842=EDGE_LOOP('',(#4978));
#843=EDGE_LOOP('',(#4979,#4980,#4981,#4982));
#844=EDGE_LOOP('',(#4983));
#845=EDGE_LOOP('',(#4984,#4985,#4986,#4987));
#846=EDGE_LOOP('',(#4988,#4989,#4990,#4991));
#847=EDGE_LOOP('',(#4992,#4993,#4994,#4995,#4996,#4997));
#848=EDGE_LOOP('',(#4998,#4999,#5000,#5001,#5002,#5003));
#849=EDGE_LOOP('',(#5004,#5005,#5006,#5007,#5008,#5009));
#850=EDGE_LOOP('',(#5010,#5011,#5012,#5013,#5014,#5015,#5016,#5017,#5018,
#5019,#5020,#5021,#5022,#5023,#5024,#5025,#5026,#5027,#5028,#5029));
#851=EDGE_LOOP('',(#5030,#5031,#5032,#5033,#5034,#5035));
#852=EDGE_LOOP('',(#5036,#5037,#5038,#5039));
#853=EDGE_LOOP('',(#5040,#5041,#5042,#5043));
#854=EDGE_LOOP('',(#5044,#5045,#5046,#5047));
#855=EDGE_LOOP('',(#5048,#5049,#5050,#5051));
#856=EDGE_LOOP('',(#5052,#5053,#5054,#5055));
#857=EDGE_LOOP('',(#5056,#5057,#5058,#5059));
#858=EDGE_LOOP('',(#5060,#5061,#5062,#5063));
#859=EDGE_LOOP('',(#5064,#5065,#5066,#5067));
#860=EDGE_LOOP('',(#5068,#5069,#5070,#5071));
#861=EDGE_LOOP('',(#5072,#5073,#5074,#5075));
#862=EDGE_LOOP('',(#5076,#5077,#5078,#5079));
#863=EDGE_LOOP('',(#5080,#5081,#5082,#5083));
#864=EDGE_LOOP('',(#5084,#5085,#5086,#5087));
#865=EDGE_LOOP('',(#5088,#5089,#5090,#5091));
#866=EDGE_LOOP('',(#5092,#5093,#5094,#5095));
#867=EDGE_LOOP('',(#5096,#5097,#5098,#5099));
#868=EDGE_LOOP('',(#5100,#5101,#5102,#5103));
#869=EDGE_LOOP('',(#5104,#5105,#5106,#5107));
#870=EDGE_LOOP('',(#5108,#5109,#5110,#5111));
#871=EDGE_LOOP('',(#5112,#5113,#5114,#5115));
#872=EDGE_LOOP('',(#5116,#5117,#5118,#5119));
#873=EDGE_LOOP('',(#5120,#5121,#5122,#5123));
#874=EDGE_LOOP('',(#5124,#5125,#5126,#5127));
#875=EDGE_LOOP('',(#5128,#5129,#5130,#5131));
#876=EDGE_LOOP('',(#5132,#5133,#5134,#5135));
#877=EDGE_LOOP('',(#5136,#5137,#5138,#5139));
#878=EDGE_LOOP('',(#5140,#5141,#5142,#5143));
#879=EDGE_LOOP('',(#5144,#5145,#5146,#5147));
#880=EDGE_LOOP('',(#5148,#5149,#5150,#5151));
#881=EDGE_LOOP('',(#5152,#5153,#5154,#5155));
#882=EDGE_LOOP('',(#5156,#5157,#5158,#5159));
#883=EDGE_LOOP('',(#5160,#5161,#5162,#5163));
#884=EDGE_LOOP('',(#5164,#5165,#5166,#5167));
#885=EDGE_LOOP('',(#5168,#5169,#5170,#5171,#5172,#5173,#5174,#5175));
#886=EDGE_LOOP('',(#5176,#5177,#5178,#5179,#5180,#5181,#5182,#5183));
#887=EDGE_LOOP('',(#5184,#5185,#5186,#5187,#5188,#5189,#5190,#5191));
#888=EDGE_LOOP('',(#5192,#5193,#5194,#5195,#5196,#5197,#5198,#5199));
#889=EDGE_LOOP('',(#5200,#5201,#5202,#5203,#5204,#5205,#5206,#5207));
#890=EDGE_LOOP('',(#5208,#5209,#5210,#5211,#5212,#5213,#5214,#5215));
#891=EDGE_LOOP('',(#5216,#5217,#5218,#5219,#5220,#5221,#5222,#5223));
#892=EDGE_LOOP('',(#5224,#5225,#5226,#5227,#5228,#5229,#5230,#5231));
#893=EDGE_LOOP('',(#5232,#5233,#5234,#5235));
#894=EDGE_LOOP('',(#5236,#5237,#5238,#5239));
#895=EDGE_LOOP('',(#5240,#5241,#5242,#5243,#5244,#5245,#5246,#5247));
#896=EDGE_LOOP('',(#5248,#5249,#5250,#5251,#5252,#5253,#5254,#5255));
#897=EDGE_LOOP('',(#5256,#5257,#5258,#5259,#5260,#5261,#5262,#5263));
#898=EDGE_LOOP('',(#5264,#5265,#5266,#5267,#5268,#5269,#5270,#5271));
#899=EDGE_LOOP('',(#5272,#5273,#5274,#5275));
#900=EDGE_LOOP('',(#5276,#5277,#5278,#5279));
#901=EDGE_LOOP('',(#5280,#5281,#5282,#5283));
#902=EDGE_LOOP('',(#5284,#5285,#5286,#5287));
#903=EDGE_LOOP('',(#5288,#5289,#5290,#5291));
#904=EDGE_LOOP('',(#5292,#5293,#5294,#5295));
#905=LINE('',#7758,#1616);
#906=LINE('',#7760,#1617);
#907=LINE('',#7762,#1618);
#908=LINE('',#7763,#1619);
#909=LINE('',#7766,#1620);
#910=LINE('',#7768,#1621);
#911=LINE('',#7770,#1622);
#912=LINE('',#7772,#1623);
#913=LINE('',#7774,#1624);
#914=LINE('',#7776,#1625);
#915=LINE('',#7778,#1626);
#916=LINE('',#7780,#1627);
#917=LINE('',#7782,#1628);
#918=LINE('',#7784,#1629);
#919=LINE('',#7786,#1630);
#920=LINE('',#7787,#1631);
#921=LINE('',#7805,#1632);
#922=LINE('',#7807,#1633);
#923=LINE('',#7809,#1634);
#924=LINE('',#7811,#1635);
#925=LINE('',#7813,#1636);
#926=LINE('',#7815,#1637);
#927=LINE('',#7817,#1638);
#928=LINE('',#7819,#1639);
#929=LINE('',#7821,#1640);
#930=LINE('',#7822,#1641);
#931=LINE('',#7825,#1642);
#932=LINE('',#7826,#1643);
#933=LINE('',#7830,#1644);
#934=LINE('',#7832,#1645);
#935=LINE('',#7834,#1646);
#936=LINE('',#7835,#1647);
#937=LINE('',#7838,#1648);
#938=LINE('',#7840,#1649);
#939=LINE('',#7841,#1650);
#940=LINE('',#7844,#1651);
#941=LINE('',#7846,#1652);
#942=LINE('',#7848,#1653);
#943=LINE('',#7850,#1654);
#944=LINE('',#7851,#1655);
#945=LINE('',#7855,#1656);
#946=LINE('',#7857,#1657);
#947=LINE('',#7859,#1658);
#948=LINE('',#7860,#1659);
#949=LINE('',#7863,#1660);
#950=LINE('',#7865,#1661);
#951=LINE('',#7866,#1662);
#952=LINE('',#7869,#1663);
#953=LINE('',#7871,#1664);
#954=LINE('',#7873,#1665);
#955=LINE('',#7875,#1666);
#956=LINE('',#7876,#1667);
#957=LINE('',#7881,#1668);
#958=LINE('',#7890,#1669);
#959=LINE('',#7899,#1670);
#960=LINE('',#7908,#1671);
#961=LINE('',#7917,#1672);
#962=LINE('',#7925,#1673);
#963=LINE('',#7927,#1674);
#964=LINE('',#7929,#1675);
#965=LINE('',#7931,#1676);
#966=LINE('',#7933,#1677);
#967=LINE('',#7934,#1678);
#968=LINE('',#7940,#1679);
#969=LINE('',#7944,#1680);
#970=LINE('',#7946,#1681);
#971=LINE('',#7948,#1682);
#972=LINE('',#7950,#1683);
#973=LINE('',#7951,#1684);
#974=LINE('',#7954,#1685);
#975=LINE('',#7956,#1686);
#976=LINE('',#7958,#1687);
#977=LINE('',#7959,#1688);
#978=LINE('',#7962,#1689);
#979=LINE('',#7967,#1690);
#980=LINE('',#7969,#1691);
#981=LINE('',#7971,#1692);
#982=LINE('',#7973,#1693);
#983=LINE('',#7974,#1694);
#984=LINE('',#7976,#1695);
#985=LINE('',#7978,#1696);
#986=LINE('',#7980,#1697);
#987=LINE('',#7981,#1698);
#988=LINE('',#7984,#1699);
#989=LINE('',#7988,#1700);
#990=LINE('',#7990,#1701);
#991=LINE('',#7991,#1702);
#992=LINE('',#7992,#1703);
#993=LINE('',#7994,#1704);
#994=LINE('',#7996,#1705);
#995=LINE('',#7997,#1706);
#996=LINE('',#8000,#1707);
#997=LINE('',#8002,#1708);
#998=LINE('',#8004,#1709);
#999=LINE('',#8005,#1710);
#1000=LINE('',#8008,#1711);
#1001=LINE('',#8013,#1712);
#1002=LINE('',#8018,#1713);
#1003=LINE('',#8024,#1714);
#1004=LINE('',#8028,#1715);
#1005=LINE('',#8033,#1716);
#1006=LINE('',#8037,#1717);
#1007=LINE('',#8041,#1718);
#1008=LINE('',#8043,#1719);
#1009=LINE('',#8045,#1720);
#1010=LINE('',#8047,#1721);
#1011=LINE('',#8049,#1722);
#1012=LINE('',#8051,#1723);
#1013=LINE('',#8052,#1724);
#1014=LINE('',#8057,#1725);
#1015=LINE('',#8062,#1726);
#1016=LINE('',#8066,#1727);
#1017=LINE('',#8070,#1728);
#1018=LINE('',#8072,#1729);
#1019=LINE('',#8073,#1730);
#1020=LINE('',#8077,#1731);
#1021=LINE('',#8079,#1732);
#1022=LINE('',#8081,#1733);
#1023=LINE('',#8082,#1734);
#1024=LINE('',#8086,#1735);
#1025=LINE('',#8088,#1736);
#1026=LINE('',#8090,#1737);
#1027=LINE('',#8091,#1738);
#1028=LINE('',#8093,#1739);
#1029=LINE('',#8094,#1740);
#1030=LINE('',#8098,#1741);
#1031=LINE('',#8100,#1742);
#1032=LINE('',#8102,#1743);
#1033=LINE('',#8103,#1744);
#1034=LINE('',#8107,#1745);
#1035=LINE('',#8109,#1746);
#1036=LINE('',#8111,#1747);
#1037=LINE('',#8112,#1748);
#1038=LINE('',#8114,#1749);
#1039=LINE('',#8115,#1750);
#1040=LINE('',#8118,#1751);
#1041=LINE('',#8119,#1752);
#1042=LINE('',#8121,#1753);
#1043=LINE('',#8122,#1754);
#1044=LINE('',#8125,#1755);
#1045=LINE('',#8126,#1756);
#1046=LINE('',#8128,#1757);
#1047=LINE('',#8129,#1758);
#1048=LINE('',#8133,#1759);
#1049=LINE('',#8135,#1760);
#1050=LINE('',#8137,#1761);
#1051=LINE('',#8138,#1762);
#1052=LINE('',#8140,#1763);
#1053=LINE('',#8142,#1764);
#1054=LINE('',#8143,#1765);
#1055=LINE('',#8145,#1766);
#1056=LINE('',#8147,#1767);
#1057=LINE('',#8149,#1768);
#1058=LINE('',#8151,#1769);
#1059=LINE('',#8152,#1770);
#1060=LINE('',#8154,#1771);
#1061=LINE('',#8156,#1772);
#1062=LINE('',#8158,#1773);
#1063=LINE('',#8160,#1774);
#1064=LINE('',#8164,#1775);
#1065=LINE('',#8166,#1776);
#1066=LINE('',#8168,#1777);
#1067=LINE('',#8172,#1778);
#1068=LINE('',#8174,#1779);
#1069=LINE('',#8176,#1780);
#1070=LINE('',#8178,#1781);
#1071=LINE('',#8182,#1782);
#1072=LINE('',#8184,#1783);
#1073=LINE('',#8186,#1784);
#1074=LINE('',#8188,#1785);
#1075=LINE('',#8192,#1786);
#1076=LINE('',#8194,#1787);
#1077=LINE('',#8196,#1788);
#1078=LINE('',#8200,#1789);
#1079=LINE('',#8202,#1790);
#1080=LINE('',#8204,#1791);
#1081=LINE('',#8205,#1792);
#1082=LINE('',#8207,#1793);
#1083=LINE('',#8209,#1794);
#1084=LINE('',#8211,#1795);
#1085=LINE('',#8213,#1796);
#1086=LINE('',#8214,#1797);
#1087=LINE('',#8227,#1798);
#1088=LINE('',#8228,#1799);
#1089=LINE('',#8231,#1800);
#1090=LINE('',#8232,#1801);
#1091=LINE('',#8233,#1802);
#1092=LINE('',#8235,#1803);
#1093=LINE('',#8238,#1804);
#1094=LINE('',#8239,#1805);
#1095=LINE('',#8242,#1806);
#1096=LINE('',#8243,#1807);
#1097=LINE('',#8246,#1808);
#1098=LINE('',#8247,#1809);
#1099=LINE('',#8250,#1810);
#1100=LINE('',#8251,#1811);
#1101=LINE('',#8253,#1812);
#1102=LINE('',#8255,#1813);
#1103=LINE('',#8257,#1814);
#1104=LINE('',#8261,#1815);
#1105=LINE('',#8262,#1816);
#1106=LINE('',#8263,#1817);
#1107=LINE('',#8267,#1818);
#1108=LINE('',#8268,#1819);
#1109=LINE('',#8269,#1820);
#1110=LINE('',#8271,#1821);
#1111=LINE('',#8275,#1822);
#1112=LINE('',#8277,#1823);
#1113=LINE('',#8278,#1824);
#1114=LINE('',#8279,#1825);
#1115=LINE('',#8282,#1826);
#1116=LINE('',#8284,#1827);
#1117=LINE('',#8286,#1828);
#1118=LINE('',#8290,#1829);
#1119=LINE('',#8292,#1830);
#1120=LINE('',#8294,#1831);
#1121=LINE('',#8298,#1832);
#1122=LINE('',#8300,#1833);
#1123=LINE('',#8302,#1834);
#1124=LINE('',#8304,#1835);
#1125=LINE('',#8308,#1836);
#1126=LINE('',#8310,#1837);
#1127=LINE('',#8312,#1838);
#1128=LINE('',#8314,#1839);
#1129=LINE('',#8318,#1840);
#1130=LINE('',#8320,#1841);
#1131=LINE('',#8322,#1842);
#1132=LINE('',#8326,#1843);
#1133=LINE('',#8328,#1844);
#1134=LINE('',#8329,#1845);
#1135=LINE('',#8330,#1846);
#1136=LINE('',#8332,#1847);
#1137=LINE('',#8334,#1848);
#1138=LINE('',#8336,#1849);
#1139=LINE('',#8337,#1850);
#1140=LINE('',#8349,#1851);
#1141=LINE('',#8351,#1852);
#1142=LINE('',#8353,#1853);
#1143=LINE('',#8356,#1854);
#1144=LINE('',#8357,#1855);
#1145=LINE('',#8359,#1856);
#1146=LINE('',#8362,#1857);
#1147=LINE('',#8363,#1858);
#1148=LINE('',#8365,#1859);
#1149=LINE('',#8367,#1860);
#1150=LINE('',#8368,#1861);
#1151=LINE('',#8370,#1862);
#1152=LINE('',#8372,#1863);
#1153=LINE('',#8373,#1864);
#1154=LINE('',#8375,#1865);
#1155=LINE('',#8376,#1866);
#1156=LINE('',#8378,#1867);
#1157=LINE('',#8381,#1868);
#1158=LINE('',#8383,#1869);
#1159=LINE('',#8385,#1870);
#1160=LINE('',#8387,#1871);
#1161=LINE('',#8389,#1872);
#1162=LINE('',#8391,#1873);
#1163=LINE('',#8393,#1874);
#1164=LINE('',#8394,#1875);
#1165=LINE('',#8397,#1876);
#1166=LINE('',#8399,#1877);
#1167=LINE('',#8402,#1878);
#1168=LINE('',#8404,#1879);
#1169=LINE('',#8407,#1880);
#1170=LINE('',#8409,#1881);
#1171=LINE('',#8412,#1882);
#1172=LINE('',#8414,#1883);
#1173=LINE('',#8418,#1884);
#1174=LINE('',#8419,#1885);
#1175=LINE('',#8422,#1886);
#1176=LINE('',#8424,#1887);
#1177=LINE('',#8425,#1888);
#1178=LINE('',#8426,#1889);
#1179=LINE('',#8429,#1890);
#1180=LINE('',#8431,#1891);
#1181=LINE('',#8433,#1892);
#1182=LINE('',#8434,#1893);
#1183=LINE('',#8437,#1894);
#1184=LINE('',#8439,#1895);
#1185=LINE('',#8441,#1896);
#1186=LINE('',#8443,#1897);
#1187=LINE('',#8445,#1898);
#1188=LINE('',#8447,#1899);
#1189=LINE('',#8449,#1900);
#1190=LINE('',#8451,#1901);
#1191=LINE('',#8453,#1902);
#1192=LINE('',#8455,#1903);
#1193=LINE('',#8457,#1904);
#1194=LINE('',#8458,#1905);
#1195=LINE('',#8460,#1906);
#1196=LINE('',#8465,#1907);
#1197=LINE('',#8470,#1908);
#1198=LINE('',#8473,#1909);
#1199=LINE('',#8478,#1910);
#1200=LINE('',#8483,#1911);
#1201=LINE('',#8490,#1912);
#1202=LINE('',#8491,#1913);
#1203=LINE('',#8494,#1914);
#1204=LINE('',#8495,#1915);
#1205=LINE('',#8498,#1916);
#1206=LINE('',#8500,#1917);
#1207=LINE('',#8502,#1918);
#1208=LINE('',#8503,#1919);
#1209=LINE('',#8506,#1920);
#1210=LINE('',#8508,#1921);
#1211=LINE('',#8510,#1922);
#1212=LINE('',#8511,#1923);
#1213=LINE('',#8514,#1924);
#1214=LINE('',#8516,#1925);
#1215=LINE('',#8518,#1926);
#1216=LINE('',#8520,#1927);
#1217=LINE('',#8522,#1928);
#1218=LINE('',#8525,#1929);
#1219=LINE('',#8527,#1930);
#1220=LINE('',#8530,#1931);
#1221=LINE('',#8532,#1932);
#1222=LINE('',#8534,#1933);
#1223=LINE('',#8535,#1934);
#1224=LINE('',#8538,#1935);
#1225=LINE('',#8540,#1936);
#1226=LINE('',#8541,#1937);
#1227=LINE('',#8544,#1938);
#1228=LINE('',#8546,#1939);
#1229=LINE('',#8547,#1940);
#1230=LINE('',#8550,#1941);
#1231=LINE('',#8551,#1942);
#1232=LINE('',#8553,#1943);
#1233=LINE('',#8554,#1944);
#1234=LINE('',#8556,#1945);
#1235=LINE('',#8559,#1946);
#1236=LINE('',#8560,#1947);
#1237=LINE('',#8562,#1948);
#1238=LINE('',#8565,#1949);
#1239=LINE('',#8566,#1950);
#1240=LINE('',#8571,#1951);
#1241=LINE('',#8574,#1952);
#1242=LINE('',#8579,#1953);
#1243=LINE('',#8580,#1954);
#1244=LINE('',#8583,#1955);
#1245=LINE('',#8587,#1956);
#1246=LINE('',#8588,#1957);
#1247=LINE('',#8594,#1958);
#1248=LINE('',#8598,#1959);
#1249=LINE('',#8599,#1960);
#1250=LINE('',#8605,#1961);
#1251=LINE('',#8608,#1962);
#1252=LINE('',#8611,#1963);
#1253=LINE('',#8614,#1964);
#1254=LINE('',#8615,#1965);
#1255=LINE('',#8617,#1966);
#1256=LINE('',#8619,#1967);
#1257=LINE('',#8625,#1968);
#1258=LINE('',#8630,#1969);
#1259=LINE('',#8636,#1970);
#1260=LINE('',#8641,#1971);
#1261=LINE('',#8648,#1972);
#1262=LINE('',#8653,#1973);
#1263=LINE('',#8660,#1974);
#1264=LINE('',#8665,#1975);
#1265=LINE('',#8672,#1976);
#1266=LINE('',#8677,#1977);
#1267=LINE('',#8682,#1978);
#1268=LINE('',#8683,#1979);
#1269=LINE('',#8686,#1980);
#1270=LINE('',#8688,#1981);
#1271=LINE('',#8690,#1982);
#1272=LINE('',#8691,#1983);
#1273=LINE('',#8694,#1984);
#1274=LINE('',#8695,#1985);
#1275=LINE('',#8698,#1986);
#1276=LINE('',#8700,#1987);
#1277=LINE('',#8702,#1988);
#1278=LINE('',#8703,#1989);
#1279=LINE('',#8705,#1990);
#1280=LINE('',#8706,#1991);
#1281=LINE('',#8708,#1992);
#1282=LINE('',#8709,#1993);
#1283=LINE('',#8715,#1994);
#1284=LINE('',#8717,#1995);
#1285=LINE('',#8719,#1996);
#1286=LINE('',#8720,#1997);
#1287=LINE('',#8723,#1998);
#1288=LINE('',#8724,#1999);
#1289=LINE('',#8726,#2000);
#1290=LINE('',#8727,#2001);
#1291=LINE('',#8730,#2002);
#1292=LINE('',#8732,#2003);
#1293=LINE('',#8733,#2004);
#1294=LINE('',#8735,#2005);
#1295=LINE('',#8736,#2006);
#1296=LINE('',#8737,#2007);
#1297=LINE('',#8740,#2008);
#1298=LINE('',#8742,#2009);
#1299=LINE('',#8743,#2010);
#1300=LINE('',#8746,#2011);
#1301=LINE('',#8747,#2012);
#1302=LINE('',#8750,#2013);
#1303=LINE('',#8751,#2014);
#1304=LINE('',#8754,#2015);
#1305=LINE('',#8755,#2016);
#1306=LINE('',#8758,#2017);
#1307=LINE('',#8759,#2018);
#1308=LINE('',#8762,#2019);
#1309=LINE('',#8763,#2020);
#1310=LINE('',#8766,#2021);
#1311=LINE('',#8767,#2022);
#1312=LINE('',#8770,#2023);
#1313=LINE('',#8771,#2024);
#1314=LINE('',#8774,#2025);
#1315=LINE('',#8775,#2026);
#1316=LINE('',#8778,#2027);
#1317=LINE('',#8779,#2028);
#1318=LINE('',#8782,#2029);
#1319=LINE('',#8783,#2030);
#1320=LINE('',#8785,#2031);
#1321=LINE('',#8790,#2032);
#1322=LINE('',#8792,#2033);
#1323=LINE('',#8794,#2034);
#1324=LINE('',#8796,#2035);
#1325=LINE('',#8798,#2036);
#1326=LINE('',#8799,#2037);
#1327=LINE('',#8803,#2038);
#1328=LINE('',#8805,#2039);
#1329=LINE('',#8807,#2040);
#1330=LINE('',#8809,#2041);
#1331=LINE('',#8811,#2042);
#1332=LINE('',#8812,#2043);
#1333=LINE('',#8815,#2044);
#1334=LINE('',#8817,#2045);
#1335=LINE('',#8818,#2046);
#1336=LINE('',#8820,#2047);
#1337=LINE('',#8822,#2048);
#1338=LINE('',#8823,#2049);
#1339=LINE('',#8826,#2050);
#1340=LINE('',#8828,#2051);
#1341=LINE('',#8829,#2052);
#1342=LINE('',#8833,#2053);
#1343=LINE('',#8835,#2054);
#1344=LINE('',#8837,#2055);
#1345=LINE('',#8838,#2056);
#1346=LINE('',#8840,#2057);
#1347=LINE('',#8841,#2058);
#1348=LINE('',#8843,#2059);
#1349=LINE('',#8845,#2060);
#1350=LINE('',#8850,#2061);
#1351=LINE('',#8852,#2062);
#1352=LINE('',#8854,#2063);
#1353=LINE('',#8856,#2064);
#1354=LINE('',#8858,#2065);
#1355=LINE('',#8860,#2066);
#1356=LINE('',#8862,#2067);
#1357=LINE('',#8863,#2068);
#1358=LINE('',#8865,#2069);
#1359=LINE('',#8867,#2070);
#1360=LINE('',#8869,#2071);
#1361=LINE('',#8871,#2072);
#1362=LINE('',#8872,#2073);
#1363=LINE('',#8875,#2074);
#1364=LINE('',#8877,#2075);
#1365=LINE('',#8878,#2076);
#1366=LINE('',#8880,#2077);
#1367=LINE('',#8881,#2078);
#1368=LINE('',#8883,#2079);
#1369=LINE('',#8884,#2080);
#1370=LINE('',#8887,#2081);
#1371=LINE('',#8888,#2082);
#1372=LINE('',#8890,#2083);
#1373=LINE('',#8892,#2084);
#1374=LINE('',#8893,#2085);
#1375=LINE('',#8898,#2086);
#1376=LINE('',#8900,#2087);
#1377=LINE('',#8901,#2088);
#1378=LINE('',#8904,#2089);
#1379=LINE('',#8905,#2090);
#1380=LINE('',#8909,#2091);
#1381=LINE('',#8911,#2092);
#1382=LINE('',#8913,#2093);
#1383=LINE('',#8914,#2094);
#1384=LINE('',#8916,#2095);
#1385=LINE('',#8918,#2096);
#1386=LINE('',#8919,#2097);
#1387=LINE('',#8922,#2098);
#1388=LINE('',#8923,#2099);
#1389=LINE('',#8926,#2100);
#1390=LINE('',#8928,#2101);
#1391=LINE('',#8929,#2102);
#1392=LINE('',#8931,#2103);
#1393=LINE('',#8934,#2104);
#1394=LINE('',#8935,#2105);
#1395=LINE('',#8937,#2106);
#1396=LINE('',#8940,#2107);
#1397=LINE('',#8942,#2108);
#1398=LINE('',#8943,#2109);
#1399=LINE('',#8947,#2110);
#1400=LINE('',#8952,#2111);
#1401=LINE('',#8957,#2112);
#1402=LINE('',#8959,#2113);
#1403=LINE('',#8960,#2114);
#1404=LINE('',#8963,#2115);
#1405=LINE('',#8964,#2116);
#1406=LINE('',#8965,#2117);
#1407=LINE('',#8968,#2118);
#1408=LINE('',#8970,#2119);
#1409=LINE('',#8973,#2120);
#1410=LINE('',#8977,#2121);
#1411=LINE('',#8978,#2122);
#1412=LINE('',#8980,#2123);
#1413=LINE('',#8983,#2124);
#1414=LINE('',#8989,#2125);
#1415=LINE('',#8990,#2126);
#1416=LINE('',#8991,#2127);
#1417=LINE('',#8995,#2128);
#1418=LINE('',#8997,#2129);
#1419=LINE('',#8998,#2130);
#1420=LINE('',#8999,#2131);
#1421=LINE('',#9001,#2132);
#1422=LINE('',#9002,#2133);
#1423=LINE('',#9005,#2134);
#1424=LINE('',#9006,#2135);
#1425=LINE('',#9007,#2136);
#1426=LINE('',#9009,#2137);
#1427=LINE('',#9010,#2138);
#1428=LINE('',#9012,#2139);
#1429=LINE('',#9016,#2140);
#1430=LINE('',#9018,#2141);
#1431=LINE('',#9020,#2142);
#1432=LINE('',#9022,#2143);
#1433=LINE('',#9023,#2144);
#1434=LINE('',#9025,#2145);
#1435=LINE('',#9026,#2146);
#1436=LINE('',#9028,#2147);
#1437=LINE('',#9030,#2148);
#1438=LINE('',#9031,#2149);
#1439=LINE('',#9034,#2150);
#1440=LINE('',#9035,#2151);
#1441=LINE('',#9037,#2152);
#1442=LINE('',#9040,#2153);
#1443=LINE('',#9041,#2154);
#1444=LINE('',#9043,#2155);
#1445=LINE('',#9047,#2156);
#1446=LINE('',#9049,#2157);
#1447=LINE('',#9051,#2158);
#1448=LINE('',#9052,#2159);
#1449=LINE('',#9054,#2160);
#1450=LINE('',#9055,#2161);
#1451=LINE('',#9057,#2162);
#1452=LINE('',#9059,#2163);
#1453=LINE('',#9062,#2164);
#1454=LINE('',#9064,#2165);
#1455=LINE('',#9066,#2166);
#1456=LINE('',#9069,#2167);
#1457=LINE('',#9072,#2168);
#1458=LINE('',#9074,#2169);
#1459=LINE('',#9080,#2170);
#1460=LINE('',#9090,#2171);
#1461=LINE('',#9092,#2172);
#1462=LINE('',#9094,#2173);
#1463=LINE('',#9095,#2174);
#1464=LINE('',#9099,#2175);
#1465=LINE('',#9101,#2176);
#1466=LINE('',#9103,#2177);
#1467=LINE('',#9104,#2178);
#1468=LINE('',#9107,#2179);
#1469=LINE('',#9109,#2180);
#1470=LINE('',#9111,#2181);
#1471=LINE('',#9113,#2182);
#1472=LINE('',#9115,#2183);
#1473=LINE('',#9116,#2184);
#1474=LINE('',#9119,#2185);
#1475=LINE('',#9121,#2186);
#1476=LINE('',#9123,#2187);
#1477=LINE('',#9125,#2188);
#1478=LINE('',#9127,#2189);
#1479=LINE('',#9128,#2190);
#1480=LINE('',#9131,#2191);
#1481=LINE('',#9133,#2192);
#1482=LINE('',#9135,#2193);
#1483=LINE('',#9137,#2194);
#1484=LINE('',#9139,#2195);
#1485=LINE('',#9140,#2196);
#1486=LINE('',#9143,#2197);
#1487=LINE('',#9145,#2198);
#1488=LINE('',#9147,#2199);
#1489=LINE('',#9149,#2200);
#1490=LINE('',#9151,#2201);
#1491=LINE('',#9153,#2202);
#1492=LINE('',#9155,#2203);
#1493=LINE('',#9157,#2204);
#1494=LINE('',#9159,#2205);
#1495=LINE('',#9161,#2206);
#1496=LINE('',#9163,#2207);
#1497=LINE('',#9165,#2208);
#1498=LINE('',#9167,#2209);
#1499=LINE('',#9169,#2210);
#1500=LINE('',#9171,#2211);
#1501=LINE('',#9173,#2212);
#1502=LINE('',#9175,#2213);
#1503=LINE('',#9177,#2214);
#1504=LINE('',#9179,#2215);
#1505=LINE('',#9180,#2216);
#1506=LINE('',#9183,#2217);
#1507=LINE('',#9185,#2218);
#1508=LINE('',#9187,#2219);
#1509=LINE('',#9189,#2220);
#1510=LINE('',#9191,#2221);
#1511=LINE('',#9192,#2222);
#1512=LINE('',#9196,#2223);
#1513=LINE('',#9198,#2224);
#1514=LINE('',#9200,#2225);
#1515=LINE('',#9201,#2226);
#1516=LINE('',#9205,#2227);
#1517=LINE('',#9207,#2228);
#1518=LINE('',#9209,#2229);
#1519=LINE('',#9210,#2230);
#1520=LINE('',#9214,#2231);
#1521=LINE('',#9216,#2232);
#1522=LINE('',#9218,#2233);
#1523=LINE('',#9219,#2234);
#1524=LINE('',#9223,#2235);
#1525=LINE('',#9225,#2236);
#1526=LINE('',#9227,#2237);
#1527=LINE('',#9228,#2238);
#1528=LINE('',#9231,#2239);
#1529=LINE('',#9233,#2240);
#1530=LINE('',#9234,#2241);
#1531=LINE('',#9236,#2242);
#1532=LINE('',#9237,#2243);
#1533=LINE('',#9240,#2244);
#1534=LINE('',#9242,#2245);
#1535=LINE('',#9243,#2246);
#1536=LINE('',#9246,#2247);
#1537=LINE('',#9248,#2248);
#1538=LINE('',#9249,#2249);
#1539=LINE('',#9252,#2250);
#1540=LINE('',#9254,#2251);
#1541=LINE('',#9255,#2252);
#1542=LINE('',#9258,#2253);
#1543=LINE('',#9260,#2254);
#1544=LINE('',#9261,#2255);
#1545=LINE('',#9264,#2256);
#1546=LINE('',#9266,#2257);
#1547=LINE('',#9267,#2258);
#1548=LINE('',#9269,#2259);
#1549=LINE('',#9270,#2260);
#1550=LINE('',#9273,#2261);
#1551=LINE('',#9275,#2262);
#1552=LINE('',#9276,#2263);
#1553=LINE('',#9279,#2264);
#1554=LINE('',#9281,#2265);
#1555=LINE('',#9282,#2266);
#1556=LINE('',#9284,#2267);
#1557=LINE('',#9285,#2268);
#1558=LINE('',#9288,#2269);
#1559=LINE('',#9290,#2270);
#1560=LINE('',#9291,#2271);
#1561=LINE('',#9293,#2272);
#1562=LINE('',#9294,#2273);
#1563=LINE('',#9296,#2274);
#1564=LINE('',#9297,#2275);
#1565=LINE('',#9299,#2276);
#1566=LINE('',#9300,#2277);
#1567=LINE('',#9302,#2278);
#1568=LINE('',#9303,#2279);
#1569=LINE('',#9305,#2280);
#1570=LINE('',#9306,#2281);
#1571=LINE('',#9308,#2282);
#1572=LINE('',#9309,#2283);
#1573=LINE('',#9312,#2284);
#1574=LINE('',#9314,#2285);
#1575=LINE('',#9315,#2286);
#1576=LINE('',#9317,#2287);
#1577=LINE('',#9318,#2288);
#1578=LINE('',#9320,#2289);
#1579=LINE('',#9321,#2290);
#1580=LINE('',#9323,#2291);
#1581=LINE('',#9325,#2292);
#1582=LINE('',#9327,#2293);
#1583=LINE('',#9329,#2294);
#1584=LINE('',#9332,#2295);
#1585=LINE('',#9334,#2296);
#1586=LINE('',#9335,#2297);
#1587=LINE('',#9338,#2298);
#1588=LINE('',#9339,#2299);
#1589=LINE('',#9342,#2300);
#1590=LINE('',#9343,#2301);
#1591=LINE('',#9345,#2302);
#1592=LINE('',#9348,#2303);
#1593=LINE('',#9350,#2304);
#1594=LINE('',#9351,#2305);
#1595=LINE('',#9354,#2306);
#1596=LINE('',#9355,#2307);
#1597=LINE('',#9358,#2308);
#1598=LINE('',#9359,#2309);
#1599=LINE('',#9361,#2310);
#1600=LINE('',#9365,#2311);
#1601=LINE('',#9367,#2312);
#1602=LINE('',#9368,#2313);
#1603=LINE('',#9371,#2314);
#1604=LINE('',#9372,#2315);
#1605=LINE('',#9375,#2316);
#1606=LINE('',#9376,#2317);
#1607=LINE('',#9378,#2318);
#1608=LINE('',#9381,#2319);
#1609=LINE('',#9383,#2320);
#1610=LINE('',#9384,#2321);
#1611=LINE('',#9387,#2322);
#1612=LINE('',#9388,#2323);
#1613=LINE('',#9391,#2324);
#1614=LINE('',#9392,#2325);
#1615=LINE('',#9394,#2326);
#1616=VECTOR('',#6252,10.);
#1617=VECTOR('',#6253,10.);
#1618=VECTOR('',#6254,10.);
#1619=VECTOR('',#6255,10.);
#1620=VECTOR('',#6258,10.);
#1621=VECTOR('',#6259,10.);
#1622=VECTOR('',#6260,10.);
#1623=VECTOR('',#6261,10.);
#1624=VECTOR('',#6262,10.);
#1625=VECTOR('',#6263,10.);
#1626=VECTOR('',#6264,10.);
#1627=VECTOR('',#6265,10.);
#1628=VECTOR('',#6266,10.);
#1629=VECTOR('',#6267,10.);
#1630=VECTOR('',#6268,10.);
#1631=VECTOR('',#6269,10.);
#1632=VECTOR('',#6286,10.);
#1633=VECTOR('',#6287,10.);
#1634=VECTOR('',#6288,10.);
#1635=VECTOR('',#6289,10.);
#1636=VECTOR('',#6290,10.);
#1637=VECTOR('',#6291,10.);
#1638=VECTOR('',#6292,10.);
#1639=VECTOR('',#6293,10.);
#1640=VECTOR('',#6294,10.);
#1641=VECTOR('',#6295,10.);
#1642=VECTOR('',#6298,10.);
#1643=VECTOR('',#6299,10.);
#1644=VECTOR('',#6302,10.);
#1645=VECTOR('',#6303,10.);
#1646=VECTOR('',#6304,10.);
#1647=VECTOR('',#6305,10.);
#1648=VECTOR('',#6308,10.);
#1649=VECTOR('',#6309,10.);
#1650=VECTOR('',#6310,10.);
#1651=VECTOR('',#6313,10.);
#1652=VECTOR('',#6314,10.);
#1653=VECTOR('',#6315,10.);
#1654=VECTOR('',#6316,10.);
#1655=VECTOR('',#6317,10.);
#1656=VECTOR('',#6320,10.);
#1657=VECTOR('',#6321,10.);
#1658=VECTOR('',#6322,10.);
#1659=VECTOR('',#6323,10.);
#1660=VECTOR('',#6326,10.);
#1661=VECTOR('',#6327,10.);
#1662=VECTOR('',#6328,10.);
#1663=VECTOR('',#6331,10.);
#1664=VECTOR('',#6332,10.);
#1665=VECTOR('',#6333,10.);
#1666=VECTOR('',#6334,10.);
#1667=VECTOR('',#6335,10.);
#1668=VECTOR('',#6340,6.5);
#1669=VECTOR('',#6351,6.5);
#1670=VECTOR('',#6362,6.5);
#1671=VECTOR('',#6373,6.5);
#1672=VECTOR('',#6384,6.5);
#1673=VECTOR('',#6393,10.);
#1674=VECTOR('',#6394,10.);
#1675=VECTOR('',#6395,10.);
#1676=VECTOR('',#6396,10.);
#1677=VECTOR('',#6397,10.);
#1678=VECTOR('',#6398,10.);
#1679=VECTOR('',#6403,10.);
#1680=VECTOR('',#6406,10.);
#1681=VECTOR('',#6407,10.);
#1682=VECTOR('',#6408,10.);
#1683=VECTOR('',#6409,10.);
#1684=VECTOR('',#6410,10.);
#1685=VECTOR('',#6411,10.);
#1686=VECTOR('',#6412,10.);
#1687=VECTOR('',#6413,10.);
#1688=VECTOR('',#6414,10.);
#1689=VECTOR('',#6417,5.2);
#1690=VECTOR('',#6422,10.);
#1691=VECTOR('',#6423,10.);
#1692=VECTOR('',#6424,10.);
#1693=VECTOR('',#6425,10.);
#1694=VECTOR('',#6426,10.);
#1695=VECTOR('',#6427,10.);
#1696=VECTOR('',#6428,10.);
#1697=VECTOR('',#6429,10.);
#1698=VECTOR('',#6430,10.);
#1699=VECTOR('',#6433,5.2);
#1700=VECTOR('',#6438,10.);
#1701=VECTOR('',#6439,10.);
#1702=VECTOR('',#6440,10.);
#1703=VECTOR('',#6441,10.);
#1704=VECTOR('',#6442,10.);
#1705=VECTOR('',#6443,10.);
#1706=VECTOR('',#6444,10.);
#1707=VECTOR('',#6445,10.);
#1708=VECTOR('',#6446,10.);
#1709=VECTOR('',#6447,10.);
#1710=VECTOR('',#6448,10.);
#1711=VECTOR('',#6451,5.2);
#1712=VECTOR('',#6458,5.2);
#1713=VECTOR('',#6465,5.2);
#1714=VECTOR('',#6472,10.);
#1715=VECTOR('',#6475,10.);
#1716=VECTOR('',#6480,10.);
#1717=VECTOR('',#6483,10.);
#1718=VECTOR('',#6488,10.);
#1719=VECTOR('',#6489,10.);
#1720=VECTOR('',#6490,10.);
#1721=VECTOR('',#6491,10.);
#1722=VECTOR('',#6492,10.);
#1723=VECTOR('',#6493,10.);
#1724=VECTOR('',#6494,10.);
#1725=VECTOR('',#6499,10.);
#1726=VECTOR('',#6504,10.);
#1727=VECTOR('',#6507,10.);
#1728=VECTOR('',#6512,10.);
#1729=VECTOR('',#6513,10.);
#1730=VECTOR('',#6514,10.);
#1731=VECTOR('',#6517,10.);
#1732=VECTOR('',#6518,10.);
#1733=VECTOR('',#6519,10.);
#1734=VECTOR('',#6520,10.);
#1735=VECTOR('',#6523,10.);
#1736=VECTOR('',#6524,10.);
#1737=VECTOR('',#6525,10.);
#1738=VECTOR('',#6526,10.);
#1739=VECTOR('',#6529,10.);
#1740=VECTOR('',#6530,10.);
#1741=VECTOR('',#6533,10.);
#1742=VECTOR('',#6534,10.);
#1743=VECTOR('',#6535,10.);
#1744=VECTOR('',#6536,10.);
#1745=VECTOR('',#6539,10.);
#1746=VECTOR('',#6540,10.);
#1747=VECTOR('',#6541,10.);
#1748=VECTOR('',#6542,10.);
#1749=VECTOR('',#6545,10.);
#1750=VECTOR('',#6546,10.);
#1751=VECTOR('',#6549,10.);
#1752=VECTOR('',#6550,10.);
#1753=VECTOR('',#6551,10.);
#1754=VECTOR('',#6552,10.);
#1755=VECTOR('',#6555,10.);
#1756=VECTOR('',#6556,10.);
#1757=VECTOR('',#6557,10.);
#1758=VECTOR('',#6558,10.);
#1759=VECTOR('',#6561,10.);
#1760=VECTOR('',#6562,10.);
#1761=VECTOR('',#6563,10.);
#1762=VECTOR('',#6564,10.);
#1763=VECTOR('',#6565,10.);
#1764=VECTOR('',#6566,10.);
#1765=VECTOR('',#6567,10.);
#1766=VECTOR('',#6568,10.);
#1767=VECTOR('',#6569,10.);
#1768=VECTOR('',#6570,10.);
#1769=VECTOR('',#6571,10.);
#1770=VECTOR('',#6572,10.);
#1771=VECTOR('',#6573,10.);
#1772=VECTOR('',#6574,10.);
#1773=VECTOR('',#6575,10.);
#1774=VECTOR('',#6576,10.);
#1775=VECTOR('',#6579,10.);
#1776=VECTOR('',#6580,10.);
#1777=VECTOR('',#6581,10.);
#1778=VECTOR('',#6584,10.);
#1779=VECTOR('',#6585,10.);
#1780=VECTOR('',#6586,10.);
#1781=VECTOR('',#6587,10.);
#1782=VECTOR('',#6590,10.);
#1783=VECTOR('',#6591,10.);
#1784=VECTOR('',#6592,10.);
#1785=VECTOR('',#6593,10.);
#1786=VECTOR('',#6596,10.);
#1787=VECTOR('',#6597,10.);
#1788=VECTOR('',#6598,10.);
#1789=VECTOR('',#6601,10.);
#1790=VECTOR('',#6602,10.);
#1791=VECTOR('',#6603,10.);
#1792=VECTOR('',#6604,10.);
#1793=VECTOR('',#6605,10.);
#1794=VECTOR('',#6606,10.);
#1795=VECTOR('',#6607,10.);
#1796=VECTOR('',#6608,10.);
#1797=VECTOR('',#6609,10.);
#1798=VECTOR('',#6622,10.);
#1799=VECTOR('',#6623,10.);
#1800=VECTOR('',#6626,10.);
#1801=VECTOR('',#6627,10.);
#1802=VECTOR('',#6628,10.);
#1803=VECTOR('',#6631,10.);
#1804=VECTOR('',#6634,10.);
#1805=VECTOR('',#6635,10.);
#1806=VECTOR('',#6638,10.);
#1807=VECTOR('',#6639,10.);
#1808=VECTOR('',#6642,10.);
#1809=VECTOR('',#6643,10.);
#1810=VECTOR('',#6646,10.);
#1811=VECTOR('',#6647,10.);
#1812=VECTOR('',#6650,10.);
#1813=VECTOR('',#6653,10.);
#1814=VECTOR('',#6656,10.);
#1815=VECTOR('',#6659,10.);
#1816=VECTOR('',#6660,10.);
#1817=VECTOR('',#6661,10.);
#1818=VECTOR('',#6664,10.);
#1819=VECTOR('',#6665,10.);
#1820=VECTOR('',#6666,10.);
#1821=VECTOR('',#6669,10.);
#1822=VECTOR('',#6674,10.);
#1823=VECTOR('',#6675,10.);
#1824=VECTOR('',#6676,10.);
#1825=VECTOR('',#6677,10.);
#1826=VECTOR('',#6680,10.);
#1827=VECTOR('',#6681,10.);
#1828=VECTOR('',#6682,10.);
#1829=VECTOR('',#6685,10.);
#1830=VECTOR('',#6686,10.);
#1831=VECTOR('',#6687,10.);
#1832=VECTOR('',#6690,10.);
#1833=VECTOR('',#6691,10.);
#1834=VECTOR('',#6692,10.);
#1835=VECTOR('',#6693,10.);
#1836=VECTOR('',#6696,10.);
#1837=VECTOR('',#6697,10.);
#1838=VECTOR('',#6698,10.);
#1839=VECTOR('',#6699,10.);
#1840=VECTOR('',#6702,10.);
#1841=VECTOR('',#6703,10.);
#1842=VECTOR('',#6704,10.);
#1843=VECTOR('',#6707,10.);
#1844=VECTOR('',#6708,10.);
#1845=VECTOR('',#6709,10.);
#1846=VECTOR('',#6710,10.);
#1847=VECTOR('',#6711,10.);
#1848=VECTOR('',#6712,10.);
#1849=VECTOR('',#6713,10.);
#1850=VECTOR('',#6714,10.);
#1851=VECTOR('',#6727,10.);
#1852=VECTOR('',#6730,10.);
#1853=VECTOR('',#6733,10.);
#1854=VECTOR('',#6736,10.);
#1855=VECTOR('',#6737,10.);
#1856=VECTOR('',#6740,10.);
#1857=VECTOR('',#6745,10.);
#1858=VECTOR('',#6746,10.);
#1859=VECTOR('',#6749,10.);
#1860=VECTOR('',#6752,10.);
#1861=VECTOR('',#6753,10.);
#1862=VECTOR('',#6756,10.);
#1863=VECTOR('',#6759,10.);
#1864=VECTOR('',#6760,10.);
#1865=VECTOR('',#6763,10.);
#1866=VECTOR('',#6764,10.);
#1867=VECTOR('',#6767,10.);
#1868=VECTOR('',#6772,10.);
#1869=VECTOR('',#6775,1.25);
#1870=VECTOR('',#6778,1.25);
#1871=VECTOR('',#6781,1.25);
#1872=VECTOR('',#6784,1.25);
#1873=VECTOR('',#6787,1.25);
#1874=VECTOR('',#6790,10.);
#1875=VECTOR('',#6791,10.);
#1876=VECTOR('',#6796,10.);
#1877=VECTOR('',#6799,10.);
#1878=VECTOR('',#6804,10.);
#1879=VECTOR('',#6807,10.);
#1880=VECTOR('',#6812,10.);
#1881=VECTOR('',#6815,10.);
#1882=VECTOR('',#6820,10.);
#1883=VECTOR('',#6823,10.);
#1884=VECTOR('',#6830,10.);
#1885=VECTOR('',#6831,10.);
#1886=VECTOR('',#6834,10.);
#1887=VECTOR('',#6835,10.);
#1888=VECTOR('',#6836,10.);
#1889=VECTOR('',#6837,10.);
#1890=VECTOR('',#6838,10.);
#1891=VECTOR('',#6839,10.);
#1892=VECTOR('',#6840,10.);
#1893=VECTOR('',#6841,10.);
#1894=VECTOR('',#6842,10.);
#1895=VECTOR('',#6843,10.);
#1896=VECTOR('',#6844,10.);
#1897=VECTOR('',#6845,10.);
#1898=VECTOR('',#6846,10.);
#1899=VECTOR('',#6847,10.);
#1900=VECTOR('',#6848,10.);
#1901=VECTOR('',#6849,10.);
#1902=VECTOR('',#6850,10.);
#1903=VECTOR('',#6851,10.);
#1904=VECTOR('',#6852,10.);
#1905=VECTOR('',#6853,10.);
#1906=VECTOR('',#6856,10.);
#1907=VECTOR('',#6861,1.75);
#1908=VECTOR('',#6868,3.);
#1909=VECTOR('',#6873,10.);
#1910=VECTOR('',#6878,1.75);
#1911=VECTOR('',#6885,3.);
#1912=VECTOR('',#6894,10.);
#1913=VECTOR('',#6895,10.);
#1914=VECTOR('',#6898,10.);
#1915=VECTOR('',#6899,10.);
#1916=VECTOR('',#6900,10.);
#1917=VECTOR('',#6901,10.);
#1918=VECTOR('',#6902,10.);
#1919=VECTOR('',#6903,10.);
#1920=VECTOR('',#6904,10.);
#1921=VECTOR('',#6905,10.);
#1922=VECTOR('',#6906,10.);
#1923=VECTOR('',#6907,10.);
#1924=VECTOR('',#6910,10.);
#1925=VECTOR('',#6911,10.);
#1926=VECTOR('',#6912,10.);
#1927=VECTOR('',#6913,10.);
#1928=VECTOR('',#6914,10.);
#1929=VECTOR('',#6919,10.);
#1930=VECTOR('',#6922,10.);
#1931=VECTOR('',#6923,10.);
#1932=VECTOR('',#6924,10.);
#1933=VECTOR('',#6925,10.);
#1934=VECTOR('',#6926,10.);
#1935=VECTOR('',#6929,10.);
#1936=VECTOR('',#6930,10.);
#1937=VECTOR('',#6931,10.);
#1938=VECTOR('',#6934,10.);
#1939=VECTOR('',#6935,10.);
#1940=VECTOR('',#6936,10.);
#1941=VECTOR('',#6939,10.);
#1942=VECTOR('',#6940,10.);
#1943=VECTOR('',#6941,10.);
#1944=VECTOR('',#6942,10.);
#1945=VECTOR('',#6945,10.);
#1946=VECTOR('',#6948,10.);
#1947=VECTOR('',#6949,10.);
#1948=VECTOR('',#6952,10.);
#1949=VECTOR('',#6955,10.);
#1950=VECTOR('',#6956,10.);
#1951=VECTOR('',#6963,10.);
#1952=VECTOR('',#6966,10.);
#1953=VECTOR('',#6971,10.);
#1954=VECTOR('',#6972,10.);
#1955=VECTOR('',#6975,1.25);
#1956=VECTOR('',#6980,10.);
#1957=VECTOR('',#6981,10.);
#1958=VECTOR('',#6990,10.);
#1959=VECTOR('',#6993,10.);
#1960=VECTOR('',#6994,10.);
#1961=VECTOR('',#7001,1.25);
#1962=VECTOR('',#7004,10.);
#1963=VECTOR('',#7007,10.);
#1964=VECTOR('',#7010,10.);
#1965=VECTOR('',#7011,10.);
#1966=VECTOR('',#7014,10.);
#1967=VECTOR('',#7017,10.);
#1968=VECTOR('',#7024,1.75);
#1969=VECTOR('',#7031,3.);
#1970=VECTOR('',#7038,1.75);
#1971=VECTOR('',#7045,3.);
#1972=VECTOR('',#7054,1.75);
#1973=VECTOR('',#7061,3.);
#1974=VECTOR('',#7070,1.75);
#1975=VECTOR('',#7077,3.);
#1976=VECTOR('',#7086,1.75);
#1977=VECTOR('',#7093,3.);
#1978=VECTOR('',#7100,10.);
#1979=VECTOR('',#7101,10.);
#1980=VECTOR('',#7104,10.);
#1981=VECTOR('',#7105,10.);
#1982=VECTOR('',#7106,10.);
#1983=VECTOR('',#7107,10.);
#1984=VECTOR('',#7110,10.);
#1985=VECTOR('',#7111,10.);
#1986=VECTOR('',#7114,10.);
#1987=VECTOR('',#7115,10.);
#1988=VECTOR('',#7116,10.);
#1989=VECTOR('',#7117,10.);
#1990=VECTOR('',#7120,10.);
#1991=VECTOR('',#7121,10.);
#1992=VECTOR('',#7124,10.);
#1993=VECTOR('',#7125,10.);
#1994=VECTOR('',#7132,10.);
#1995=VECTOR('',#7133,10.);
#1996=VECTOR('',#7134,10.);
#1997=VECTOR('',#7135,10.);
#1998=VECTOR('',#7138,10.);
#1999=VECTOR('',#7139,10.);
#2000=VECTOR('',#7140,10.);
#2001=VECTOR('',#7141,10.);
#2002=VECTOR('',#7144,10.);
#2003=VECTOR('',#7145,10.);
#2004=VECTOR('',#7146,10.);
#2005=VECTOR('',#7149,10.);
#2006=VECTOR('',#7150,10.);
#2007=VECTOR('',#7151,10.);
#2008=VECTOR('',#7154,10.);
#2009=VECTOR('',#7155,10.);
#2010=VECTOR('',#7156,10.);
#2011=VECTOR('',#7159,10.);
#2012=VECTOR('',#7160,10.);
#2013=VECTOR('',#7163,10.);
#2014=VECTOR('',#7164,10.);
#2015=VECTOR('',#7167,10.);
#2016=VECTOR('',#7168,10.);
#2017=VECTOR('',#7171,10.);
#2018=VECTOR('',#7172,10.);
#2019=VECTOR('',#7175,10.);
#2020=VECTOR('',#7176,10.);
#2021=VECTOR('',#7179,10.);
#2022=VECTOR('',#7180,10.);
#2023=VECTOR('',#7183,10.);
#2024=VECTOR('',#7184,10.);
#2025=VECTOR('',#7187,10.);
#2026=VECTOR('',#7188,10.);
#2027=VECTOR('',#7191,10.);
#2028=VECTOR('',#7192,10.);
#2029=VECTOR('',#7195,10.);
#2030=VECTOR('',#7196,10.);
#2031=VECTOR('',#7199,10.);
#2032=VECTOR('',#7204,10.);
#2033=VECTOR('',#7205,10.);
#2034=VECTOR('',#7206,10.);
#2035=VECTOR('',#7207,10.);
#2036=VECTOR('',#7208,10.);
#2037=VECTOR('',#7209,10.);
#2038=VECTOR('',#7212,10.);
#2039=VECTOR('',#7213,10.);
#2040=VECTOR('',#7214,10.);
#2041=VECTOR('',#7215,10.);
#2042=VECTOR('',#7216,10.);
#2043=VECTOR('',#7217,10.);
#2044=VECTOR('',#7220,10.);
#2045=VECTOR('',#7221,10.);
#2046=VECTOR('',#7222,10.);
#2047=VECTOR('',#7223,10.);
#2048=VECTOR('',#7224,10.);
#2049=VECTOR('',#7225,10.);
#2050=VECTOR('',#7228,10.);
#2051=VECTOR('',#7229,10.);
#2052=VECTOR('',#7230,10.);
#2053=VECTOR('',#7233,10.);
#2054=VECTOR('',#7234,10.);
#2055=VECTOR('',#7235,10.);
#2056=VECTOR('',#7236,10.);
#2057=VECTOR('',#7237,10.);
#2058=VECTOR('',#7238,10.);
#2059=VECTOR('',#7239,10.);
#2060=VECTOR('',#7240,10.);
#2061=VECTOR('',#7245,10.);
#2062=VECTOR('',#7246,10.);
#2063=VECTOR('',#7247,10.);
#2064=VECTOR('',#7248,10.);
#2065=VECTOR('',#7249,10.);
#2066=VECTOR('',#7250,10.);
#2067=VECTOR('',#7251,10.);
#2068=VECTOR('',#7252,10.);
#2069=VECTOR('',#7253,10.);
#2070=VECTOR('',#7254,10.);
#2071=VECTOR('',#7255,10.);
#2072=VECTOR('',#7256,10.);
#2073=VECTOR('',#7257,10.);
#2074=VECTOR('',#7260,10.);
#2075=VECTOR('',#7261,10.);
#2076=VECTOR('',#7262,10.);
#2077=VECTOR('',#7265,10.);
#2078=VECTOR('',#7266,10.);
#2079=VECTOR('',#7269,10.);
#2080=VECTOR('',#7270,10.);
#2081=VECTOR('',#7273,10.);
#2082=VECTOR('',#7274,10.);
#2083=VECTOR('',#7277,10.);
#2084=VECTOR('',#7280,10.);
#2085=VECTOR('',#7281,10.);
#2086=VECTOR('',#7288,10.);
#2087=VECTOR('',#7289,10.);
#2088=VECTOR('',#7290,10.);
#2089=VECTOR('',#7293,10.);
#2090=VECTOR('',#7294,10.);
#2091=VECTOR('',#7297,10.);
#2092=VECTOR('',#7298,10.);
#2093=VECTOR('',#7299,10.);
#2094=VECTOR('',#7300,10.);
#2095=VECTOR('',#7303,10.);
#2096=VECTOR('',#7304,10.);
#2097=VECTOR('',#7305,10.);
#2098=VECTOR('',#7308,10.);
#2099=VECTOR('',#7309,10.);
#2100=VECTOR('',#7312,10.);
#2101=VECTOR('',#7313,10.);
#2102=VECTOR('',#7314,10.);
#2103=VECTOR('',#7317,10.);
#2104=VECTOR('',#7320,10.);
#2105=VECTOR('',#7321,10.);
#2106=VECTOR('',#7324,10.);
#2107=VECTOR('',#7327,10.);
#2108=VECTOR('',#7328,10.);
#2109=VECTOR('',#7329,10.);
#2110=VECTOR('',#7334,3.);
#2111=VECTOR('',#7339,1.75);
#2112=VECTOR('',#7346,10.);
#2113=VECTOR('',#7347,10.);
#2114=VECTOR('',#7348,10.);
#2115=VECTOR('',#7351,10.);
#2116=VECTOR('',#7352,10.);
#2117=VECTOR('',#7353,10.);
#2118=VECTOR('',#7356,10.);
#2119=VECTOR('',#7357,10.);
#2120=VECTOR('',#7360,10.);
#2121=VECTOR('',#7365,10.);
#2122=VECTOR('',#7366,10.);
#2123=VECTOR('',#7369,10.);
#2124=VECTOR('',#7372,1.75);
#2125=VECTOR('',#7379,10.);
#2126=VECTOR('',#7380,10.);
#2127=VECTOR('',#7381,10.);
#2128=VECTOR('',#7384,10.);
#2129=VECTOR('',#7385,10.);
#2130=VECTOR('',#7386,10.);
#2131=VECTOR('',#7387,10.);
#2132=VECTOR('',#7390,10.);
#2133=VECTOR('',#7391,10.);
#2134=VECTOR('',#7394,10.);
#2135=VECTOR('',#7395,10.);
#2136=VECTOR('',#7396,10.);
#2137=VECTOR('',#7399,10.);
#2138=VECTOR('',#7400,10.);
#2139=VECTOR('',#7403,10.);
#2140=VECTOR('',#7408,10.);
#2141=VECTOR('',#7409,10.);
#2142=VECTOR('',#7410,10.);
#2143=VECTOR('',#7411,10.);
#2144=VECTOR('',#7412,10.);
#2145=VECTOR('',#7415,10.);
#2146=VECTOR('',#7416,10.);
#2147=VECTOR('',#7417,10.);
#2148=VECTOR('',#7418,10.);
#2149=VECTOR('',#7419,10.);
#2150=VECTOR('',#7424,10.);
#2151=VECTOR('',#7425,10.);
#2152=VECTOR('',#7428,10.);
#2153=VECTOR('',#7431,10.);
#2154=VECTOR('',#7432,10.);
#2155=VECTOR('',#7435,10.);
#2156=VECTOR('',#7438,10.);
#2157=VECTOR('',#7439,10.);
#2158=VECTOR('',#7440,10.);
#2159=VECTOR('',#7441,10.);
#2160=VECTOR('',#7444,10.);
#2161=VECTOR('',#7445,10.);
#2162=VECTOR('',#7448,10.);
#2163=VECTOR('',#7451,10.);
#2164=VECTOR('',#7456,10.);
#2165=VECTOR('',#7459,10.);
#2166=VECTOR('',#7462,10.);
#2167=VECTOR('',#7467,10.);
#2168=VECTOR('',#7472,10.);
#2169=VECTOR('',#7475,10.);
#2170=VECTOR('',#7482,1.25);
#2171=VECTOR('',#7497,10.);
#2172=VECTOR('',#7498,10.);
#2173=VECTOR('',#7499,10.);
#2174=VECTOR('',#7500,10.);
#2175=VECTOR('',#7503,10.);
#2176=VECTOR('',#7504,10.);
#2177=VECTOR('',#7505,10.);
#2178=VECTOR('',#7506,10.);
#2179=VECTOR('',#7507,10.);
#2180=VECTOR('',#7508,10.);
#2181=VECTOR('',#7509,10.);
#2182=VECTOR('',#7510,10.);
#2183=VECTOR('',#7511,10.);
#2184=VECTOR('',#7512,10.);
#2185=VECTOR('',#7513,10.);
#2186=VECTOR('',#7514,10.);
#2187=VECTOR('',#7515,10.);
#2188=VECTOR('',#7516,10.);
#2189=VECTOR('',#7517,10.);
#2190=VECTOR('',#7518,10.);
#2191=VECTOR('',#7519,10.);
#2192=VECTOR('',#7520,10.);
#2193=VECTOR('',#7521,10.);
#2194=VECTOR('',#7522,10.);
#2195=VECTOR('',#7523,10.);
#2196=VECTOR('',#7524,10.);
#2197=VECTOR('',#7525,10.);
#2198=VECTOR('',#7526,10.);
#2199=VECTOR('',#7527,10.);
#2200=VECTOR('',#7528,10.);
#2201=VECTOR('',#7529,10.);
#2202=VECTOR('',#7530,10.);
#2203=VECTOR('',#7531,10.);
#2204=VECTOR('',#7532,10.);
#2205=VECTOR('',#7533,10.);
#2206=VECTOR('',#7534,10.);
#2207=VECTOR('',#7535,10.);
#2208=VECTOR('',#7536,10.);
#2209=VECTOR('',#7537,10.);
#2210=VECTOR('',#7538,10.);
#2211=VECTOR('',#7539,10.);
#2212=VECTOR('',#7540,10.);
#2213=VECTOR('',#7541,10.);
#2214=VECTOR('',#7542,10.);
#2215=VECTOR('',#7543,10.);
#2216=VECTOR('',#7544,10.);
#2217=VECTOR('',#7545,10.);
#2218=VECTOR('',#7546,10.);
#2219=VECTOR('',#7547,10.);
#2220=VECTOR('',#7548,10.);
#2221=VECTOR('',#7549,10.);
#2222=VECTOR('',#7550,10.);
#2223=VECTOR('',#7553,10.);
#2224=VECTOR('',#7554,10.);
#2225=VECTOR('',#7555,10.);
#2226=VECTOR('',#7556,10.);
#2227=VECTOR('',#7559,10.);
#2228=VECTOR('',#7560,10.);
#2229=VECTOR('',#7561,10.);
#2230=VECTOR('',#7562,10.);
#2231=VECTOR('',#7565,10.);
#2232=VECTOR('',#7566,10.);
#2233=VECTOR('',#7567,10.);
#2234=VECTOR('',#7568,10.);
#2235=VECTOR('',#7571,10.);
#2236=VECTOR('',#7572,10.);
#2237=VECTOR('',#7573,10.);
#2238=VECTOR('',#7574,10.);
#2239=VECTOR('',#7577,10.);
#2240=VECTOR('',#7578,10.);
#2241=VECTOR('',#7579,10.);
#2242=VECTOR('',#7582,10.);
#2243=VECTOR('',#7583,10.);
#2244=VECTOR('',#7586,10.);
#2245=VECTOR('',#7587,10.);
#2246=VECTOR('',#7588,10.);
#2247=VECTOR('',#7591,10.);
#2248=VECTOR('',#7592,10.);
#2249=VECTOR('',#7593,10.);
#2250=VECTOR('',#7596,10.);
#2251=VECTOR('',#7597,10.);
#2252=VECTOR('',#7598,10.);
#2253=VECTOR('',#7601,10.);
#2254=VECTOR('',#7602,10.);
#2255=VECTOR('',#7603,10.);
#2256=VECTOR('',#7606,10.);
#2257=VECTOR('',#7607,10.);
#2258=VECTOR('',#7608,10.);
#2259=VECTOR('',#7611,10.);
#2260=VECTOR('',#7612,10.);
#2261=VECTOR('',#7615,10.);
#2262=VECTOR('',#7616,10.);
#2263=VECTOR('',#7617,10.);
#2264=VECTOR('',#7620,10.);
#2265=VECTOR('',#7621,10.);
#2266=VECTOR('',#7622,10.);
#2267=VECTOR('',#7625,10.);
#2268=VECTOR('',#7626,10.);
#2269=VECTOR('',#7629,10.);
#2270=VECTOR('',#7630,10.);
#2271=VECTOR('',#7631,10.);
#2272=VECTOR('',#7634,10.);
#2273=VECTOR('',#7635,10.);
#2274=VECTOR('',#7638,10.);
#2275=VECTOR('',#7639,10.);
#2276=VECTOR('',#7642,10.);
#2277=VECTOR('',#7643,10.);
#2278=VECTOR('',#7646,10.);
#2279=VECTOR('',#7647,10.);
#2280=VECTOR('',#7650,10.);
#2281=VECTOR('',#7651,10.);
#2282=VECTOR('',#7654,10.);
#2283=VECTOR('',#7655,10.);
#2284=VECTOR('',#7658,10.);
#2285=VECTOR('',#7659,10.);
#2286=VECTOR('',#7660,10.);
#2287=VECTOR('',#7663,10.);
#2288=VECTOR('',#7664,10.);
#2289=VECTOR('',#7667,10.);
#2290=VECTOR('',#7668,10.);
#2291=VECTOR('',#7671,10.);
#2292=VECTOR('',#7674,10.);
#2293=VECTOR('',#7677,10.);
#2294=VECTOR('',#7680,10.);
#2295=VECTOR('',#7683,10.);
#2296=VECTOR('',#7684,10.);
#2297=VECTOR('',#7685,10.);
#2298=VECTOR('',#7688,10.);
#2299=VECTOR('',#7689,10.);
#2300=VECTOR('',#7692,10.);
#2301=VECTOR('',#7693,10.);
#2302=VECTOR('',#7696,10.);
#2303=VECTOR('',#7699,10.);
#2304=VECTOR('',#7700,10.);
#2305=VECTOR('',#7701,10.);
#2306=VECTOR('',#7704,10.);
#2307=VECTOR('',#7705,10.);
#2308=VECTOR('',#7708,10.);
#2309=VECTOR('',#7709,10.);
#2310=VECTOR('',#7712,10.);
#2311=VECTOR('',#7717,10.);
#2312=VECTOR('',#7718,10.);
#2313=VECTOR('',#7719,10.);
#2314=VECTOR('',#7722,10.);
#2315=VECTOR('',#7723,10.);
#2316=VECTOR('',#7726,10.);
#2317=VECTOR('',#7727,10.);
#2318=VECTOR('',#7730,10.);
#2319=VECTOR('',#7733,10.);
#2320=VECTOR('',#7734,10.);
#2321=VECTOR('',#7735,10.);
#2322=VECTOR('',#7738,10.);
#2323=VECTOR('',#7739,10.);
#2324=VECTOR('',#7742,10.);
#2325=VECTOR('',#7743,10.);
#2326=VECTOR('',#7746,10.);
#2327=VERTEX_POINT('',#7756);
#2328=VERTEX_POINT('',#7757);
#2329=VERTEX_POINT('',#7759);
#2330=VERTEX_POINT('',#7761);
#2331=VERTEX_POINT('',#7765);
#2332=VERTEX_POINT('',#7767);
#2333=VERTEX_POINT('',#7769);
#2334=VERTEX_POINT('',#7771);
#2335=VERTEX_POINT('',#7773);
#2336=VERTEX_POINT('',#7775);
#2337=VERTEX_POINT('',#7777);
#2338=VERTEX_POINT('',#7779);
#2339=VERTEX_POINT('',#7781);
#2340=VERTEX_POINT('',#7783);
#2341=VERTEX_POINT('',#7785);
#2342=VERTEX_POINT('',#7788);
#2343=VERTEX_POINT('',#7790);
#2344=VERTEX_POINT('',#7792);
#2345=VERTEX_POINT('',#7794);
#2346=VERTEX_POINT('',#7796);
#2347=VERTEX_POINT('',#7798);
#2348=VERTEX_POINT('',#7800);
#2349=VERTEX_POINT('',#7803);
#2350=VERTEX_POINT('',#7804);
#2351=VERTEX_POINT('',#7806);
#2352=VERTEX_POINT('',#7808);
#2353=VERTEX_POINT('',#7810);
#2354=VERTEX_POINT('',#7812);
#2355=VERTEX_POINT('',#7814);
#2356=VERTEX_POINT('',#7816);
#2357=VERTEX_POINT('',#7818);
#2358=VERTEX_POINT('',#7820);
#2359=VERTEX_POINT('',#7824);
#2360=VERTEX_POINT('',#7828);
#2361=VERTEX_POINT('',#7829);
#2362=VERTEX_POINT('',#7831);
#2363=VERTEX_POINT('',#7833);
#2364=VERTEX_POINT('',#7837);
#2365=VERTEX_POINT('',#7839);
#2366=VERTEX_POINT('',#7843);
#2367=VERTEX_POINT('',#7845);
#2368=VERTEX_POINT('',#7847);
#2369=VERTEX_POINT('',#7849);
#2370=VERTEX_POINT('',#7853);
#2371=VERTEX_POINT('',#7854);
#2372=VERTEX_POINT('',#7856);
#2373=VERTEX_POINT('',#7858);
#2374=VERTEX_POINT('',#7862);
#2375=VERTEX_POINT('',#7864);
#2376=VERTEX_POINT('',#7868);
#2377=VERTEX_POINT('',#7870);
#2378=VERTEX_POINT('',#7872);
#2379=VERTEX_POINT('',#7874);
#2380=VERTEX_POINT('',#7878);
#2381=VERTEX_POINT('',#7880);
#2382=VERTEX_POINT('',#7884);
#2383=VERTEX_POINT('',#7887);
#2384=VERTEX_POINT('',#7889);
#2385=VERTEX_POINT('',#7893);
#2386=VERTEX_POINT('',#7896);
#2387=VERTEX_POINT('',#7898);
#2388=VERTEX_POINT('',#7902);
#2389=VERTEX_POINT('',#7905);
#2390=VERTEX_POINT('',#7907);
#2391=VERTEX_POINT('',#7911);
#2392=VERTEX_POINT('',#7914);
#2393=VERTEX_POINT('',#7916);
#2394=VERTEX_POINT('',#7920);
#2395=VERTEX_POINT('',#7923);
#2396=VERTEX_POINT('',#7924);
#2397=VERTEX_POINT('',#7926);
#2398=VERTEX_POINT('',#7928);
#2399=VERTEX_POINT('',#7930);
#2400=VERTEX_POINT('',#7932);
#2401=VERTEX_POINT('',#7936);
#2402=VERTEX_POINT('',#7937);
#2403=VERTEX_POINT('',#7939);
#2404=VERTEX_POINT('',#7941);
#2405=VERTEX_POINT('',#7943);
#2406=VERTEX_POINT('',#7945);
#2407=VERTEX_POINT('',#7947);
#2408=VERTEX_POINT('',#7949);
#2409=VERTEX_POINT('',#7952);
#2410=VERTEX_POINT('',#7953);
#2411=VERTEX_POINT('',#7955);
#2412=VERTEX_POINT('',#7957);
#2413=VERTEX_POINT('',#7961);
#2414=VERTEX_POINT('',#7965);
#2415=VERTEX_POINT('',#7966);
#2416=VERTEX_POINT('',#7968);
#2417=VERTEX_POINT('',#7970);
#2418=VERTEX_POINT('',#7972);
#2419=VERTEX_POINT('',#7975);
#2420=VERTEX_POINT('',#7977);
#2421=VERTEX_POINT('',#7979);
#2422=VERTEX_POINT('',#7983);
#2423=VERTEX_POINT('',#7987);
#2424=VERTEX_POINT('',#7989);
#2425=VERTEX_POINT('',#7993);
#2426=VERTEX_POINT('',#7995);
#2427=VERTEX_POINT('',#7998);
#2428=VERTEX_POINT('',#7999);
#2429=VERTEX_POINT('',#8001);
#2430=VERTEX_POINT('',#8003);
#2431=VERTEX_POINT('',#8007);
#2432=VERTEX_POINT('',#8012);
#2433=VERTEX_POINT('',#8017);
#2434=VERTEX_POINT('',#8022);
#2435=VERTEX_POINT('',#8023);
#2436=VERTEX_POINT('',#8025);
#2437=VERTEX_POINT('',#8027);
#2438=VERTEX_POINT('',#8031);
#2439=VERTEX_POINT('',#8032);
#2440=VERTEX_POINT('',#8034);
#2441=VERTEX_POINT('',#8036);
#2442=VERTEX_POINT('',#8040);
#2443=VERTEX_POINT('',#8042);
#2444=VERTEX_POINT('',#8044);
#2445=VERTEX_POINT('',#8046);
#2446=VERTEX_POINT('',#8048);
#2447=VERTEX_POINT('',#8050);
#2448=VERTEX_POINT('',#8054);
#2449=VERTEX_POINT('',#8056);
#2450=VERTEX_POINT('',#8060);
#2451=VERTEX_POINT('',#8061);
#2452=VERTEX_POINT('',#8063);
#2453=VERTEX_POINT('',#8065);
#2454=VERTEX_POINT('',#8069);
#2455=VERTEX_POINT('',#8071);
#2456=VERTEX_POINT('',#8075);
#2457=VERTEX_POINT('',#8076);
#2458=VERTEX_POINT('',#8078);
#2459=VERTEX_POINT('',#8080);
#2460=VERTEX_POINT('',#8084);
#2461=VERTEX_POINT('',#8085);
#2462=VERTEX_POINT('',#8087);
#2463=VERTEX_POINT('',#8089);
#2464=VERTEX_POINT('',#8096);
#2465=VERTEX_POINT('',#8097);
#2466=VERTEX_POINT('',#8099);
#2467=VERTEX_POINT('',#8101);
#2468=VERTEX_POINT('',#8105);
#2469=VERTEX_POINT('',#8106);
#2470=VERTEX_POINT('',#8108);
#2471=VERTEX_POINT('',#8110);
#2472=VERTEX_POINT('',#8117);
#2473=VERTEX_POINT('',#8120);
#2474=VERTEX_POINT('',#8124);
#2475=VERTEX_POINT('',#8127);
#2476=VERTEX_POINT('',#8131);
#2477=VERTEX_POINT('',#8132);
#2478=VERTEX_POINT('',#8134);
#2479=VERTEX_POINT('',#8136);
#2480=VERTEX_POINT('',#8139);
#2481=VERTEX_POINT('',#8141);
#2482=VERTEX_POINT('',#8144);
#2483=VERTEX_POINT('',#8146);
#2484=VERTEX_POINT('',#8148);
#2485=VERTEX_POINT('',#8150);
#2486=VERTEX_POINT('',#8153);
#2487=VERTEX_POINT('',#8155);
#2488=VERTEX_POINT('',#8157);
#2489=VERTEX_POINT('',#8159);
#2490=VERTEX_POINT('',#8161);
#2491=VERTEX_POINT('',#8163);
#2492=VERTEX_POINT('',#8165);
#2493=VERTEX_POINT('',#8167);
#2494=VERTEX_POINT('',#8169);
#2495=VERTEX_POINT('',#8171);
#2496=VERTEX_POINT('',#8173);
#2497=VERTEX_POINT('',#8175);
#2498=VERTEX_POINT('',#8177);
#2499=VERTEX_POINT('',#8179);
#2500=VERTEX_POINT('',#8181);
#2501=VERTEX_POINT('',#8183);
#2502=VERTEX_POINT('',#8185);
#2503=VERTEX_POINT('',#8187);
#2504=VERTEX_POINT('',#8189);
#2505=VERTEX_POINT('',#8191);
#2506=VERTEX_POINT('',#8193);
#2507=VERTEX_POINT('',#8195);
#2508=VERTEX_POINT('',#8197);
#2509=VERTEX_POINT('',#8199);
#2510=VERTEX_POINT('',#8201);
#2511=VERTEX_POINT('',#8203);
#2512=VERTEX_POINT('',#8206);
#2513=VERTEX_POINT('',#8208);
#2514=VERTEX_POINT('',#8210);
#2515=VERTEX_POINT('',#8212);
#2516=VERTEX_POINT('',#8215);
#2517=VERTEX_POINT('',#8217);
#2518=VERTEX_POINT('',#8219);
#2519=VERTEX_POINT('',#8221);
#2520=VERTEX_POINT('',#8223);
#2521=VERTEX_POINT('',#8226);
#2522=VERTEX_POINT('',#8230);
#2523=VERTEX_POINT('',#8237);
#2524=VERTEX_POINT('',#8241);
#2525=VERTEX_POINT('',#8245);
#2526=VERTEX_POINT('',#8249);
#2527=VERTEX_POINT('',#8259);
#2528=VERTEX_POINT('',#8260);
#2529=VERTEX_POINT('',#8265);
#2530=VERTEX_POINT('',#8266);
#2531=VERTEX_POINT('',#8274);
#2532=VERTEX_POINT('',#8276);
#2533=VERTEX_POINT('',#8281);
#2534=VERTEX_POINT('',#8283);
#2535=VERTEX_POINT('',#8285);
#2536=VERTEX_POINT('',#8287);
#2537=VERTEX_POINT('',#8289);
#2538=VERTEX_POINT('',#8291);
#2539=VERTEX_POINT('',#8293);
#2540=VERTEX_POINT('',#8295);
#2541=VERTEX_POINT('',#8297);
#2542=VERTEX_POINT('',#8299);
#2543=VERTEX_POINT('',#8301);
#2544=VERTEX_POINT('',#8303);
#2545=VERTEX_POINT('',#8305);
#2546=VERTEX_POINT('',#8307);
#2547=VERTEX_POINT('',#8309);
#2548=VERTEX_POINT('',#8311);
#2549=VERTEX_POINT('',#8313);
#2550=VERTEX_POINT('',#8315);
#2551=VERTEX_POINT('',#8317);
#2552=VERTEX_POINT('',#8319);
#2553=VERTEX_POINT('',#8321);
#2554=VERTEX_POINT('',#8323);
#2555=VERTEX_POINT('',#8325);
#2556=VERTEX_POINT('',#8327);
#2557=VERTEX_POINT('',#8331);
#2558=VERTEX_POINT('',#8333);
#2559=VERTEX_POINT('',#8335);
#2560=VERTEX_POINT('',#8338);
#2561=VERTEX_POINT('',#8340);
#2562=VERTEX_POINT('',#8342);
#2563=VERTEX_POINT('',#8344);
#2564=VERTEX_POINT('',#8346);
#2565=VERTEX_POINT('',#8355);
#2566=VERTEX_POINT('',#8421);
#2567=VERTEX_POINT('',#8423);
#2568=VERTEX_POINT('',#8427);
#2569=VERTEX_POINT('',#8428);
#2570=VERTEX_POINT('',#8430);
#2571=VERTEX_POINT('',#8432);
#2572=VERTEX_POINT('',#8435);
#2573=VERTEX_POINT('',#8436);
#2574=VERTEX_POINT('',#8438);
#2575=VERTEX_POINT('',#8440);
#2576=VERTEX_POINT('',#8442);
#2577=VERTEX_POINT('',#8444);
#2578=VERTEX_POINT('',#8446);
#2579=VERTEX_POINT('',#8448);
#2580=VERTEX_POINT('',#8450);
#2581=VERTEX_POINT('',#8452);
#2582=VERTEX_POINT('',#8454);
#2583=VERTEX_POINT('',#8456);
#2584=VERTEX_POINT('',#8462);
#2585=VERTEX_POINT('',#8464);
#2586=VERTEX_POINT('',#8468);
#2587=VERTEX_POINT('',#8475);
#2588=VERTEX_POINT('',#8477);
#2589=VERTEX_POINT('',#8481);
#2590=VERTEX_POINT('',#8487);
#2591=VERTEX_POINT('',#8488);
#2592=VERTEX_POINT('',#8493);
#2593=VERTEX_POINT('',#8496);
#2594=VERTEX_POINT('',#8497);
#2595=VERTEX_POINT('',#8499);
#2596=VERTEX_POINT('',#8501);
#2597=VERTEX_POINT('',#8504);
#2598=VERTEX_POINT('',#8505);
#2599=VERTEX_POINT('',#8507);
#2600=VERTEX_POINT('',#8509);
#2601=VERTEX_POINT('',#8513);
#2602=VERTEX_POINT('',#8515);
#2603=VERTEX_POINT('',#8517);
#2604=VERTEX_POINT('',#8519);
#2605=VERTEX_POINT('',#8521);
#2606=VERTEX_POINT('',#8528);
#2607=VERTEX_POINT('',#8529);
#2608=VERTEX_POINT('',#8531);
#2609=VERTEX_POINT('',#8533);
#2610=VERTEX_POINT('',#8537);
#2611=VERTEX_POINT('',#8539);
#2612=VERTEX_POINT('',#8543);
#2613=VERTEX_POINT('',#8545);
#2614=VERTEX_POINT('',#8549);
#2615=VERTEX_POINT('',#8552);
#2616=VERTEX_POINT('',#8558);
#2617=VERTEX_POINT('',#8564);
#2618=VERTEX_POINT('',#8570);
#2619=VERTEX_POINT('',#8572);
#2620=VERTEX_POINT('',#8575);
#2621=VERTEX_POINT('',#8578);
#2622=VERTEX_POINT('',#8582);
#2623=VERTEX_POINT('',#8586);
#2624=VERTEX_POINT('',#8593);
#2625=VERTEX_POINT('',#8595);
#2626=VERTEX_POINT('',#8597);
#2627=VERTEX_POINT('',#8600);
#2628=VERTEX_POINT('',#8603);
#2629=VERTEX_POINT('',#8607);
#2630=VERTEX_POINT('',#8609);
#2631=VERTEX_POINT('',#8613);
#2632=VERTEX_POINT('',#8622);
#2633=VERTEX_POINT('',#8624);
#2634=VERTEX_POINT('',#8628);
#2635=VERTEX_POINT('',#8633);
#2636=VERTEX_POINT('',#8635);
#2637=VERTEX_POINT('',#8639);
#2638=VERTEX_POINT('',#8645);
#2639=VERTEX_POINT('',#8647);
#2640=VERTEX_POINT('',#8651);
#2641=VERTEX_POINT('',#8657);
#2642=VERTEX_POINT('',#8659);
#2643=VERTEX_POINT('',#8663);
#2644=VERTEX_POINT('',#8669);
#2645=VERTEX_POINT('',#8671);
#2646=VERTEX_POINT('',#8675);
#2647=VERTEX_POINT('',#8681);
#2648=VERTEX_POINT('',#8685);
#2649=VERTEX_POINT('',#8687);
#2650=VERTEX_POINT('',#8689);
#2651=VERTEX_POINT('',#8693);
#2652=VERTEX_POINT('',#8697);
#2653=VERTEX_POINT('',#8699);
#2654=VERTEX_POINT('',#8701);
#2655=VERTEX_POINT('',#8713);
#2656=VERTEX_POINT('',#8714);
#2657=VERTEX_POINT('',#8716);
#2658=VERTEX_POINT('',#8718);
#2659=VERTEX_POINT('',#8722);
#2660=VERTEX_POINT('',#8725);
#2661=VERTEX_POINT('',#8729);
#2662=VERTEX_POINT('',#8731);
#2663=VERTEX_POINT('',#8739);
#2664=VERTEX_POINT('',#8741);
#2665=VERTEX_POINT('',#8745);
#2666=VERTEX_POINT('',#8749);
#2667=VERTEX_POINT('',#8753);
#2668=VERTEX_POINT('',#8757);
#2669=VERTEX_POINT('',#8761);
#2670=VERTEX_POINT('',#8765);
#2671=VERTEX_POINT('',#8769);
#2672=VERTEX_POINT('',#8773);
#2673=VERTEX_POINT('',#8777);
#2674=VERTEX_POINT('',#8781);
#2675=VERTEX_POINT('',#8788);
#2676=VERTEX_POINT('',#8789);
#2677=VERTEX_POINT('',#8791);
#2678=VERTEX_POINT('',#8793);
#2679=VERTEX_POINT('',#8795);
#2680=VERTEX_POINT('',#8797);
#2681=VERTEX_POINT('',#8801);
#2682=VERTEX_POINT('',#8802);
#2683=VERTEX_POINT('',#8804);
#2684=VERTEX_POINT('',#8806);
#2685=VERTEX_POINT('',#8808);
#2686=VERTEX_POINT('',#8810);
#2687=VERTEX_POINT('',#8814);
#2688=VERTEX_POINT('',#8816);
#2689=VERTEX_POINT('',#8819);
#2690=VERTEX_POINT('',#8821);
#2691=VERTEX_POINT('',#8825);
#2692=VERTEX_POINT('',#8827);
#2693=VERTEX_POINT('',#8831);
#2694=VERTEX_POINT('',#8832);
#2695=VERTEX_POINT('',#8834);
#2696=VERTEX_POINT('',#8836);
#2697=VERTEX_POINT('',#8839);
#2698=VERTEX_POINT('',#8842);
#2699=VERTEX_POINT('',#8844);
#2700=VERTEX_POINT('',#8847);
#2701=VERTEX_POINT('',#8849);
#2702=VERTEX_POINT('',#8851);
#2703=VERTEX_POINT('',#8853);
#2704=VERTEX_POINT('',#8855);
#2705=VERTEX_POINT('',#8857);
#2706=VERTEX_POINT('',#8859);
#2707=VERTEX_POINT('',#8861);
#2708=VERTEX_POINT('',#8864);
#2709=VERTEX_POINT('',#8866);
#2710=VERTEX_POINT('',#8868);
#2711=VERTEX_POINT('',#8870);
#2712=VERTEX_POINT('',#8874);
#2713=VERTEX_POINT('',#8876);
#2714=VERTEX_POINT('',#8886);
#2715=VERTEX_POINT('',#8897);
#2716=VERTEX_POINT('',#8899);
#2717=VERTEX_POINT('',#8903);
#2718=VERTEX_POINT('',#8907);
#2719=VERTEX_POINT('',#8908);
#2720=VERTEX_POINT('',#8910);
#2721=VERTEX_POINT('',#8912);
#2722=VERTEX_POINT('',#8917);
#2723=VERTEX_POINT('',#8921);
#2724=VERTEX_POINT('',#8925);
#2725=VERTEX_POINT('',#8927);
#2726=VERTEX_POINT('',#8933);
#2727=VERTEX_POINT('',#8939);
#2728=VERTEX_POINT('',#8941);
#2729=VERTEX_POINT('',#8945);
#2730=VERTEX_POINT('',#8949);
#2731=VERTEX_POINT('',#8951);
#2732=VERTEX_POINT('',#8956);
#2733=VERTEX_POINT('',#8958);
#2734=VERTEX_POINT('',#8962);
#2735=VERTEX_POINT('',#8967);
#2736=VERTEX_POINT('',#8969);
#2737=VERTEX_POINT('',#8971);
#2738=VERTEX_POINT('',#8974);
#2739=VERTEX_POINT('',#8982);
#2740=VERTEX_POINT('',#8987);
#2741=VERTEX_POINT('',#8988);
#2742=VERTEX_POINT('',#8993);
#2743=VERTEX_POINT('',#8994);
#2744=VERTEX_POINT('',#8996);
#2745=VERTEX_POINT('',#9004);
#2746=VERTEX_POINT('',#9015);
#2747=VERTEX_POINT('',#9017);
#2748=VERTEX_POINT('',#9019);
#2749=VERTEX_POINT('',#9021);
#2750=VERTEX_POINT('',#9027);
#2751=VERTEX_POINT('',#9029);
#2752=VERTEX_POINT('',#9039);
#2753=VERTEX_POINT('',#9045);
#2754=VERTEX_POINT('',#9046);
#2755=VERTEX_POINT('',#9048);
#2756=VERTEX_POINT('',#9050);
#2757=VERTEX_POINT('',#9077);
#2758=VERTEX_POINT('',#9079);
#2759=VERTEX_POINT('',#9088);
#2760=VERTEX_POINT('',#9089);
#2761=VERTEX_POINT('',#9091);
#2762=VERTEX_POINT('',#9093);
#2763=VERTEX_POINT('',#9097);
#2764=VERTEX_POINT('',#9098);
#2765=VERTEX_POINT('',#9100);
#2766=VERTEX_POINT('',#9102);
#2767=VERTEX_POINT('',#9105);
#2768=VERTEX_POINT('',#9106);
#2769=VERTEX_POINT('',#9108);
#2770=VERTEX_POINT('',#9110);
#2771=VERTEX_POINT('',#9112);
#2772=VERTEX_POINT('',#9114);
#2773=VERTEX_POINT('',#9117);
#2774=VERTEX_POINT('',#9118);
#2775=VERTEX_POINT('',#9120);
#2776=VERTEX_POINT('',#9122);
#2777=VERTEX_POINT('',#9124);
#2778=VERTEX_POINT('',#9126);
#2779=VERTEX_POINT('',#9129);
#2780=VERTEX_POINT('',#9130);
#2781=VERTEX_POINT('',#9132);
#2782=VERTEX_POINT('',#9134);
#2783=VERTEX_POINT('',#9136);
#2784=VERTEX_POINT('',#9138);
#2785=VERTEX_POINT('',#9141);
#2786=VERTEX_POINT('',#9142);
#2787=VERTEX_POINT('',#9144);
#2788=VERTEX_POINT('',#9146);
#2789=VERTEX_POINT('',#9148);
#2790=VERTEX_POINT('',#9150);
#2791=VERTEX_POINT('',#9152);
#2792=VERTEX_POINT('',#9154);
#2793=VERTEX_POINT('',#9156);
#2794=VERTEX_POINT('',#9158);
#2795=VERTEX_POINT('',#9160);
#2796=VERTEX_POINT('',#9162);
#2797=VERTEX_POINT('',#9164);
#2798=VERTEX_POINT('',#9166);
#2799=VERTEX_POINT('',#9168);
#2800=VERTEX_POINT('',#9170);
#2801=VERTEX_POINT('',#9172);
#2802=VERTEX_POINT('',#9174);
#2803=VERTEX_POINT('',#9176);
#2804=VERTEX_POINT('',#9178);
#2805=VERTEX_POINT('',#9181);
#2806=VERTEX_POINT('',#9182);
#2807=VERTEX_POINT('',#9184);
#2808=VERTEX_POINT('',#9186);
#2809=VERTEX_POINT('',#9188);
#2810=VERTEX_POINT('',#9190);
#2811=VERTEX_POINT('',#9194);
#2812=VERTEX_POINT('',#9195);
#2813=VERTEX_POINT('',#9197);
#2814=VERTEX_POINT('',#9199);
#2815=VERTEX_POINT('',#9203);
#2816=VERTEX_POINT('',#9204);
#2817=VERTEX_POINT('',#9206);
#2818=VERTEX_POINT('',#9208);
#2819=VERTEX_POINT('',#9212);
#2820=VERTEX_POINT('',#9213);
#2821=VERTEX_POINT('',#9215);
#2822=VERTEX_POINT('',#9217);
#2823=VERTEX_POINT('',#9221);
#2824=VERTEX_POINT('',#9222);
#2825=VERTEX_POINT('',#9224);
#2826=VERTEX_POINT('',#9226);
#2827=VERTEX_POINT('',#9230);
#2828=VERTEX_POINT('',#9232);
#2829=VERTEX_POINT('',#9239);
#2830=VERTEX_POINT('',#9241);
#2831=VERTEX_POINT('',#9245);
#2832=VERTEX_POINT('',#9247);
#2833=VERTEX_POINT('',#9251);
#2834=VERTEX_POINT('',#9253);
#2835=VERTEX_POINT('',#9257);
#2836=VERTEX_POINT('',#9259);
#2837=VERTEX_POINT('',#9263);
#2838=VERTEX_POINT('',#9265);
#2839=VERTEX_POINT('',#9272);
#2840=VERTEX_POINT('',#9274);
#2841=VERTEX_POINT('',#9278);
#2842=VERTEX_POINT('',#9280);
#2843=VERTEX_POINT('',#9287);
#2844=VERTEX_POINT('',#9289);
#2845=VERTEX_POINT('',#9311);
#2846=VERTEX_POINT('',#9313);
#2847=VERTEX_POINT('',#9331);
#2848=VERTEX_POINT('',#9333);
#2849=VERTEX_POINT('',#9337);
#2850=VERTEX_POINT('',#9341);
#2851=VERTEX_POINT('',#9347);
#2852=VERTEX_POINT('',#9349);
#2853=VERTEX_POINT('',#9353);
#2854=VERTEX_POINT('',#9357);
#2855=VERTEX_POINT('',#9364);
#2856=VERTEX_POINT('',#9366);
#2857=VERTEX_POINT('',#9370);
#2858=VERTEX_POINT('',#9374);
#2859=VERTEX_POINT('',#9380);
#2860=VERTEX_POINT('',#9382);
#2861=VERTEX_POINT('',#9386);
#2862=VERTEX_POINT('',#9390);
#2863=EDGE_CURVE('',#2327,#2328,#905,.T.);
#2864=EDGE_CURVE('',#2329,#2327,#906,.T.);
#2865=EDGE_CURVE('',#2330,#2329,#907,.T.);
#2866=EDGE_CURVE('',#2328,#2330,#908,.T.);
#2867=EDGE_CURVE('',#2331,#2328,#909,.T.);
#2868=EDGE_CURVE('',#2331,#2332,#910,.T.);
#2869=EDGE_CURVE('',#2332,#2333,#911,.T.);
#2870=EDGE_CURVE('',#2333,#2334,#912,.T.);
#2871=EDGE_CURVE('',#2334,#2335,#913,.T.);
#2872=EDGE_CURVE('',#2335,#2336,#914,.T.);
#2873=EDGE_CURVE('',#2336,#2337,#915,.T.);
#2874=EDGE_CURVE('',#2337,#2338,#916,.T.);
#2875=EDGE_CURVE('',#2338,#2339,#917,.T.);
#2876=EDGE_CURVE('',#2340,#2339,#918,.T.);
#2877=EDGE_CURVE('',#2340,#2341,#919,.T.);
#2878=EDGE_CURVE('',#2341,#2327,#920,.T.);
#2879=EDGE_CURVE('',#2342,#2342,#146,.T.);
#2880=EDGE_CURVE('',#2343,#2343,#147,.T.);
#2881=EDGE_CURVE('',#2344,#2344,#148,.T.);
#2882=EDGE_CURVE('',#2345,#2345,#149,.T.);
#2883=EDGE_CURVE('',#2346,#2346,#150,.T.);
#2884=EDGE_CURVE('',#2347,#2347,#151,.T.);
#2885=EDGE_CURVE('',#2348,#2348,#152,.T.);
#2886=EDGE_CURVE('',#2349,#2350,#921,.T.);
#2887=EDGE_CURVE('',#2351,#2350,#922,.F.);
#2888=EDGE_CURVE('',#2352,#2351,#923,.T.);
#2889=EDGE_CURVE('',#2352,#2353,#924,.T.);
#2890=EDGE_CURVE('',#2353,#2354,#925,.T.);
#2891=EDGE_CURVE('',#2354,#2355,#926,.T.);
#2892=EDGE_CURVE('',#2355,#2356,#927,.T.);
#2893=EDGE_CURVE('',#2356,#2357,#928,.T.);
#2894=EDGE_CURVE('',#2358,#2357,#929,.T.);
#2895=EDGE_CURVE('',#2349,#2358,#930,.F.);
#2896=EDGE_CURVE('',#2341,#2359,#931,.T.);
#2897=EDGE_CURVE('',#2329,#2359,#932,.T.);
#2898=EDGE_CURVE('',#2360,#2361,#933,.T.);
#2899=EDGE_CURVE('',#2362,#2360,#934,.T.);
#2900=EDGE_CURVE('',#2363,#2362,#935,.T.);
#2901=EDGE_CURVE('',#2361,#2363,#936,.T.);
#2902=EDGE_CURVE('',#2360,#2364,#937,.T.);
#2903=EDGE_CURVE('',#2365,#2364,#938,.T.);
#2904=EDGE_CURVE('',#2365,#2362,#939,.T.);
#2905=EDGE_CURVE('',#2361,#2366,#940,.T.);
#2906=EDGE_CURVE('',#2367,#2366,#941,.T.);
#2907=EDGE_CURVE('',#2367,#2368,#942,.T.);
#2908=EDGE_CURVE('',#2368,#2369,#943,.T.);
#2909=EDGE_CURVE('',#2364,#2369,#944,.T.);
#2910=EDGE_CURVE('',#2370,#2371,#945,.T.);
#2911=EDGE_CURVE('',#2372,#2370,#946,.T.);
#2912=EDGE_CURVE('',#2373,#2372,#947,.T.);
#2913=EDGE_CURVE('',#2371,#2373,#948,.T.);
#2914=EDGE_CURVE('',#2370,#2374,#949,.T.);
#2915=EDGE_CURVE('',#2375,#2374,#950,.T.);
#2916=EDGE_CURVE('',#2375,#2372,#951,.T.);
#2917=EDGE_CURVE('',#2371,#2376,#952,.T.);
#2918=EDGE_CURVE('',#2377,#2376,#953,.T.);
#2919=EDGE_CURVE('',#2377,#2378,#954,.T.);
#2920=EDGE_CURVE('',#2378,#2379,#955,.T.);
#2921=EDGE_CURVE('',#2374,#2379,#956,.T.);
#2922=EDGE_CURVE('',#2380,#2380,#153,.T.);
#2923=EDGE_CURVE('',#2380,#2381,#957,.T.);
#2924=EDGE_CURVE('',#2381,#2381,#154,.T.);
#2925=EDGE_CURVE('',#2382,#2382,#155,.T.);
#2926=EDGE_CURVE('',#2383,#2383,#156,.T.);
#2927=EDGE_CURVE('',#2383,#2384,#958,.T.);
#2928=EDGE_CURVE('',#2384,#2384,#157,.T.);
#2929=EDGE_CURVE('',#2385,#2385,#158,.T.);
#2930=EDGE_CURVE('',#2386,#2386,#159,.T.);
#2931=EDGE_CURVE('',#2386,#2387,#959,.T.);
#2932=EDGE_CURVE('',#2387,#2387,#160,.T.);
#2933=EDGE_CURVE('',#2388,#2388,#161,.T.);
#2934=EDGE_CURVE('',#2389,#2389,#162,.T.);
#2935=EDGE_CURVE('',#2389,#2390,#960,.T.);
#2936=EDGE_CURVE('',#2390,#2390,#163,.T.);
#2937=EDGE_CURVE('',#2391,#2391,#164,.T.);
#2938=EDGE_CURVE('',#2392,#2392,#165,.T.);
#2939=EDGE_CURVE('',#2392,#2393,#961,.T.);
#2940=EDGE_CURVE('',#2393,#2393,#166,.T.);
#2941=EDGE_CURVE('',#2394,#2394,#167,.T.);
#2942=EDGE_CURVE('',#2395,#2396,#962,.T.);
#2943=EDGE_CURVE('',#2397,#2396,#963,.T.);
#2944=EDGE_CURVE('',#2398,#2397,#964,.T.);
#2945=EDGE_CURVE('',#2399,#2398,#965,.T.);
#2946=EDGE_CURVE('',#2400,#2399,#966,.T.);
#2947=EDGE_CURVE('',#2395,#2400,#967,.T.);
#2948=EDGE_CURVE('',#2401,#2402,#168,.T.);
#2949=EDGE_CURVE('',#2401,#2403,#968,.T.);
#2950=EDGE_CURVE('',#2404,#2403,#169,.T.);
#2951=EDGE_CURVE('',#2404,#2405,#969,.T.);
#2952=EDGE_CURVE('',#2405,#2406,#970,.T.);
#2953=EDGE_CURVE('',#2406,#2407,#971,.T.);
#2954=EDGE_CURVE('',#2407,#2408,#972,.T.);
#2955=EDGE_CURVE('',#2408,#2402,#973,.T.);
#2956=EDGE_CURVE('',#2409,#2410,#974,.T.);
#2957=EDGE_CURVE('',#2411,#2409,#975,.T.);
#2958=EDGE_CURVE('',#2412,#2411,#976,.T.);
#2959=EDGE_CURVE('',#2410,#2412,#977,.T.);
#2960=EDGE_CURVE('',#2382,#2413,#978,.T.);
#2961=EDGE_CURVE('',#2413,#2413,#170,.T.);
#2962=EDGE_CURVE('',#2414,#2415,#979,.T.);
#2963=EDGE_CURVE('',#2415,#2416,#980,.T.);
#2964=EDGE_CURVE('',#2416,#2417,#981,.T.);
#2965=EDGE_CURVE('',#2417,#2418,#982,.T.);
#2966=EDGE_CURVE('',#2418,#2397,#983,.T.);
#2967=EDGE_CURVE('',#2396,#2419,#984,.T.);
#2968=EDGE_CURVE('',#2420,#2419,#985,.T.);
#2969=EDGE_CURVE('',#2420,#2421,#986,.T.);
#2970=EDGE_CURVE('',#2421,#2414,#987,.T.);
#2971=EDGE_CURVE('',#2391,#2422,#988,.T.);
#2972=EDGE_CURVE('',#2422,#2422,#171,.T.);
#2973=EDGE_CURVE('',#2423,#2359,#989,.T.);
#2974=EDGE_CURVE('',#2424,#2423,#990,.T.);
#2975=EDGE_CURVE('',#2424,#2399,#991,.T.);
#2976=EDGE_CURVE('',#2398,#2352,#992,.T.);
#2977=EDGE_CURVE('',#2351,#2425,#993,.T.);
#2978=EDGE_CURVE('',#2425,#2426,#994,.T.);
#2979=EDGE_CURVE('',#2426,#2330,#995,.T.);
#2980=EDGE_CURVE('',#2427,#2428,#996,.T.);
#2981=EDGE_CURVE('',#2428,#2429,#997,.T.);
#2982=EDGE_CURVE('',#2429,#2430,#998,.T.);
#2983=EDGE_CURVE('',#2430,#2427,#999,.T.);
#2984=EDGE_CURVE('',#2385,#2431,#1000,.T.);
#2985=EDGE_CURVE('',#2431,#2431,#172,.T.);
#2986=EDGE_CURVE('',#2394,#2432,#1001,.T.);
#2987=EDGE_CURVE('',#2432,#2432,#173,.T.);
#2988=EDGE_CURVE('',#2388,#2433,#1002,.T.);
#2989=EDGE_CURVE('',#2433,#2433,#174,.T.);
#2990=EDGE_CURVE('',#2434,#2435,#1003,.T.);
#2991=EDGE_CURVE('',#2436,#2434,#175,.T.);
#2992=EDGE_CURVE('',#2436,#2437,#1004,.T.);
#2993=EDGE_CURVE('',#2437,#2435,#176,.T.);
#2994=EDGE_CURVE('',#2438,#2439,#1005,.T.);
#2995=EDGE_CURVE('',#2440,#2438,#177,.T.);
#2996=EDGE_CURVE('',#2440,#2441,#1006,.T.);
#2997=EDGE_CURVE('',#2441,#2439,#178,.T.);
#2998=EDGE_CURVE('',#2442,#2438,#1007,.T.);
#2999=EDGE_CURVE('',#2439,#2443,#1008,.T.);
#3000=EDGE_CURVE('',#2443,#2444,#1009,.T.);
#3001=EDGE_CURVE('',#2444,#2445,#1010,.T.);
#3002=EDGE_CURVE('',#2445,#2446,#1011,.T.);
#3003=EDGE_CURVE('',#2446,#2447,#1012,.T.);
#3004=EDGE_CURVE('',#2447,#2442,#1013,.T.);
#3005=EDGE_CURVE('',#2448,#2445,#179,.T.);
#3006=EDGE_CURVE('',#2448,#2449,#1014,.T.);
#3007=EDGE_CURVE('',#2449,#2446,#180,.T.);
#3008=EDGE_CURVE('',#2450,#2451,#1015,.T.);
#3009=EDGE_CURVE('',#2452,#2450,#181,.T.);
#3010=EDGE_CURVE('',#2452,#2453,#1016,.T.);
#3011=EDGE_CURVE('',#2453,#2451,#182,.T.);
#3012=EDGE_CURVE('',#2454,#2450,#1017,.T.);
#3013=EDGE_CURVE('',#2451,#2455,#1018,.T.);
#3014=EDGE_CURVE('',#2455,#2454,#1019,.T.);
#3015=EDGE_CURVE('',#2456,#2457,#1020,.T.);
#3016=EDGE_CURVE('',#2458,#2456,#1021,.T.);
#3017=EDGE_CURVE('',#2458,#2459,#1022,.T.);
#3018=EDGE_CURVE('',#2457,#2459,#1023,.T.);
#3019=EDGE_CURVE('',#2460,#2461,#1024,.T.);
#3020=EDGE_CURVE('',#2462,#2460,#1025,.T.);
#3021=EDGE_CURVE('',#2462,#2463,#1026,.T.);
#3022=EDGE_CURVE('',#2461,#2463,#1027,.T.);
#3023=EDGE_CURVE('',#2459,#2462,#1028,.T.);
#3024=EDGE_CURVE('',#2463,#2458,#1029,.T.);
#3025=EDGE_CURVE('',#2464,#2465,#1030,.T.);
#3026=EDGE_CURVE('',#2466,#2464,#1031,.T.);
#3027=EDGE_CURVE('',#2466,#2467,#1032,.T.);
#3028=EDGE_CURVE('',#2465,#2467,#1033,.T.);
#3029=EDGE_CURVE('',#2468,#2469,#1034,.T.);
#3030=EDGE_CURVE('',#2470,#2468,#1035,.T.);
#3031=EDGE_CURVE('',#2470,#2471,#1036,.T.);
#3032=EDGE_CURVE('',#2469,#2471,#1037,.T.);
#3033=EDGE_CURVE('',#2467,#2470,#1038,.T.);
#3034=EDGE_CURVE('',#2471,#2466,#1039,.T.);
#3035=EDGE_CURVE('',#2456,#2472,#1040,.T.);
#3036=EDGE_CURVE('',#2472,#2453,#1041,.T.);
#3037=EDGE_CURVE('',#2473,#2452,#1042,.T.);
#3038=EDGE_CURVE('',#2473,#2461,#1043,.T.);
#3039=EDGE_CURVE('',#2464,#2474,#1044,.T.);
#3040=EDGE_CURVE('',#2474,#2437,#1045,.T.);
#3041=EDGE_CURVE('',#2475,#2436,#1046,.T.);
#3042=EDGE_CURVE('',#2475,#2469,#1047,.T.);
#3043=EDGE_CURVE('',#2476,#2477,#1048,.T.);
#3044=EDGE_CURVE('',#2478,#2476,#1049,.T.);
#3045=EDGE_CURVE('',#2479,#2478,#1050,.T.);
#3046=EDGE_CURVE('',#2477,#2479,#1051,.T.);
#3047=EDGE_CURVE('',#2480,#2473,#1052,.T.);
#3048=EDGE_CURVE('',#2480,#2481,#1053,.T.);
#3049=EDGE_CURVE('',#2472,#2481,#1054,.T.);
#3050=EDGE_CURVE('',#2457,#2482,#1055,.T.);
#3051=EDGE_CURVE('',#2482,#2483,#1056,.T.);
#3052=EDGE_CURVE('',#2483,#2484,#1057,.T.);
#3053=EDGE_CURVE('',#2485,#2484,#1058,.T.);
#3054=EDGE_CURVE('',#2468,#2485,#1059,.T.);
#3055=EDGE_CURVE('',#2486,#2475,#1060,.T.);
#3056=EDGE_CURVE('',#2486,#2487,#1061,.T.);
#3057=EDGE_CURVE('',#2487,#2488,#1062,.T.);
#3058=EDGE_CURVE('',#2488,#2489,#1063,.T.);
#3059=EDGE_CURVE('',#2489,#2490,#183,.T.);
#3060=EDGE_CURVE('',#2490,#2491,#1064,.T.);
#3061=EDGE_CURVE('',#2491,#2492,#1065,.T.);
#3062=EDGE_CURVE('',#2492,#2493,#1066,.T.);
#3063=EDGE_CURVE('',#2493,#2494,#184,.T.);
#3064=EDGE_CURVE('',#2494,#2495,#1067,.T.);
#3065=EDGE_CURVE('',#2495,#2496,#1068,.T.);
#3066=EDGE_CURVE('',#2496,#2497,#1069,.T.);
#3067=EDGE_CURVE('',#2497,#2498,#1070,.T.);
#3068=EDGE_CURVE('',#2498,#2499,#185,.T.);
#3069=EDGE_CURVE('',#2499,#2500,#1071,.T.);
#3070=EDGE_CURVE('',#2500,#2501,#1072,.T.);
#3071=EDGE_CURVE('',#2501,#2502,#1073,.T.);
#3072=EDGE_CURVE('',#2502,#2503,#1074,.T.);
#3073=EDGE_CURVE('',#2503,#2504,#186,.T.);
#3074=EDGE_CURVE('',#2504,#2505,#1075,.T.);
#3075=EDGE_CURVE('',#2505,#2506,#1076,.T.);
#3076=EDGE_CURVE('',#2506,#2507,#1077,.T.);
#3077=EDGE_CURVE('',#2507,#2508,#187,.T.);
#3078=EDGE_CURVE('',#2508,#2509,#1078,.T.);
#3079=EDGE_CURVE('',#2509,#2510,#1079,.T.);
#3080=EDGE_CURVE('',#2510,#2511,#1080,.T.);
#3081=EDGE_CURVE('',#2474,#2511,#1081,.T.);
#3082=EDGE_CURVE('',#2512,#2465,#1082,.T.);
#3083=EDGE_CURVE('',#2513,#2512,#1083,.T.);
#3084=EDGE_CURVE('',#2513,#2514,#1084,.T.);
#3085=EDGE_CURVE('',#2514,#2515,#1085,.T.);
#3086=EDGE_CURVE('',#2515,#2460,#1086,.T.);
#3087=EDGE_CURVE('',#2516,#2516,#188,.T.);
#3088=EDGE_CURVE('',#2517,#2517,#189,.T.);
#3089=EDGE_CURVE('',#2518,#2518,#190,.T.);
#3090=EDGE_CURVE('',#2519,#2519,#191,.T.);
#3091=EDGE_CURVE('',#2520,#2520,#192,.T.);
#3092=EDGE_CURVE('',#2521,#2481,#1087,.T.);
#3093=EDGE_CURVE('',#2455,#2521,#1088,.T.);
#3094=EDGE_CURVE('',#2522,#2514,#1089,.T.);
#3095=EDGE_CURVE('',#2447,#2522,#1090,.T.);
#3096=EDGE_CURVE('',#2515,#2449,#1091,.T.);
#3097=EDGE_CURVE('',#2482,#2448,#1092,.T.);
#3098=EDGE_CURVE('',#2483,#2523,#1093,.T.);
#3099=EDGE_CURVE('',#2523,#2444,#1094,.T.);
#3100=EDGE_CURVE('',#2480,#2524,#1095,.T.);
#3101=EDGE_CURVE('',#2524,#2454,#1096,.T.);
#3102=EDGE_CURVE('',#2523,#2525,#1097,.T.);
#3103=EDGE_CURVE('',#2525,#2484,#1098,.T.);
#3104=EDGE_CURVE('',#2513,#2526,#1099,.T.);
#3105=EDGE_CURVE('',#2526,#2522,#1100,.T.);
#3106=EDGE_CURVE('',#2443,#2525,#1101,.T.);
#3107=EDGE_CURVE('',#2526,#2442,#1102,.T.);
#3108=EDGE_CURVE('',#2512,#2440,#1103,.T.);
#3109=EDGE_CURVE('',#2527,#2528,#1104,.T.);
#3110=EDGE_CURVE('',#2486,#2527,#1105,.T.);
#3111=EDGE_CURVE('',#2528,#2434,#1106,.T.);
#3112=EDGE_CURVE('',#2529,#2530,#1107,.T.);
#3113=EDGE_CURVE('',#2435,#2529,#1108,.T.);
#3114=EDGE_CURVE('',#2530,#2511,#1109,.T.);
#3115=EDGE_CURVE('',#2485,#2441,#1110,.T.);
#3116=EDGE_CURVE('',#2529,#2531,#1111,.T.);
#3117=EDGE_CURVE('',#2532,#2531,#1112,.T.);
#3118=EDGE_CURVE('',#2532,#2414,#1113,.T.);
#3119=EDGE_CURVE('',#2421,#2528,#1114,.T.);
#3120=EDGE_CURVE('',#2533,#2530,#1115,.T.);
#3121=EDGE_CURVE('',#2534,#2533,#1116,.T.);
#3122=EDGE_CURVE('',#2534,#2535,#1117,.T.);
#3123=EDGE_CURVE('',#2535,#2536,#193,.T.);
#3124=EDGE_CURVE('',#2536,#2537,#1118,.T.);
#3125=EDGE_CURVE('',#2538,#2537,#1119,.T.);
#3126=EDGE_CURVE('',#2538,#2539,#1120,.T.);
#3127=EDGE_CURVE('',#2539,#2540,#194,.T.);
#3128=EDGE_CURVE('',#2540,#2541,#1121,.T.);
#3129=EDGE_CURVE('',#2542,#2541,#1122,.T.);
#3130=EDGE_CURVE('',#2543,#2542,#1123,.T.);
#3131=EDGE_CURVE('',#2543,#2544,#1124,.T.);
#3132=EDGE_CURVE('',#2544,#2545,#195,.T.);
#3133=EDGE_CURVE('',#2545,#2546,#1125,.T.);
#3134=EDGE_CURVE('',#2547,#2546,#1126,.T.);
#3135=EDGE_CURVE('',#2548,#2547,#1127,.T.);
#3136=EDGE_CURVE('',#2548,#2549,#1128,.T.);
#3137=EDGE_CURVE('',#2549,#2550,#196,.T.);
#3138=EDGE_CURVE('',#2550,#2551,#1129,.T.);
#3139=EDGE_CURVE('',#2552,#2551,#1130,.T.);
#3140=EDGE_CURVE('',#2552,#2553,#1131,.T.);
#3141=EDGE_CURVE('',#2553,#2554,#197,.T.);
#3142=EDGE_CURVE('',#2554,#2555,#1132,.T.);
#3143=EDGE_CURVE('',#2556,#2555,#1133,.T.);
#3144=EDGE_CURVE('',#2527,#2556,#1134,.T.);
#3145=EDGE_CURVE('',#2339,#2420,#1135,.T.);
#3146=EDGE_CURVE('',#2338,#2557,#1136,.T.);
#3147=EDGE_CURVE('',#2557,#2558,#1137,.T.);
#3148=EDGE_CURVE('',#2559,#2558,#1138,.T.);
#3149=EDGE_CURVE('',#2531,#2559,#1139,.T.);
#3150=EDGE_CURVE('',#2560,#2560,#198,.T.);
#3151=EDGE_CURVE('',#2561,#2561,#199,.T.);
#3152=EDGE_CURVE('',#2562,#2562,#200,.T.);
#3153=EDGE_CURVE('',#2563,#2563,#201,.T.);
#3154=EDGE_CURVE('',#2564,#2564,#202,.T.);
#3155=EDGE_CURVE('',#2524,#2521,#1140,.T.);
#3156=EDGE_CURVE('',#2556,#2487,#1141,.T.);
#3157=EDGE_CURVE('',#2533,#2510,#1142,.T.);
#3158=EDGE_CURVE('',#2565,#2532,#1143,.T.);
#3159=EDGE_CURVE('',#2565,#2415,#1144,.T.);
#3160=EDGE_CURVE('',#2559,#2565,#1145,.T.);
#3161=EDGE_CURVE('',#2500,#2543,#1146,.F.);
#3162=EDGE_CURVE('',#2542,#2501,#1147,.T.);
#3163=EDGE_CURVE('',#2541,#2502,#1148,.F.);
#3164=EDGE_CURVE('',#2495,#2548,#1149,.F.);
#3165=EDGE_CURVE('',#2547,#2496,#1150,.T.);
#3166=EDGE_CURVE('',#2546,#2497,#1151,.F.);
#3167=EDGE_CURVE('',#2537,#2506,#1152,.F.);
#3168=EDGE_CURVE('',#2505,#2538,#1153,.F.);
#3169=EDGE_CURVE('',#2551,#2492,#1154,.F.);
#3170=EDGE_CURVE('',#2491,#2552,#1155,.F.);
#3171=EDGE_CURVE('',#2509,#2534,#1156,.F.);
#3172=EDGE_CURVE('',#2555,#2488,#1157,.F.);
#3173=EDGE_CURVE('',#2564,#2520,#1158,.T.);
#3174=EDGE_CURVE('',#2563,#2519,#1159,.T.);
#3175=EDGE_CURVE('',#2562,#2518,#1160,.T.);
#3176=EDGE_CURVE('',#2561,#2517,#1161,.T.);
#3177=EDGE_CURVE('',#2560,#2516,#1162,.T.);
#3178=EDGE_CURVE('',#2498,#2545,#1163,.T.);
#3179=EDGE_CURVE('',#2499,#2544,#1164,.T.);
#3180=EDGE_CURVE('',#2503,#2540,#1165,.T.);
#3181=EDGE_CURVE('',#2504,#2539,#1166,.T.);
#3182=EDGE_CURVE('',#2507,#2536,#1167,.T.);
#3183=EDGE_CURVE('',#2508,#2535,#1168,.T.);
#3184=EDGE_CURVE('',#2489,#2554,#1169,.T.);
#3185=EDGE_CURVE('',#2490,#2553,#1170,.T.);
#3186=EDGE_CURVE('',#2493,#2550,#1171,.T.);
#3187=EDGE_CURVE('',#2494,#2549,#1172,.T.);
#3188=EDGE_CURVE('',#2409,#2479,#1173,.T.);
#3189=EDGE_CURVE('',#2410,#2477,#1174,.T.);
#3190=EDGE_CURVE('',#2566,#2419,#1175,.T.);
#3191=EDGE_CURVE('',#2567,#2566,#1176,.T.);
#3192=EDGE_CURVE('',#2567,#2424,#1177,.T.);
#3193=EDGE_CURVE('',#2340,#2423,#1178,.T.);
#3194=EDGE_CURVE('',#2568,#2569,#1179,.T.);
#3195=EDGE_CURVE('',#2569,#2570,#1180,.T.);
#3196=EDGE_CURVE('',#2570,#2571,#1181,.T.);
#3197=EDGE_CURVE('',#2571,#2568,#1182,.T.);
#3198=EDGE_CURVE('',#2572,#2573,#1183,.T.);
#3199=EDGE_CURVE('',#2573,#2574,#1184,.T.);
#3200=EDGE_CURVE('',#2574,#2575,#1185,.T.);
#3201=EDGE_CURVE('',#2575,#2576,#1186,.T.);
#3202=EDGE_CURVE('',#2576,#2577,#1187,.T.);
#3203=EDGE_CURVE('',#2577,#2578,#1188,.T.);
#3204=EDGE_CURVE('',#2578,#2579,#1189,.T.);
#3205=EDGE_CURVE('',#2579,#2580,#1190,.T.);
#3206=EDGE_CURVE('',#2580,#2581,#1191,.T.);
#3207=EDGE_CURVE('',#2581,#2582,#1192,.T.);
#3208=EDGE_CURVE('',#2582,#2583,#1193,.T.);
#3209=EDGE_CURVE('',#2583,#2572,#1194,.T.);
#3210=EDGE_CURVE('',#2478,#2411,#1195,.T.);
#3211=EDGE_CURVE('',#2584,#2584,#203,.T.);
#3212=EDGE_CURVE('',#2584,#2585,#1196,.T.);
#3213=EDGE_CURVE('',#2585,#2585,#204,.T.);
#3214=EDGE_CURVE('',#2586,#2586,#205,.T.);
#3215=EDGE_CURVE('',#2586,#2348,#1197,.T.);
#3216=EDGE_CURVE('',#2476,#2412,#1198,.T.);
#3217=EDGE_CURVE('',#2587,#2587,#206,.T.);
#3218=EDGE_CURVE('',#2587,#2588,#1199,.T.);
#3219=EDGE_CURVE('',#2588,#2588,#207,.T.);
#3220=EDGE_CURVE('',#2589,#2589,#208,.T.);
#3221=EDGE_CURVE('',#2589,#2342,#1200,.T.);
#3222=EDGE_CURVE('',#2590,#2591,#209,.T.);
#3223=EDGE_CURVE('',#2591,#2401,#1201,.T.);
#3224=EDGE_CURVE('',#2402,#2590,#1202,.T.);
#3225=EDGE_CURVE('',#2592,#2591,#1203,.T.);
#3226=EDGE_CURVE('',#2403,#2592,#1204,.T.);
#3227=EDGE_CURVE('',#2593,#2594,#1205,.T.);
#3228=EDGE_CURVE('',#2594,#2595,#1206,.T.);
#3229=EDGE_CURVE('',#2595,#2596,#1207,.T.);
#3230=EDGE_CURVE('',#2596,#2593,#1208,.T.);
#3231=EDGE_CURVE('',#2597,#2598,#1209,.T.);
#3232=EDGE_CURVE('',#2598,#2599,#1210,.T.);
#3233=EDGE_CURVE('',#2599,#2600,#1211,.T.);
#3234=EDGE_CURVE('',#2600,#2597,#1212,.T.);
#3235=EDGE_CURVE('',#2590,#2601,#1213,.T.);
#3236=EDGE_CURVE('',#2601,#2602,#1214,.T.);
#3237=EDGE_CURVE('',#2602,#2603,#1215,.T.);
#3238=EDGE_CURVE('',#2603,#2604,#1216,.T.);
#3239=EDGE_CURVE('',#2604,#2605,#1217,.T.);
#3240=EDGE_CURVE('',#2592,#2605,#210,.T.);
#3241=EDGE_CURVE('',#2605,#2404,#1218,.T.);
#3242=EDGE_CURVE('',#2604,#2405,#1219,.T.);
#3243=EDGE_CURVE('',#2606,#2607,#1220,.T.);
#3244=EDGE_CURVE('',#2607,#2608,#1221,.T.);
#3245=EDGE_CURVE('',#2608,#2609,#1222,.T.);
#3246=EDGE_CURVE('',#2609,#2606,#1223,.T.);
#3247=EDGE_CURVE('',#2610,#2568,#1224,.T.);
#3248=EDGE_CURVE('',#2610,#2611,#1225,.T.);
#3249=EDGE_CURVE('',#2569,#2611,#1226,.T.);
#3250=EDGE_CURVE('',#2612,#2570,#1227,.T.);
#3251=EDGE_CURVE('',#2613,#2612,#1228,.T.);
#3252=EDGE_CURVE('',#2571,#2613,#1229,.T.);
#3253=EDGE_CURVE('',#2332,#2614,#1230,.T.);
#3254=EDGE_CURVE('',#2349,#2614,#1231,.T.);
#3255=EDGE_CURVE('',#2615,#2358,#1232,.T.);
#3256=EDGE_CURVE('',#2615,#2332,#1233,.T.);
#3257=EDGE_CURVE('',#2614,#2331,#1234,.T.);
#3258=EDGE_CURVE('',#2616,#2425,#1235,.T.);
#3259=EDGE_CURVE('',#2350,#2616,#1236,.T.);
#3260=EDGE_CURVE('',#2426,#2616,#1237,.T.);
#3261=EDGE_CURVE('',#2357,#2617,#1238,.T.);
#3262=EDGE_CURVE('',#2617,#2615,#1239,.T.);
#3263=EDGE_CURVE('',#2428,#2618,#1240,.T.);
#3264=EDGE_CURVE('',#2618,#2619,#211,.T.);
#3265=EDGE_CURVE('',#2619,#2429,#1241,.T.);
#3266=EDGE_CURVE('',#2620,#2620,#212,.T.);
#3267=EDGE_CURVE('',#2427,#2621,#1242,.T.);
#3268=EDGE_CURVE('',#2621,#2618,#1243,.T.);
#3269=EDGE_CURVE('',#2620,#2622,#1244,.T.);
#3270=EDGE_CURVE('',#2622,#2622,#213,.T.);
#3271=EDGE_CURVE('',#2623,#2619,#1245,.T.);
#3272=EDGE_CURVE('',#2623,#2430,#1246,.T.);
#3273=EDGE_CURVE('',#2621,#2623,#214,.T.);
#3274=EDGE_CURVE('',#2334,#2624,#1247,.T.);
#3275=EDGE_CURVE('',#2625,#2624,#215,.T.);
#3276=EDGE_CURVE('',#2626,#2625,#1248,.T.);
#3277=EDGE_CURVE('',#2335,#2626,#1249,.T.);
#3278=EDGE_CURVE('',#2627,#2627,#216,.T.);
#3279=EDGE_CURVE('',#2628,#2628,#217,.T.);
#3280=EDGE_CURVE('',#2628,#2627,#1250,.T.);
#3281=EDGE_CURVE('',#2624,#2629,#1251,.T.);
#3282=EDGE_CURVE('',#2630,#2629,#218,.T.);
#3283=EDGE_CURVE('',#2625,#2630,#1252,.T.);
#3284=EDGE_CURVE('',#2631,#2630,#1253,.T.);
#3285=EDGE_CURVE('',#2626,#2631,#1254,.T.);
#3286=EDGE_CURVE('',#2336,#2631,#1255,.T.);
#3287=EDGE_CURVE('',#2629,#2337,#1256,.T.);
#3288=EDGE_CURVE('',#2632,#2632,#219,.T.);
#3289=EDGE_CURVE('',#2632,#2633,#1257,.T.);
#3290=EDGE_CURVE('',#2633,#2633,#220,.T.);
#3291=EDGE_CURVE('',#2634,#2634,#221,.T.);
#3292=EDGE_CURVE('',#2634,#2343,#1258,.T.);
#3293=EDGE_CURVE('',#2635,#2635,#222,.T.);
#3294=EDGE_CURVE('',#2635,#2636,#1259,.T.);
#3295=EDGE_CURVE('',#2636,#2636,#223,.T.);
#3296=EDGE_CURVE('',#2637,#2637,#224,.T.);
#3297=EDGE_CURVE('',#2637,#2347,#1260,.T.);
#3298=EDGE_CURVE('',#2638,#2638,#225,.T.);
#3299=EDGE_CURVE('',#2638,#2639,#1261,.T.);
#3300=EDGE_CURVE('',#2639,#2639,#226,.T.);
#3301=EDGE_CURVE('',#2640,#2640,#227,.T.);
#3302=EDGE_CURVE('',#2640,#2344,#1262,.T.);
#3303=EDGE_CURVE('',#2641,#2641,#228,.T.);
#3304=EDGE_CURVE('',#2641,#2642,#1263,.T.);
#3305=EDGE_CURVE('',#2642,#2642,#229,.T.);
#3306=EDGE_CURVE('',#2643,#2643,#230,.T.);
#3307=EDGE_CURVE('',#2643,#2346,#1264,.T.);
#3308=EDGE_CURVE('',#2644,#2644,#231,.T.);
#3309=EDGE_CURVE('',#2644,#2645,#1265,.T.);
#3310=EDGE_CURVE('',#2645,#2645,#232,.T.);
#3311=EDGE_CURVE('',#2646,#2646,#233,.T.);
#3312=EDGE_CURVE('',#2646,#2345,#1266,.T.);
#3313=EDGE_CURVE('',#2647,#2365,#1267,.T.);
#3314=EDGE_CURVE('',#2369,#2647,#1268,.T.);
#3315=EDGE_CURVE('',#2648,#2647,#1269,.T.);
#3316=EDGE_CURVE('',#2648,#2649,#1270,.T.);
#3317=EDGE_CURVE('',#2649,#2650,#1271,.T.);
#3318=EDGE_CURVE('',#2650,#2363,#1272,.T.);
#3319=EDGE_CURVE('',#2651,#2375,#1273,.T.);
#3320=EDGE_CURVE('',#2379,#2651,#1274,.T.);
#3321=EDGE_CURVE('',#2652,#2651,#1275,.T.);
#3322=EDGE_CURVE('',#2652,#2653,#1276,.T.);
#3323=EDGE_CURVE('',#2653,#2654,#1277,.T.);
#3324=EDGE_CURVE('',#2654,#2373,#1278,.T.);
#3325=EDGE_CURVE('',#2653,#2377,#1279,.T.);
#3326=EDGE_CURVE('',#2378,#2652,#1280,.T.);
#3327=EDGE_CURVE('',#2649,#2367,#1281,.T.);
#3328=EDGE_CURVE('',#2368,#2648,#1282,.T.);
#3329=EDGE_CURVE('',#2655,#2656,#1283,.T.);
#3330=EDGE_CURVE('',#2657,#2655,#1284,.T.);
#3331=EDGE_CURVE('',#2657,#2658,#1285,.T.);
#3332=EDGE_CURVE('',#2658,#2656,#1286,.T.);
#3333=EDGE_CURVE('',#2656,#2659,#1287,.T.);
#3334=EDGE_CURVE('',#2658,#2650,#1288,.T.);
#3335=EDGE_CURVE('',#2366,#2660,#1289,.T.);
#3336=EDGE_CURVE('',#2660,#2659,#1290,.T.);
#3337=EDGE_CURVE('',#2659,#2661,#1291,.T.);
#3338=EDGE_CURVE('',#2660,#2662,#1292,.T.);
#3339=EDGE_CURVE('',#2662,#2661,#1293,.T.);
#3340=EDGE_CURVE('',#2661,#2655,#1294,.T.);
#3341=EDGE_CURVE('',#2662,#2654,#1295,.T.);
#3342=EDGE_CURVE('',#2376,#2657,#1296,.T.);
#3343=EDGE_CURVE('',#2572,#2663,#1297,.T.);
#3344=EDGE_CURVE('',#2663,#2664,#1298,.T.);
#3345=EDGE_CURVE('',#2573,#2664,#1299,.T.);
#3346=EDGE_CURVE('',#2583,#2665,#1300,.T.);
#3347=EDGE_CURVE('',#2665,#2663,#1301,.T.);
#3348=EDGE_CURVE('',#2582,#2666,#1302,.T.);
#3349=EDGE_CURVE('',#2666,#2665,#1303,.T.);
#3350=EDGE_CURVE('',#2581,#2667,#1304,.T.);
#3351=EDGE_CURVE('',#2667,#2666,#1305,.T.);
#3352=EDGE_CURVE('',#2580,#2668,#1306,.T.);
#3353=EDGE_CURVE('',#2668,#2667,#1307,.T.);
#3354=EDGE_CURVE('',#2579,#2669,#1308,.T.);
#3355=EDGE_CURVE('',#2669,#2668,#1309,.T.);
#3356=EDGE_CURVE('',#2578,#2670,#1310,.T.);
#3357=EDGE_CURVE('',#2670,#2669,#1311,.T.);
#3358=EDGE_CURVE('',#2577,#2671,#1312,.T.);
#3359=EDGE_CURVE('',#2671,#2670,#1313,.T.);
#3360=EDGE_CURVE('',#2576,#2672,#1314,.T.);
#3361=EDGE_CURVE('',#2672,#2671,#1315,.T.);
#3362=EDGE_CURVE('',#2575,#2673,#1316,.T.);
#3363=EDGE_CURVE('',#2673,#2672,#1317,.T.);
#3364=EDGE_CURVE('',#2574,#2674,#1318,.T.);
#3365=EDGE_CURVE('',#2674,#2673,#1319,.T.);
#3366=EDGE_CURVE('',#2664,#2674,#1320,.T.);
#3367=EDGE_CURVE('',#2675,#2676,#1321,.T.);
#3368=EDGE_CURVE('',#2677,#2676,#1322,.T.);
#3369=EDGE_CURVE('',#2678,#2677,#1323,.T.);
#3370=EDGE_CURVE('',#2679,#2678,#1324,.T.);
#3371=EDGE_CURVE('',#2679,#2680,#1325,.T.);
#3372=EDGE_CURVE('',#2675,#2680,#1326,.T.);
#3373=EDGE_CURVE('',#2681,#2682,#1327,.T.);
#3374=EDGE_CURVE('',#2683,#2682,#1328,.T.);
#3375=EDGE_CURVE('',#2684,#2683,#1329,.T.);
#3376=EDGE_CURVE('',#2685,#2684,#1330,.T.);
#3377=EDGE_CURVE('',#2685,#2686,#1331,.T.);
#3378=EDGE_CURVE('',#2681,#2686,#1332,.T.);
#3379=EDGE_CURVE('',#2687,#2680,#1333,.T.);
#3380=EDGE_CURVE('',#2688,#2687,#1334,.T.);
#3381=EDGE_CURVE('',#2683,#2688,#1335,.T.);
#3382=EDGE_CURVE('',#2689,#2682,#1336,.T.);
#3383=EDGE_CURVE('',#2690,#2689,#1337,.T.);
#3384=EDGE_CURVE('',#2690,#2675,#1338,.T.);
#3385=EDGE_CURVE('',#2691,#2685,#1339,.T.);
#3386=EDGE_CURVE('',#2691,#2692,#1340,.T.);
#3387=EDGE_CURVE('',#2686,#2692,#1341,.T.);
#3388=EDGE_CURVE('',#2693,#2694,#1342,.T.);
#3389=EDGE_CURVE('',#2694,#2695,#1343,.T.);
#3390=EDGE_CURVE('',#2696,#2695,#1344,.T.);
#3391=EDGE_CURVE('',#2696,#2416,#1345,.T.);
#3392=EDGE_CURVE('',#2558,#2697,#1346,.T.);
#3393=EDGE_CURVE('',#2615,#2697,#1347,.T.);
#3394=EDGE_CURVE('',#2617,#2698,#1348,.T.);
#3395=EDGE_CURVE('',#2698,#2699,#1349,.T.);
#3396=EDGE_CURVE('',#2699,#2693,#234,.T.);
#3397=EDGE_CURVE('',#2700,#2700,#235,.T.);
#3398=EDGE_CURVE('',#2701,#2691,#1350,.T.);
#3399=EDGE_CURVE('',#2684,#2702,#1351,.T.);
#3400=EDGE_CURVE('',#2702,#2703,#1352,.T.);
#3401=EDGE_CURVE('',#2703,#2704,#1353,.T.);
#3402=EDGE_CURVE('',#2704,#2705,#1354,.T.);
#3403=EDGE_CURVE('',#2705,#2706,#1355,.T.);
#3404=EDGE_CURVE('',#2706,#2707,#1356,.T.);
#3405=EDGE_CURVE('',#2707,#2679,#1357,.T.);
#3406=EDGE_CURVE('',#2678,#2708,#1358,.T.);
#3407=EDGE_CURVE('',#2708,#2709,#1359,.T.);
#3408=EDGE_CURVE('',#2709,#2710,#1360,.T.);
#3409=EDGE_CURVE('',#2710,#2711,#1361,.T.);
#3410=EDGE_CURVE('',#2711,#2701,#1362,.T.);
#3411=EDGE_CURVE('',#2704,#2712,#1363,.T.);
#3412=EDGE_CURVE('',#2713,#2712,#1364,.T.);
#3413=EDGE_CURVE('',#2705,#2713,#1365,.T.);
#3414=EDGE_CURVE('',#2713,#2676,#1366,.T.);
#3415=EDGE_CURVE('',#2706,#2690,#1367,.T.);
#3416=EDGE_CURVE('',#2703,#2689,#1368,.T.);
#3417=EDGE_CURVE('',#2712,#2681,#1369,.T.);
#3418=EDGE_CURVE('',#2692,#2714,#1370,.T.);
#3419=EDGE_CURVE('',#2714,#2677,#1371,.T.);
#3420=EDGE_CURVE('',#2708,#2714,#1372,.T.);
#3421=EDGE_CURVE('',#2701,#2688,#1373,.T.);
#3422=EDGE_CURVE('',#2709,#2687,#1374,.T.);
#3423=EDGE_CURVE('',#2715,#2702,#1375,.T.);
#3424=EDGE_CURVE('',#2715,#2716,#1376,.T.);
#3425=EDGE_CURVE('',#2716,#2707,#1377,.T.);
#3426=EDGE_CURVE('',#2716,#2717,#1378,.T.);
#3427=EDGE_CURVE('',#2717,#2710,#1379,.T.);
#3428=EDGE_CURVE('',#2718,#2719,#1380,.T.);
#3429=EDGE_CURVE('',#2719,#2720,#1381,.T.);
#3430=EDGE_CURVE('',#2721,#2720,#1382,.T.);
#3431=EDGE_CURVE('',#2718,#2721,#1383,.T.);
#3432=EDGE_CURVE('',#2597,#2719,#1384,.T.);
#3433=EDGE_CURVE('',#2722,#2718,#1385,.T.);
#3434=EDGE_CURVE('',#2598,#2722,#1386,.T.);
#3435=EDGE_CURVE('',#2723,#2719,#1387,.T.);
#3436=EDGE_CURVE('',#2600,#2723,#1388,.T.);
#3437=EDGE_CURVE('',#2599,#2724,#1389,.T.);
#3438=EDGE_CURVE('',#2725,#2724,#1390,.T.);
#3439=EDGE_CURVE('',#2723,#2725,#1391,.T.);
#3440=EDGE_CURVE('',#2724,#2722,#1392,.T.);
#3441=EDGE_CURVE('',#2717,#2726,#1393,.T.);
#3442=EDGE_CURVE('',#2726,#2711,#1394,.T.);
#3443=EDGE_CURVE('',#2726,#2715,#1395,.T.);
#3444=EDGE_CURVE('',#2727,#2725,#1396,.T.);
#3445=EDGE_CURVE('',#2728,#2727,#1397,.T.);
#3446=EDGE_CURVE('',#2728,#2723,#1398,.T.);
#3447=EDGE_CURVE('',#2729,#2729,#236,.T.);
#3448=EDGE_CURVE('',#2729,#2700,#1399,.T.);
#3449=EDGE_CURVE('',#2730,#2730,#237,.T.);
#3450=EDGE_CURVE('',#2730,#2731,#1400,.T.);
#3451=EDGE_CURVE('',#2731,#2731,#238,.T.);
#3452=EDGE_CURVE('',#2397,#2732,#1401,.T.);
#3453=EDGE_CURVE('',#2732,#2733,#1402,.T.);
#3454=EDGE_CURVE('',#2733,#2398,#1403,.T.);
#3455=EDGE_CURVE('',#2734,#2733,#1404,.T.);
#3456=EDGE_CURVE('',#2698,#2734,#1405,.T.);
#3457=EDGE_CURVE('',#2353,#2356,#1406,.T.);
#3458=EDGE_CURVE('',#2732,#2735,#1407,.T.);
#3459=EDGE_CURVE('',#2735,#2736,#1408,.T.);
#3460=EDGE_CURVE('',#2736,#2737,#239,.T.);
#3461=EDGE_CURVE('',#2737,#2734,#1409,.T.);
#3462=EDGE_CURVE('',#2738,#2738,#240,.T.);
#3463=EDGE_CURVE('',#2693,#2736,#1410,.T.);
#3464=EDGE_CURVE('',#2694,#2735,#1411,.T.);
#3465=EDGE_CURVE('',#2699,#2737,#1412,.T.);
#3466=EDGE_CURVE('',#2738,#2739,#1413,.T.);
#3467=EDGE_CURVE('',#2739,#2739,#241,.T.);
#3468=EDGE_CURVE('',#2740,#2741,#1414,.T.);
#3469=EDGE_CURVE('',#2741,#2353,#1415,.T.);
#3470=EDGE_CURVE('',#2356,#2740,#1416,.T.);
#3471=EDGE_CURVE('',#2742,#2743,#1417,.T.);
#3472=EDGE_CURVE('',#2742,#2744,#1418,.T.);
#3473=EDGE_CURVE('',#2417,#2744,#1419,.T.);
#3474=EDGE_CURVE('',#2743,#2696,#1420,.T.);
#3475=EDGE_CURVE('',#2721,#2744,#1421,.T.);
#3476=EDGE_CURVE('',#2742,#2727,#1422,.T.);
#3477=EDGE_CURVE('',#2745,#2743,#1423,.T.);
#3478=EDGE_CURVE('',#2745,#2740,#1424,.T.);
#3479=EDGE_CURVE('',#2740,#2742,#1425,.T.);
#3480=EDGE_CURVE('',#2744,#2741,#1426,.T.);
#3481=EDGE_CURVE('',#2741,#2418,#1427,.T.);
#3482=EDGE_CURVE('',#2695,#2745,#1428,.T.);
#3483=EDGE_CURVE('',#2746,#2354,#1429,.T.);
#3484=EDGE_CURVE('',#2747,#2746,#1430,.T.);
#3485=EDGE_CURVE('',#2748,#2747,#1431,.T.);
#3486=EDGE_CURVE('',#2749,#2748,#1432,.T.);
#3487=EDGE_CURVE('',#2355,#2749,#1433,.T.);
#3488=EDGE_CURVE('',#2720,#2746,#1434,.T.);
#3489=EDGE_CURVE('',#2749,#2728,#1435,.T.);
#3490=EDGE_CURVE('',#2750,#2748,#1436,.T.);
#3491=EDGE_CURVE('',#2751,#2750,#1437,.T.);
#3492=EDGE_CURVE('',#2747,#2751,#1438,.T.);
#3493=EDGE_CURVE('',#2593,#2751,#1439,.T.);
#3494=EDGE_CURVE('',#2596,#2747,#1440,.T.);
#3495=EDGE_CURVE('',#2594,#2750,#1441,.T.);
#3496=EDGE_CURVE('',#2697,#2752,#1442,.T.);
#3497=EDGE_CURVE('',#2333,#2752,#1443,.T.);
#3498=EDGE_CURVE('',#2752,#2557,#1444,.T.);
#3499=EDGE_CURVE('',#2753,#2754,#1445,.T.);
#3500=EDGE_CURVE('',#2755,#2753,#1446,.T.);
#3501=EDGE_CURVE('',#2756,#2755,#1447,.T.);
#3502=EDGE_CURVE('',#2754,#2756,#1448,.T.);
#3503=EDGE_CURVE('',#2608,#2753,#1449,.T.);
#3504=EDGE_CURVE('',#2607,#2755,#1450,.T.);
#3505=EDGE_CURVE('',#2609,#2754,#1451,.T.);
#3506=EDGE_CURVE('',#2606,#2756,#1452,.T.);
#3507=EDGE_CURVE('',#2603,#2406,#1453,.T.);
#3508=EDGE_CURVE('',#2407,#2602,#1454,.T.);
#3509=EDGE_CURVE('',#2408,#2601,#1455,.T.);
#3510=EDGE_CURVE('',#2595,#2748,#1456,.T.);
#3511=EDGE_CURVE('',#2400,#2567,#1457,.T.);
#3512=EDGE_CURVE('',#2566,#2395,#1458,.T.);
#3513=EDGE_CURVE('',#2757,#2757,#242,.T.);
#3514=EDGE_CURVE('',#2757,#2758,#1459,.T.);
#3515=EDGE_CURVE('',#2758,#2758,#243,.T.);
#3516=EDGE_CURVE('',#2610,#2613,#244,.T.);
#3517=EDGE_CURVE('',#2611,#2612,#245,.T.);
#3518=EDGE_CURVE('',#2759,#2760,#1460,.T.);
#3519=EDGE_CURVE('',#2760,#2761,#1461,.T.);
#3520=EDGE_CURVE('',#2761,#2762,#1462,.T.);
#3521=EDGE_CURVE('',#2762,#2759,#1463,.T.);
#3522=EDGE_CURVE('',#2763,#2764,#1464,.T.);
#3523=EDGE_CURVE('',#2764,#2765,#1465,.T.);
#3524=EDGE_CURVE('',#2765,#2766,#1466,.T.);
#3525=EDGE_CURVE('',#2766,#2763,#1467,.T.);
#3526=EDGE_CURVE('',#2767,#2768,#1468,.T.);
#3527=EDGE_CURVE('',#2768,#2769,#1469,.T.);
#3528=EDGE_CURVE('',#2770,#2769,#1470,.T.);
#3529=EDGE_CURVE('',#2771,#2770,#1471,.T.);
#3530=EDGE_CURVE('',#2772,#2771,#1472,.T.);
#3531=EDGE_CURVE('',#2767,#2772,#1473,.T.);
#3532=EDGE_CURVE('',#2773,#2774,#1474,.T.);
#3533=EDGE_CURVE('',#2775,#2773,#1475,.T.);
#3534=EDGE_CURVE('',#2776,#2775,#1476,.T.);
#3535=EDGE_CURVE('',#2777,#2776,#1477,.T.);
#3536=EDGE_CURVE('',#2777,#2778,#1478,.T.);
#3537=EDGE_CURVE('',#2778,#2774,#1479,.T.);
#3538=EDGE_CURVE('',#2779,#2780,#1480,.T.);
#3539=EDGE_CURVE('',#2781,#2779,#1481,.T.);
#3540=EDGE_CURVE('',#2782,#2781,#1482,.T.);
#3541=EDGE_CURVE('',#2783,#2782,#1483,.T.);
#3542=EDGE_CURVE('',#2783,#2784,#1484,.T.);
#3543=EDGE_CURVE('',#2784,#2780,#1485,.T.);
#3544=EDGE_CURVE('',#2785,#2786,#1486,.T.);
#3545=EDGE_CURVE('',#2787,#2786,#1487,.T.);
#3546=EDGE_CURVE('',#2787,#2788,#1488,.T.);
#3547=EDGE_CURVE('',#2788,#2789,#1489,.T.);
#3548=EDGE_CURVE('',#2790,#2789,#1490,.T.);
#3549=EDGE_CURVE('',#2790,#2791,#1491,.T.);
#3550=EDGE_CURVE('',#2792,#2791,#1492,.T.);
#3551=EDGE_CURVE('',#2792,#2793,#1493,.T.);
#3552=EDGE_CURVE('',#2793,#2794,#1494,.T.);
#3553=EDGE_CURVE('',#2795,#2794,#1495,.T.);
#3554=EDGE_CURVE('',#2795,#2796,#1496,.T.);
#3555=EDGE_CURVE('',#2797,#2796,#1497,.T.);
#3556=EDGE_CURVE('',#2797,#2798,#1498,.T.);
#3557=EDGE_CURVE('',#2798,#2799,#1499,.T.);
#3558=EDGE_CURVE('',#2800,#2799,#1500,.T.);
#3559=EDGE_CURVE('',#2800,#2801,#1501,.T.);
#3560=EDGE_CURVE('',#2802,#2801,#1502,.T.);
#3561=EDGE_CURVE('',#2802,#2803,#1503,.T.);
#3562=EDGE_CURVE('',#2803,#2804,#1504,.T.);
#3563=EDGE_CURVE('',#2785,#2804,#1505,.T.);
#3564=EDGE_CURVE('',#2805,#2806,#1506,.T.);
#3565=EDGE_CURVE('',#2807,#2805,#1507,.T.);
#3566=EDGE_CURVE('',#2808,#2807,#1508,.T.);
#3567=EDGE_CURVE('',#2809,#2808,#1509,.T.);
#3568=EDGE_CURVE('',#2809,#2810,#1510,.T.);
#3569=EDGE_CURVE('',#2810,#2806,#1511,.T.);
#3570=EDGE_CURVE('',#2811,#2812,#1512,.T.);
#3571=EDGE_CURVE('',#2812,#2813,#1513,.T.);
#3572=EDGE_CURVE('',#2813,#2814,#1514,.T.);
#3573=EDGE_CURVE('',#2814,#2811,#1515,.T.);
#3574=EDGE_CURVE('',#2815,#2816,#1516,.T.);
#3575=EDGE_CURVE('',#2816,#2817,#1517,.T.);
#3576=EDGE_CURVE('',#2818,#2817,#1518,.T.);
#3577=EDGE_CURVE('',#2818,#2815,#1519,.T.);
#3578=EDGE_CURVE('',#2819,#2820,#1520,.T.);
#3579=EDGE_CURVE('',#2820,#2821,#1521,.T.);
#3580=EDGE_CURVE('',#2822,#2821,#1522,.T.);
#3581=EDGE_CURVE('',#2822,#2819,#1523,.T.);
#3582=EDGE_CURVE('',#2823,#2824,#1524,.T.);
#3583=EDGE_CURVE('',#2824,#2825,#1525,.T.);
#3584=EDGE_CURVE('',#2826,#2825,#1526,.T.);
#3585=EDGE_CURVE('',#2826,#2823,#1527,.T.);
#3586=EDGE_CURVE('',#2827,#2772,#1528,.T.);
#3587=EDGE_CURVE('',#2828,#2827,#1529,.T.);
#3588=EDGE_CURVE('',#2767,#2828,#1530,.T.);
#3589=EDGE_CURVE('',#2787,#2826,#1531,.T.);
#3590=EDGE_CURVE('',#2786,#2823,#1532,.T.);
#3591=EDGE_CURVE('',#2773,#2829,#1533,.T.);
#3592=EDGE_CURVE('',#2830,#2774,#1534,.T.);
#3593=EDGE_CURVE('',#2829,#2830,#1535,.T.);
#3594=EDGE_CURVE('',#2831,#2776,#1536,.T.);
#3595=EDGE_CURVE('',#2832,#2831,#1537,.T.);
#3596=EDGE_CURVE('',#2777,#2832,#1538,.T.);
#3597=EDGE_CURVE('',#2802,#2833,#1539,.T.);
#3598=EDGE_CURVE('',#2801,#2834,#1540,.T.);
#3599=EDGE_CURVE('',#2833,#2834,#1541,.T.);
#3600=EDGE_CURVE('',#2779,#2835,#1542,.T.);
#3601=EDGE_CURVE('',#2836,#2780,#1543,.T.);
#3602=EDGE_CURVE('',#2835,#2836,#1544,.T.);
#3603=EDGE_CURVE('',#2837,#2782,#1545,.T.);
#3604=EDGE_CURVE('',#2838,#2837,#1546,.T.);
#3605=EDGE_CURVE('',#2783,#2838,#1547,.T.);
#3606=EDGE_CURVE('',#2797,#2822,#1548,.T.);
#3607=EDGE_CURVE('',#2796,#2819,#1549,.T.);
#3608=EDGE_CURVE('',#2805,#2839,#1550,.T.);
#3609=EDGE_CURVE('',#2840,#2806,#1551,.T.);
#3610=EDGE_CURVE('',#2839,#2840,#1552,.T.);
#3611=EDGE_CURVE('',#2841,#2808,#1553,.T.);
#3612=EDGE_CURVE('',#2842,#2841,#1554,.T.);
#3613=EDGE_CURVE('',#2809,#2842,#1555,.T.);
#3614=EDGE_CURVE('',#2792,#2818,#1556,.T.);
#3615=EDGE_CURVE('',#2791,#2815,#1557,.T.);
#3616=EDGE_CURVE('',#2843,#2841,#1558,.T.);
#3617=EDGE_CURVE('',#2843,#2844,#1559,.T.);
#3618=EDGE_CURVE('',#2842,#2844,#1560,.T.);
#3619=EDGE_CURVE('',#2839,#2837,#1561,.T.);
#3620=EDGE_CURVE('',#2838,#2840,#1562,.T.);
#3621=EDGE_CURVE('',#2835,#2831,#1563,.T.);
#3622=EDGE_CURVE('',#2832,#2836,#1564,.T.);
#3623=EDGE_CURVE('',#2829,#2827,#1565,.T.);
#3624=EDGE_CURVE('',#2828,#2830,#1566,.T.);
#3625=EDGE_CURVE('',#2770,#2843,#1567,.T.);
#3626=EDGE_CURVE('',#2844,#2769,#1568,.T.);
#3627=EDGE_CURVE('',#2825,#2804,#1569,.T.);
#3628=EDGE_CURVE('',#2785,#2824,#1570,.T.);
#3629=EDGE_CURVE('',#2814,#2761,#1571,.T.);
#3630=EDGE_CURVE('',#2811,#2760,#1572,.T.);
#3631=EDGE_CURVE('',#2845,#2799,#1573,.T.);
#3632=EDGE_CURVE('',#2846,#2845,#1574,.T.);
#3633=EDGE_CURVE('',#2800,#2846,#1575,.T.);
#3634=EDGE_CURVE('',#2813,#2762,#1576,.T.);
#3635=EDGE_CURVE('',#2834,#2846,#1577,.T.);
#3636=EDGE_CURVE('',#2812,#2759,#1578,.T.);
#3637=EDGE_CURVE('',#2795,#2820,#1579,.T.);
#3638=EDGE_CURVE('',#2821,#2794,#1580,.T.);
#3639=EDGE_CURVE('',#2790,#2816,#1581,.T.);
#3640=EDGE_CURVE('',#2817,#2789,#1582,.T.);
#3641=EDGE_CURVE('',#2833,#2845,#1583,.T.);
#3642=EDGE_CURVE('',#2803,#2847,#1584,.T.);
#3643=EDGE_CURVE('',#2848,#2847,#1585,.T.);
#3644=EDGE_CURVE('',#2788,#2848,#1586,.T.);
#3645=EDGE_CURVE('',#2798,#2849,#1587,.T.);
#3646=EDGE_CURVE('',#2847,#2849,#1588,.T.);
#3647=EDGE_CURVE('',#2793,#2850,#1589,.T.);
#3648=EDGE_CURVE('',#2849,#2850,#1590,.T.);
#3649=EDGE_CURVE('',#2850,#2848,#1591,.T.);
#3650=EDGE_CURVE('',#2781,#2851,#1592,.T.);
#3651=EDGE_CURVE('',#2852,#2851,#1593,.T.);
#3652=EDGE_CURVE('',#2807,#2852,#1594,.T.);
#3653=EDGE_CURVE('',#2853,#2852,#1595,.T.);
#3654=EDGE_CURVE('',#2771,#2853,#1596,.T.);
#3655=EDGE_CURVE('',#2854,#2853,#1597,.T.);
#3656=EDGE_CURVE('',#2775,#2854,#1598,.T.);
#3657=EDGE_CURVE('',#2851,#2854,#1599,.T.);
#3658=EDGE_CURVE('',#2784,#2855,#1600,.T.);
#3659=EDGE_CURVE('',#2856,#2855,#1601,.T.);
#3660=EDGE_CURVE('',#2778,#2856,#1602,.T.);
#3661=EDGE_CURVE('',#2857,#2856,#1603,.T.);
#3662=EDGE_CURVE('',#2768,#2857,#1604,.T.);
#3663=EDGE_CURVE('',#2858,#2857,#1605,.T.);
#3664=EDGE_CURVE('',#2810,#2858,#1606,.T.);
#3665=EDGE_CURVE('',#2855,#2858,#1607,.T.);
#3666=EDGE_CURVE('',#2764,#2859,#1608,.T.);
#3667=EDGE_CURVE('',#2860,#2859,#1609,.T.);
#3668=EDGE_CURVE('',#2765,#2860,#1610,.T.);
#3669=EDGE_CURVE('',#2861,#2860,#1611,.T.);
#3670=EDGE_CURVE('',#2766,#2861,#1612,.T.);
#3671=EDGE_CURVE('',#2862,#2861,#1613,.T.);
#3672=EDGE_CURVE('',#2763,#2862,#1614,.T.);
#3673=EDGE_CURVE('',#2859,#2862,#1615,.T.);
#3674=ORIENTED_EDGE('',*,*,#2863,.F.);
#3675=ORIENTED_EDGE('',*,*,#2864,.F.);
#3676=ORIENTED_EDGE('',*,*,#2865,.F.);
#3677=ORIENTED_EDGE('',*,*,#2866,.F.);
#3678=ORIENTED_EDGE('',*,*,#2863,.T.);
#3679=ORIENTED_EDGE('',*,*,#2867,.F.);
#3680=ORIENTED_EDGE('',*,*,#2868,.T.);
#3681=ORIENTED_EDGE('',*,*,#2869,.T.);
#3682=ORIENTED_EDGE('',*,*,#2870,.T.);
#3683=ORIENTED_EDGE('',*,*,#2871,.T.);
#3684=ORIENTED_EDGE('',*,*,#2872,.T.);
#3685=ORIENTED_EDGE('',*,*,#2873,.T.);
#3686=ORIENTED_EDGE('',*,*,#2874,.T.);
#3687=ORIENTED_EDGE('',*,*,#2875,.T.);
#3688=ORIENTED_EDGE('',*,*,#2876,.F.);
#3689=ORIENTED_EDGE('',*,*,#2877,.T.);
#3690=ORIENTED_EDGE('',*,*,#2878,.T.);
#3691=ORIENTED_EDGE('',*,*,#2879,.T.);
#3692=ORIENTED_EDGE('',*,*,#2880,.T.);
#3693=ORIENTED_EDGE('',*,*,#2881,.T.);
#3694=ORIENTED_EDGE('',*,*,#2882,.T.);
#3695=ORIENTED_EDGE('',*,*,#2883,.T.);
#3696=ORIENTED_EDGE('',*,*,#2884,.T.);
#3697=ORIENTED_EDGE('',*,*,#2885,.T.);
#3698=ORIENTED_EDGE('',*,*,#2886,.T.);
#3699=ORIENTED_EDGE('',*,*,#2887,.F.);
#3700=ORIENTED_EDGE('',*,*,#2888,.F.);
#3701=ORIENTED_EDGE('',*,*,#2889,.T.);
#3702=ORIENTED_EDGE('',*,*,#2890,.T.);
#3703=ORIENTED_EDGE('',*,*,#2891,.T.);
#3704=ORIENTED_EDGE('',*,*,#2892,.T.);
#3705=ORIENTED_EDGE('',*,*,#2893,.T.);
#3706=ORIENTED_EDGE('',*,*,#2894,.F.);
#3707=ORIENTED_EDGE('',*,*,#2895,.F.);
#3708=ORIENTED_EDGE('',*,*,#2864,.T.);
#3709=ORIENTED_EDGE('',*,*,#2878,.F.);
#3710=ORIENTED_EDGE('',*,*,#2896,.T.);
#3711=ORIENTED_EDGE('',*,*,#2897,.F.);
#3712=ORIENTED_EDGE('',*,*,#2898,.F.);
#3713=ORIENTED_EDGE('',*,*,#2899,.F.);
#3714=ORIENTED_EDGE('',*,*,#2900,.F.);
#3715=ORIENTED_EDGE('',*,*,#2901,.F.);
#3716=ORIENTED_EDGE('',*,*,#2899,.T.);
#3717=ORIENTED_EDGE('',*,*,#2902,.T.);
#3718=ORIENTED_EDGE('',*,*,#2903,.F.);
#3719=ORIENTED_EDGE('',*,*,#2904,.T.);
#3720=ORIENTED_EDGE('',*,*,#2898,.T.);
#3721=ORIENTED_EDGE('',*,*,#2905,.T.);
#3722=ORIENTED_EDGE('',*,*,#2906,.F.);
#3723=ORIENTED_EDGE('',*,*,#2907,.T.);
#3724=ORIENTED_EDGE('',*,*,#2908,.T.);
#3725=ORIENTED_EDGE('',*,*,#2909,.F.);
#3726=ORIENTED_EDGE('',*,*,#2902,.F.);
#3727=ORIENTED_EDGE('',*,*,#2910,.F.);
#3728=ORIENTED_EDGE('',*,*,#2911,.F.);
#3729=ORIENTED_EDGE('',*,*,#2912,.F.);
#3730=ORIENTED_EDGE('',*,*,#2913,.F.);
#3731=ORIENTED_EDGE('',*,*,#2911,.T.);
#3732=ORIENTED_EDGE('',*,*,#2914,.T.);
#3733=ORIENTED_EDGE('',*,*,#2915,.F.);
#3734=ORIENTED_EDGE('',*,*,#2916,.T.);
#3735=ORIENTED_EDGE('',*,*,#2910,.T.);
#3736=ORIENTED_EDGE('',*,*,#2917,.T.);
#3737=ORIENTED_EDGE('',*,*,#2918,.F.);
#3738=ORIENTED_EDGE('',*,*,#2919,.T.);
#3739=ORIENTED_EDGE('',*,*,#2920,.T.);
#3740=ORIENTED_EDGE('',*,*,#2921,.F.);
#3741=ORIENTED_EDGE('',*,*,#2914,.F.);
#3742=ORIENTED_EDGE('',*,*,#2922,.T.);
#3743=ORIENTED_EDGE('',*,*,#2923,.T.);
#3744=ORIENTED_EDGE('',*,*,#2924,.F.);
#3745=ORIENTED_EDGE('',*,*,#2923,.F.);
#3746=ORIENTED_EDGE('',*,*,#2922,.F.);
#3747=ORIENTED_EDGE('',*,*,#2925,.T.);
#3748=ORIENTED_EDGE('',*,*,#2926,.T.);
#3749=ORIENTED_EDGE('',*,*,#2927,.T.);
#3750=ORIENTED_EDGE('',*,*,#2928,.F.);
#3751=ORIENTED_EDGE('',*,*,#2927,.F.);
#3752=ORIENTED_EDGE('',*,*,#2926,.F.);
#3753=ORIENTED_EDGE('',*,*,#2929,.T.);
#3754=ORIENTED_EDGE('',*,*,#2930,.T.);
#3755=ORIENTED_EDGE('',*,*,#2931,.T.);
#3756=ORIENTED_EDGE('',*,*,#2932,.F.);
#3757=ORIENTED_EDGE('',*,*,#2931,.F.);
#3758=ORIENTED_EDGE('',*,*,#2930,.F.);
#3759=ORIENTED_EDGE('',*,*,#2933,.T.);
#3760=ORIENTED_EDGE('',*,*,#2934,.T.);
#3761=ORIENTED_EDGE('',*,*,#2935,.T.);
#3762=ORIENTED_EDGE('',*,*,#2936,.F.);
#3763=ORIENTED_EDGE('',*,*,#2935,.F.);
#3764=ORIENTED_EDGE('',*,*,#2934,.F.);
#3765=ORIENTED_EDGE('',*,*,#2937,.T.);
#3766=ORIENTED_EDGE('',*,*,#2938,.T.);
#3767=ORIENTED_EDGE('',*,*,#2939,.T.);
#3768=ORIENTED_EDGE('',*,*,#2940,.F.);
#3769=ORIENTED_EDGE('',*,*,#2939,.F.);
#3770=ORIENTED_EDGE('',*,*,#2938,.F.);
#3771=ORIENTED_EDGE('',*,*,#2941,.T.);
#3772=ORIENTED_EDGE('',*,*,#2942,.T.);
#3773=ORIENTED_EDGE('',*,*,#2943,.F.);
#3774=ORIENTED_EDGE('',*,*,#2944,.F.);
#3775=ORIENTED_EDGE('',*,*,#2945,.F.);
#3776=ORIENTED_EDGE('',*,*,#2946,.F.);
#3777=ORIENTED_EDGE('',*,*,#2947,.F.);
#3778=ORIENTED_EDGE('',*,*,#2948,.F.);
#3779=ORIENTED_EDGE('',*,*,#2949,.T.);
#3780=ORIENTED_EDGE('',*,*,#2950,.F.);
#3781=ORIENTED_EDGE('',*,*,#2951,.T.);
#3782=ORIENTED_EDGE('',*,*,#2952,.T.);
#3783=ORIENTED_EDGE('',*,*,#2953,.T.);
#3784=ORIENTED_EDGE('',*,*,#2954,.T.);
#3785=ORIENTED_EDGE('',*,*,#2955,.T.);
#3786=ORIENTED_EDGE('',*,*,#2956,.F.);
#3787=ORIENTED_EDGE('',*,*,#2957,.F.);
#3788=ORIENTED_EDGE('',*,*,#2958,.F.);
#3789=ORIENTED_EDGE('',*,*,#2959,.F.);
#3790=ORIENTED_EDGE('',*,*,#2925,.F.);
#3791=ORIENTED_EDGE('',*,*,#2960,.T.);
#3792=ORIENTED_EDGE('',*,*,#2961,.F.);
#3793=ORIENTED_EDGE('',*,*,#2960,.F.);
#3794=ORIENTED_EDGE('',*,*,#2962,.T.);
#3795=ORIENTED_EDGE('',*,*,#2963,.T.);
#3796=ORIENTED_EDGE('',*,*,#2964,.T.);
#3797=ORIENTED_EDGE('',*,*,#2965,.T.);
#3798=ORIENTED_EDGE('',*,*,#2966,.T.);
#3799=ORIENTED_EDGE('',*,*,#2943,.T.);
#3800=ORIENTED_EDGE('',*,*,#2967,.T.);
#3801=ORIENTED_EDGE('',*,*,#2968,.F.);
#3802=ORIENTED_EDGE('',*,*,#2969,.T.);
#3803=ORIENTED_EDGE('',*,*,#2970,.T.);
#3804=ORIENTED_EDGE('',*,*,#2928,.T.);
#3805=ORIENTED_EDGE('',*,*,#2932,.T.);
#3806=ORIENTED_EDGE('',*,*,#2924,.T.);
#3807=ORIENTED_EDGE('',*,*,#2937,.F.);
#3808=ORIENTED_EDGE('',*,*,#2971,.T.);
#3809=ORIENTED_EDGE('',*,*,#2972,.F.);
#3810=ORIENTED_EDGE('',*,*,#2971,.F.);
#3811=ORIENTED_EDGE('',*,*,#2865,.T.);
#3812=ORIENTED_EDGE('',*,*,#2897,.T.);
#3813=ORIENTED_EDGE('',*,*,#2973,.F.);
#3814=ORIENTED_EDGE('',*,*,#2974,.F.);
#3815=ORIENTED_EDGE('',*,*,#2975,.T.);
#3816=ORIENTED_EDGE('',*,*,#2945,.T.);
#3817=ORIENTED_EDGE('',*,*,#2976,.T.);
#3818=ORIENTED_EDGE('',*,*,#2888,.T.);
#3819=ORIENTED_EDGE('',*,*,#2977,.T.);
#3820=ORIENTED_EDGE('',*,*,#2978,.T.);
#3821=ORIENTED_EDGE('',*,*,#2979,.T.);
#3822=ORIENTED_EDGE('',*,*,#2940,.T.);
#3823=ORIENTED_EDGE('',*,*,#2980,.T.);
#3824=ORIENTED_EDGE('',*,*,#2981,.T.);
#3825=ORIENTED_EDGE('',*,*,#2982,.T.);
#3826=ORIENTED_EDGE('',*,*,#2983,.T.);
#3827=ORIENTED_EDGE('',*,*,#2936,.T.);
#3828=ORIENTED_EDGE('',*,*,#2929,.F.);
#3829=ORIENTED_EDGE('',*,*,#2984,.T.);
#3830=ORIENTED_EDGE('',*,*,#2985,.F.);
#3831=ORIENTED_EDGE('',*,*,#2984,.F.);
#3832=ORIENTED_EDGE('',*,*,#2961,.T.);
#3833=ORIENTED_EDGE('',*,*,#2941,.F.);
#3834=ORIENTED_EDGE('',*,*,#2986,.T.);
#3835=ORIENTED_EDGE('',*,*,#2987,.F.);
#3836=ORIENTED_EDGE('',*,*,#2986,.F.);
#3837=ORIENTED_EDGE('',*,*,#2972,.T.);
#3838=ORIENTED_EDGE('',*,*,#2933,.F.);
#3839=ORIENTED_EDGE('',*,*,#2988,.T.);
#3840=ORIENTED_EDGE('',*,*,#2989,.F.);
#3841=ORIENTED_EDGE('',*,*,#2988,.F.);
#3842=ORIENTED_EDGE('',*,*,#2985,.T.);
#3843=ORIENTED_EDGE('',*,*,#2990,.F.);
#3844=ORIENTED_EDGE('',*,*,#2991,.F.);
#3845=ORIENTED_EDGE('',*,*,#2992,.T.);
#3846=ORIENTED_EDGE('',*,*,#2993,.T.);
#3847=ORIENTED_EDGE('',*,*,#2994,.F.);
#3848=ORIENTED_EDGE('',*,*,#2995,.F.);
#3849=ORIENTED_EDGE('',*,*,#2996,.T.);
#3850=ORIENTED_EDGE('',*,*,#2997,.T.);
#3851=ORIENTED_EDGE('',*,*,#2998,.T.);
#3852=ORIENTED_EDGE('',*,*,#2994,.T.);
#3853=ORIENTED_EDGE('',*,*,#2999,.T.);
#3854=ORIENTED_EDGE('',*,*,#3000,.T.);
#3855=ORIENTED_EDGE('',*,*,#3001,.T.);
#3856=ORIENTED_EDGE('',*,*,#3002,.T.);
#3857=ORIENTED_EDGE('',*,*,#3003,.T.);
#3858=ORIENTED_EDGE('',*,*,#3004,.T.);
#3859=ORIENTED_EDGE('',*,*,#3002,.F.);
#3860=ORIENTED_EDGE('',*,*,#3005,.F.);
#3861=ORIENTED_EDGE('',*,*,#3006,.T.);
#3862=ORIENTED_EDGE('',*,*,#3007,.T.);
#3863=ORIENTED_EDGE('',*,*,#3008,.F.);
#3864=ORIENTED_EDGE('',*,*,#3009,.F.);
#3865=ORIENTED_EDGE('',*,*,#3010,.T.);
#3866=ORIENTED_EDGE('',*,*,#3011,.T.);
#3867=ORIENTED_EDGE('',*,*,#3012,.T.);
#3868=ORIENTED_EDGE('',*,*,#3008,.T.);
#3869=ORIENTED_EDGE('',*,*,#3013,.T.);
#3870=ORIENTED_EDGE('',*,*,#3014,.T.);
#3871=ORIENTED_EDGE('',*,*,#3015,.F.);
#3872=ORIENTED_EDGE('',*,*,#3016,.F.);
#3873=ORIENTED_EDGE('',*,*,#3017,.T.);
#3874=ORIENTED_EDGE('',*,*,#3018,.F.);
#3875=ORIENTED_EDGE('',*,*,#3019,.F.);
#3876=ORIENTED_EDGE('',*,*,#3020,.F.);
#3877=ORIENTED_EDGE('',*,*,#3021,.T.);
#3878=ORIENTED_EDGE('',*,*,#3022,.F.);
#3879=ORIENTED_EDGE('',*,*,#3021,.F.);
#3880=ORIENTED_EDGE('',*,*,#3023,.F.);
#3881=ORIENTED_EDGE('',*,*,#3017,.F.);
#3882=ORIENTED_EDGE('',*,*,#3024,.F.);
#3883=ORIENTED_EDGE('',*,*,#3025,.F.);
#3884=ORIENTED_EDGE('',*,*,#3026,.F.);
#3885=ORIENTED_EDGE('',*,*,#3027,.T.);
#3886=ORIENTED_EDGE('',*,*,#3028,.F.);
#3887=ORIENTED_EDGE('',*,*,#3029,.F.);
#3888=ORIENTED_EDGE('',*,*,#3030,.F.);
#3889=ORIENTED_EDGE('',*,*,#3031,.T.);
#3890=ORIENTED_EDGE('',*,*,#3032,.F.);
#3891=ORIENTED_EDGE('',*,*,#3033,.F.);
#3892=ORIENTED_EDGE('',*,*,#3027,.F.);
#3893=ORIENTED_EDGE('',*,*,#3034,.F.);
#3894=ORIENTED_EDGE('',*,*,#3031,.F.);
#3895=ORIENTED_EDGE('',*,*,#3022,.T.);
#3896=ORIENTED_EDGE('',*,*,#3024,.T.);
#3897=ORIENTED_EDGE('',*,*,#3016,.T.);
#3898=ORIENTED_EDGE('',*,*,#3035,.T.);
#3899=ORIENTED_EDGE('',*,*,#3036,.T.);
#3900=ORIENTED_EDGE('',*,*,#3010,.F.);
#3901=ORIENTED_EDGE('',*,*,#3037,.F.);
#3902=ORIENTED_EDGE('',*,*,#3038,.T.);
#3903=ORIENTED_EDGE('',*,*,#3032,.T.);
#3904=ORIENTED_EDGE('',*,*,#3034,.T.);
#3905=ORIENTED_EDGE('',*,*,#3026,.T.);
#3906=ORIENTED_EDGE('',*,*,#3039,.T.);
#3907=ORIENTED_EDGE('',*,*,#3040,.T.);
#3908=ORIENTED_EDGE('',*,*,#2992,.F.);
#3909=ORIENTED_EDGE('',*,*,#3041,.F.);
#3910=ORIENTED_EDGE('',*,*,#3042,.T.);
#3911=ORIENTED_EDGE('',*,*,#3043,.F.);
#3912=ORIENTED_EDGE('',*,*,#3044,.F.);
#3913=ORIENTED_EDGE('',*,*,#3045,.F.);
#3914=ORIENTED_EDGE('',*,*,#3046,.F.);
#3915=ORIENTED_EDGE('',*,*,#3019,.T.);
#3916=ORIENTED_EDGE('',*,*,#3038,.F.);
#3917=ORIENTED_EDGE('',*,*,#3047,.F.);
#3918=ORIENTED_EDGE('',*,*,#3048,.T.);
#3919=ORIENTED_EDGE('',*,*,#3049,.F.);
#3920=ORIENTED_EDGE('',*,*,#3035,.F.);
#3921=ORIENTED_EDGE('',*,*,#3015,.T.);
#3922=ORIENTED_EDGE('',*,*,#3050,.T.);
#3923=ORIENTED_EDGE('',*,*,#3051,.T.);
#3924=ORIENTED_EDGE('',*,*,#3052,.T.);
#3925=ORIENTED_EDGE('',*,*,#3053,.F.);
#3926=ORIENTED_EDGE('',*,*,#3054,.F.);
#3927=ORIENTED_EDGE('',*,*,#3029,.T.);
#3928=ORIENTED_EDGE('',*,*,#3042,.F.);
#3929=ORIENTED_EDGE('',*,*,#3055,.F.);
#3930=ORIENTED_EDGE('',*,*,#3056,.T.);
#3931=ORIENTED_EDGE('',*,*,#3057,.T.);
#3932=ORIENTED_EDGE('',*,*,#3058,.T.);
#3933=ORIENTED_EDGE('',*,*,#3059,.T.);
#3934=ORIENTED_EDGE('',*,*,#3060,.T.);
#3935=ORIENTED_EDGE('',*,*,#3061,.T.);
#3936=ORIENTED_EDGE('',*,*,#3062,.T.);
#3937=ORIENTED_EDGE('',*,*,#3063,.T.);
#3938=ORIENTED_EDGE('',*,*,#3064,.T.);
#3939=ORIENTED_EDGE('',*,*,#3065,.T.);
#3940=ORIENTED_EDGE('',*,*,#3066,.T.);
#3941=ORIENTED_EDGE('',*,*,#3067,.T.);
#3942=ORIENTED_EDGE('',*,*,#3068,.T.);
#3943=ORIENTED_EDGE('',*,*,#3069,.T.);
#3944=ORIENTED_EDGE('',*,*,#3070,.T.);
#3945=ORIENTED_EDGE('',*,*,#3071,.T.);
#3946=ORIENTED_EDGE('',*,*,#3072,.T.);
#3947=ORIENTED_EDGE('',*,*,#3073,.T.);
#3948=ORIENTED_EDGE('',*,*,#3074,.T.);
#3949=ORIENTED_EDGE('',*,*,#3075,.T.);
#3950=ORIENTED_EDGE('',*,*,#3076,.T.);
#3951=ORIENTED_EDGE('',*,*,#3077,.T.);
#3952=ORIENTED_EDGE('',*,*,#3078,.T.);
#3953=ORIENTED_EDGE('',*,*,#3079,.T.);
#3954=ORIENTED_EDGE('',*,*,#3080,.T.);
#3955=ORIENTED_EDGE('',*,*,#3081,.F.);
#3956=ORIENTED_EDGE('',*,*,#3039,.F.);
#3957=ORIENTED_EDGE('',*,*,#3025,.T.);
#3958=ORIENTED_EDGE('',*,*,#3082,.F.);
#3959=ORIENTED_EDGE('',*,*,#3083,.F.);
#3960=ORIENTED_EDGE('',*,*,#3084,.T.);
#3961=ORIENTED_EDGE('',*,*,#3085,.T.);
#3962=ORIENTED_EDGE('',*,*,#3086,.T.);
#3963=ORIENTED_EDGE('',*,*,#3087,.T.);
#3964=ORIENTED_EDGE('',*,*,#3088,.T.);
#3965=ORIENTED_EDGE('',*,*,#3089,.T.);
#3966=ORIENTED_EDGE('',*,*,#3090,.T.);
#3967=ORIENTED_EDGE('',*,*,#3091,.T.);
#3968=ORIENTED_EDGE('',*,*,#3092,.F.);
#3969=ORIENTED_EDGE('',*,*,#3093,.F.);
#3970=ORIENTED_EDGE('',*,*,#3013,.F.);
#3971=ORIENTED_EDGE('',*,*,#3011,.F.);
#3972=ORIENTED_EDGE('',*,*,#3036,.F.);
#3973=ORIENTED_EDGE('',*,*,#3049,.T.);
#3974=ORIENTED_EDGE('',*,*,#3094,.F.);
#3975=ORIENTED_EDGE('',*,*,#3095,.F.);
#3976=ORIENTED_EDGE('',*,*,#3003,.F.);
#3977=ORIENTED_EDGE('',*,*,#3007,.F.);
#3978=ORIENTED_EDGE('',*,*,#3096,.F.);
#3979=ORIENTED_EDGE('',*,*,#3085,.F.);
#3980=ORIENTED_EDGE('',*,*,#3020,.T.);
#3981=ORIENTED_EDGE('',*,*,#3086,.F.);
#3982=ORIENTED_EDGE('',*,*,#3096,.T.);
#3983=ORIENTED_EDGE('',*,*,#3006,.F.);
#3984=ORIENTED_EDGE('',*,*,#3097,.F.);
#3985=ORIENTED_EDGE('',*,*,#3050,.F.);
#3986=ORIENTED_EDGE('',*,*,#3018,.T.);
#3987=ORIENTED_EDGE('',*,*,#3023,.T.);
#3988=ORIENTED_EDGE('',*,*,#3098,.F.);
#3989=ORIENTED_EDGE('',*,*,#3051,.F.);
#3990=ORIENTED_EDGE('',*,*,#3097,.T.);
#3991=ORIENTED_EDGE('',*,*,#3005,.T.);
#3992=ORIENTED_EDGE('',*,*,#3001,.F.);
#3993=ORIENTED_EDGE('',*,*,#3099,.F.);
#3994=ORIENTED_EDGE('',*,*,#3100,.F.);
#3995=ORIENTED_EDGE('',*,*,#3047,.T.);
#3996=ORIENTED_EDGE('',*,*,#3037,.T.);
#3997=ORIENTED_EDGE('',*,*,#3009,.T.);
#3998=ORIENTED_EDGE('',*,*,#3012,.F.);
#3999=ORIENTED_EDGE('',*,*,#3101,.F.);
#4000=ORIENTED_EDGE('',*,*,#3098,.T.);
#4001=ORIENTED_EDGE('',*,*,#3102,.T.);
#4002=ORIENTED_EDGE('',*,*,#3103,.T.);
#4003=ORIENTED_EDGE('',*,*,#3052,.F.);
#4004=ORIENTED_EDGE('',*,*,#3094,.T.);
#4005=ORIENTED_EDGE('',*,*,#3084,.F.);
#4006=ORIENTED_EDGE('',*,*,#3104,.T.);
#4007=ORIENTED_EDGE('',*,*,#3105,.T.);
#4008=ORIENTED_EDGE('',*,*,#3099,.T.);
#4009=ORIENTED_EDGE('',*,*,#3000,.F.);
#4010=ORIENTED_EDGE('',*,*,#3106,.T.);
#4011=ORIENTED_EDGE('',*,*,#3102,.F.);
#4012=ORIENTED_EDGE('',*,*,#3095,.T.);
#4013=ORIENTED_EDGE('',*,*,#3105,.F.);
#4014=ORIENTED_EDGE('',*,*,#3107,.T.);
#4015=ORIENTED_EDGE('',*,*,#3004,.F.);
#4016=ORIENTED_EDGE('',*,*,#3107,.F.);
#4017=ORIENTED_EDGE('',*,*,#3104,.F.);
#4018=ORIENTED_EDGE('',*,*,#3083,.T.);
#4019=ORIENTED_EDGE('',*,*,#3108,.T.);
#4020=ORIENTED_EDGE('',*,*,#2995,.T.);
#4021=ORIENTED_EDGE('',*,*,#2998,.F.);
#4022=ORIENTED_EDGE('',*,*,#3109,.F.);
#4023=ORIENTED_EDGE('',*,*,#3110,.F.);
#4024=ORIENTED_EDGE('',*,*,#3055,.T.);
#4025=ORIENTED_EDGE('',*,*,#3041,.T.);
#4026=ORIENTED_EDGE('',*,*,#2991,.T.);
#4027=ORIENTED_EDGE('',*,*,#3111,.F.);
#4028=ORIENTED_EDGE('',*,*,#3112,.F.);
#4029=ORIENTED_EDGE('',*,*,#3113,.F.);
#4030=ORIENTED_EDGE('',*,*,#2993,.F.);
#4031=ORIENTED_EDGE('',*,*,#3040,.F.);
#4032=ORIENTED_EDGE('',*,*,#3081,.T.);
#4033=ORIENTED_EDGE('',*,*,#3114,.F.);
#4034=ORIENTED_EDGE('',*,*,#3106,.F.);
#4035=ORIENTED_EDGE('',*,*,#2999,.F.);
#4036=ORIENTED_EDGE('',*,*,#2997,.F.);
#4037=ORIENTED_EDGE('',*,*,#3115,.F.);
#4038=ORIENTED_EDGE('',*,*,#3053,.T.);
#4039=ORIENTED_EDGE('',*,*,#3103,.F.);
#4040=ORIENTED_EDGE('',*,*,#3030,.T.);
#4041=ORIENTED_EDGE('',*,*,#3054,.T.);
#4042=ORIENTED_EDGE('',*,*,#3115,.T.);
#4043=ORIENTED_EDGE('',*,*,#2996,.F.);
#4044=ORIENTED_EDGE('',*,*,#3108,.F.);
#4045=ORIENTED_EDGE('',*,*,#3082,.T.);
#4046=ORIENTED_EDGE('',*,*,#3028,.T.);
#4047=ORIENTED_EDGE('',*,*,#3033,.T.);
#4048=ORIENTED_EDGE('',*,*,#3113,.T.);
#4049=ORIENTED_EDGE('',*,*,#3116,.T.);
#4050=ORIENTED_EDGE('',*,*,#3117,.F.);
#4051=ORIENTED_EDGE('',*,*,#3118,.T.);
#4052=ORIENTED_EDGE('',*,*,#2970,.F.);
#4053=ORIENTED_EDGE('',*,*,#3119,.T.);
#4054=ORIENTED_EDGE('',*,*,#3111,.T.);
#4055=ORIENTED_EDGE('',*,*,#2990,.T.);
#4056=ORIENTED_EDGE('',*,*,#3112,.T.);
#4057=ORIENTED_EDGE('',*,*,#3120,.F.);
#4058=ORIENTED_EDGE('',*,*,#3121,.F.);
#4059=ORIENTED_EDGE('',*,*,#3122,.T.);
#4060=ORIENTED_EDGE('',*,*,#3123,.T.);
#4061=ORIENTED_EDGE('',*,*,#3124,.T.);
#4062=ORIENTED_EDGE('',*,*,#3125,.F.);
#4063=ORIENTED_EDGE('',*,*,#3126,.T.);
#4064=ORIENTED_EDGE('',*,*,#3127,.T.);
#4065=ORIENTED_EDGE('',*,*,#3128,.T.);
#4066=ORIENTED_EDGE('',*,*,#3129,.F.);
#4067=ORIENTED_EDGE('',*,*,#3130,.F.);
#4068=ORIENTED_EDGE('',*,*,#3131,.T.);
#4069=ORIENTED_EDGE('',*,*,#3132,.T.);
#4070=ORIENTED_EDGE('',*,*,#3133,.T.);
#4071=ORIENTED_EDGE('',*,*,#3134,.F.);
#4072=ORIENTED_EDGE('',*,*,#3135,.F.);
#4073=ORIENTED_EDGE('',*,*,#3136,.T.);
#4074=ORIENTED_EDGE('',*,*,#3137,.T.);
#4075=ORIENTED_EDGE('',*,*,#3138,.T.);
#4076=ORIENTED_EDGE('',*,*,#3139,.F.);
#4077=ORIENTED_EDGE('',*,*,#3140,.T.);
#4078=ORIENTED_EDGE('',*,*,#3141,.T.);
#4079=ORIENTED_EDGE('',*,*,#3142,.T.);
#4080=ORIENTED_EDGE('',*,*,#3143,.F.);
#4081=ORIENTED_EDGE('',*,*,#3144,.F.);
#4082=ORIENTED_EDGE('',*,*,#3109,.T.);
#4083=ORIENTED_EDGE('',*,*,#3119,.F.);
#4084=ORIENTED_EDGE('',*,*,#2969,.F.);
#4085=ORIENTED_EDGE('',*,*,#3145,.F.);
#4086=ORIENTED_EDGE('',*,*,#2875,.F.);
#4087=ORIENTED_EDGE('',*,*,#3146,.T.);
#4088=ORIENTED_EDGE('',*,*,#3147,.T.);
#4089=ORIENTED_EDGE('',*,*,#3148,.F.);
#4090=ORIENTED_EDGE('',*,*,#3149,.F.);
#4091=ORIENTED_EDGE('',*,*,#3116,.F.);
#4092=ORIENTED_EDGE('',*,*,#3150,.T.);
#4093=ORIENTED_EDGE('',*,*,#3151,.T.);
#4094=ORIENTED_EDGE('',*,*,#3152,.T.);
#4095=ORIENTED_EDGE('',*,*,#3153,.T.);
#4096=ORIENTED_EDGE('',*,*,#3154,.T.);
#4097=ORIENTED_EDGE('',*,*,#3093,.T.);
#4098=ORIENTED_EDGE('',*,*,#3155,.F.);
#4099=ORIENTED_EDGE('',*,*,#3101,.T.);
#4100=ORIENTED_EDGE('',*,*,#3014,.F.);
#4101=ORIENTED_EDGE('',*,*,#3110,.T.);
#4102=ORIENTED_EDGE('',*,*,#3144,.T.);
#4103=ORIENTED_EDGE('',*,*,#3156,.T.);
#4104=ORIENTED_EDGE('',*,*,#3056,.F.);
#4105=ORIENTED_EDGE('',*,*,#3114,.T.);
#4106=ORIENTED_EDGE('',*,*,#3080,.F.);
#4107=ORIENTED_EDGE('',*,*,#3157,.F.);
#4108=ORIENTED_EDGE('',*,*,#3120,.T.);
#4109=ORIENTED_EDGE('',*,*,#3118,.F.);
#4110=ORIENTED_EDGE('',*,*,#3158,.F.);
#4111=ORIENTED_EDGE('',*,*,#3159,.T.);
#4112=ORIENTED_EDGE('',*,*,#2962,.F.);
#4113=ORIENTED_EDGE('',*,*,#3158,.T.);
#4114=ORIENTED_EDGE('',*,*,#3117,.T.);
#4115=ORIENTED_EDGE('',*,*,#3149,.T.);
#4116=ORIENTED_EDGE('',*,*,#3160,.T.);
#4117=ORIENTED_EDGE('',*,*,#2989,.T.);
#4118=ORIENTED_EDGE('',*,*,#3070,.F.);
#4119=ORIENTED_EDGE('',*,*,#3161,.T.);
#4120=ORIENTED_EDGE('',*,*,#3130,.T.);
#4121=ORIENTED_EDGE('',*,*,#3162,.T.);
#4122=ORIENTED_EDGE('',*,*,#3129,.T.);
#4123=ORIENTED_EDGE('',*,*,#3163,.T.);
#4124=ORIENTED_EDGE('',*,*,#3071,.F.);
#4125=ORIENTED_EDGE('',*,*,#3162,.F.);
#4126=ORIENTED_EDGE('',*,*,#3065,.F.);
#4127=ORIENTED_EDGE('',*,*,#3164,.T.);
#4128=ORIENTED_EDGE('',*,*,#3135,.T.);
#4129=ORIENTED_EDGE('',*,*,#3165,.T.);
#4130=ORIENTED_EDGE('',*,*,#3134,.T.);
#4131=ORIENTED_EDGE('',*,*,#3166,.T.);
#4132=ORIENTED_EDGE('',*,*,#3066,.F.);
#4133=ORIENTED_EDGE('',*,*,#3165,.F.);
#4134=ORIENTED_EDGE('',*,*,#3167,.T.);
#4135=ORIENTED_EDGE('',*,*,#3075,.F.);
#4136=ORIENTED_EDGE('',*,*,#3168,.T.);
#4137=ORIENTED_EDGE('',*,*,#3125,.T.);
#4138=ORIENTED_EDGE('',*,*,#3169,.T.);
#4139=ORIENTED_EDGE('',*,*,#3061,.F.);
#4140=ORIENTED_EDGE('',*,*,#3170,.T.);
#4141=ORIENTED_EDGE('',*,*,#3139,.T.);
#4142=ORIENTED_EDGE('',*,*,#3079,.F.);
#4143=ORIENTED_EDGE('',*,*,#3171,.T.);
#4144=ORIENTED_EDGE('',*,*,#3121,.T.);
#4145=ORIENTED_EDGE('',*,*,#3157,.T.);
#4146=ORIENTED_EDGE('',*,*,#3092,.T.);
#4147=ORIENTED_EDGE('',*,*,#3048,.F.);
#4148=ORIENTED_EDGE('',*,*,#3100,.T.);
#4149=ORIENTED_EDGE('',*,*,#3155,.T.);
#4150=ORIENTED_EDGE('',*,*,#3143,.T.);
#4151=ORIENTED_EDGE('',*,*,#3172,.T.);
#4152=ORIENTED_EDGE('',*,*,#3057,.F.);
#4153=ORIENTED_EDGE('',*,*,#3156,.F.);
#4154=ORIENTED_EDGE('',*,*,#3154,.F.);
#4155=ORIENTED_EDGE('',*,*,#3173,.T.);
#4156=ORIENTED_EDGE('',*,*,#3091,.F.);
#4157=ORIENTED_EDGE('',*,*,#3173,.F.);
#4158=ORIENTED_EDGE('',*,*,#3153,.F.);
#4159=ORIENTED_EDGE('',*,*,#3174,.T.);
#4160=ORIENTED_EDGE('',*,*,#3090,.F.);
#4161=ORIENTED_EDGE('',*,*,#3174,.F.);
#4162=ORIENTED_EDGE('',*,*,#3152,.F.);
#4163=ORIENTED_EDGE('',*,*,#3175,.T.);
#4164=ORIENTED_EDGE('',*,*,#3089,.F.);
#4165=ORIENTED_EDGE('',*,*,#3175,.F.);
#4166=ORIENTED_EDGE('',*,*,#3151,.F.);
#4167=ORIENTED_EDGE('',*,*,#3176,.T.);
#4168=ORIENTED_EDGE('',*,*,#3088,.F.);
#4169=ORIENTED_EDGE('',*,*,#3176,.F.);
#4170=ORIENTED_EDGE('',*,*,#3150,.F.);
#4171=ORIENTED_EDGE('',*,*,#3177,.T.);
#4172=ORIENTED_EDGE('',*,*,#3087,.F.);
#4173=ORIENTED_EDGE('',*,*,#3177,.F.);
#4174=ORIENTED_EDGE('',*,*,#3068,.F.);
#4175=ORIENTED_EDGE('',*,*,#3178,.T.);
#4176=ORIENTED_EDGE('',*,*,#3132,.F.);
#4177=ORIENTED_EDGE('',*,*,#3179,.F.);
#4178=ORIENTED_EDGE('',*,*,#3069,.F.);
#4179=ORIENTED_EDGE('',*,*,#3179,.T.);
#4180=ORIENTED_EDGE('',*,*,#3131,.F.);
#4181=ORIENTED_EDGE('',*,*,#3161,.F.);
#4182=ORIENTED_EDGE('',*,*,#3072,.F.);
#4183=ORIENTED_EDGE('',*,*,#3163,.F.);
#4184=ORIENTED_EDGE('',*,*,#3128,.F.);
#4185=ORIENTED_EDGE('',*,*,#3180,.F.);
#4186=ORIENTED_EDGE('',*,*,#3073,.F.);
#4187=ORIENTED_EDGE('',*,*,#3180,.T.);
#4188=ORIENTED_EDGE('',*,*,#3127,.F.);
#4189=ORIENTED_EDGE('',*,*,#3181,.F.);
#4190=ORIENTED_EDGE('',*,*,#3074,.F.);
#4191=ORIENTED_EDGE('',*,*,#3181,.T.);
#4192=ORIENTED_EDGE('',*,*,#3126,.F.);
#4193=ORIENTED_EDGE('',*,*,#3168,.F.);
#4194=ORIENTED_EDGE('',*,*,#3076,.F.);
#4195=ORIENTED_EDGE('',*,*,#3167,.F.);
#4196=ORIENTED_EDGE('',*,*,#3124,.F.);
#4197=ORIENTED_EDGE('',*,*,#3182,.F.);
#4198=ORIENTED_EDGE('',*,*,#3077,.F.);
#4199=ORIENTED_EDGE('',*,*,#3182,.T.);
#4200=ORIENTED_EDGE('',*,*,#3123,.F.);
#4201=ORIENTED_EDGE('',*,*,#3183,.F.);
#4202=ORIENTED_EDGE('',*,*,#3078,.F.);
#4203=ORIENTED_EDGE('',*,*,#3183,.T.);
#4204=ORIENTED_EDGE('',*,*,#3122,.F.);
#4205=ORIENTED_EDGE('',*,*,#3171,.F.);
#4206=ORIENTED_EDGE('',*,*,#3058,.F.);
#4207=ORIENTED_EDGE('',*,*,#3172,.F.);
#4208=ORIENTED_EDGE('',*,*,#3142,.F.);
#4209=ORIENTED_EDGE('',*,*,#3184,.F.);
#4210=ORIENTED_EDGE('',*,*,#3059,.F.);
#4211=ORIENTED_EDGE('',*,*,#3184,.T.);
#4212=ORIENTED_EDGE('',*,*,#3141,.F.);
#4213=ORIENTED_EDGE('',*,*,#3185,.F.);
#4214=ORIENTED_EDGE('',*,*,#3060,.F.);
#4215=ORIENTED_EDGE('',*,*,#3185,.T.);
#4216=ORIENTED_EDGE('',*,*,#3140,.F.);
#4217=ORIENTED_EDGE('',*,*,#3170,.F.);
#4218=ORIENTED_EDGE('',*,*,#3062,.F.);
#4219=ORIENTED_EDGE('',*,*,#3169,.F.);
#4220=ORIENTED_EDGE('',*,*,#3138,.F.);
#4221=ORIENTED_EDGE('',*,*,#3186,.F.);
#4222=ORIENTED_EDGE('',*,*,#3063,.F.);
#4223=ORIENTED_EDGE('',*,*,#3186,.T.);
#4224=ORIENTED_EDGE('',*,*,#3137,.F.);
#4225=ORIENTED_EDGE('',*,*,#3187,.F.);
#4226=ORIENTED_EDGE('',*,*,#3064,.F.);
#4227=ORIENTED_EDGE('',*,*,#3187,.T.);
#4228=ORIENTED_EDGE('',*,*,#3136,.F.);
#4229=ORIENTED_EDGE('',*,*,#3164,.F.);
#4230=ORIENTED_EDGE('',*,*,#3067,.F.);
#4231=ORIENTED_EDGE('',*,*,#3166,.F.);
#4232=ORIENTED_EDGE('',*,*,#3133,.F.);
#4233=ORIENTED_EDGE('',*,*,#3178,.F.);
#4234=ORIENTED_EDGE('',*,*,#3046,.T.);
#4235=ORIENTED_EDGE('',*,*,#3188,.F.);
#4236=ORIENTED_EDGE('',*,*,#2956,.T.);
#4237=ORIENTED_EDGE('',*,*,#3189,.T.);
#4238=ORIENTED_EDGE('',*,*,#3145,.T.);
#4239=ORIENTED_EDGE('',*,*,#2968,.T.);
#4240=ORIENTED_EDGE('',*,*,#3190,.F.);
#4241=ORIENTED_EDGE('',*,*,#3191,.F.);
#4242=ORIENTED_EDGE('',*,*,#3192,.T.);
#4243=ORIENTED_EDGE('',*,*,#2974,.T.);
#4244=ORIENTED_EDGE('',*,*,#3193,.F.);
#4245=ORIENTED_EDGE('',*,*,#2876,.T.);
#4246=ORIENTED_EDGE('',*,*,#3194,.T.);
#4247=ORIENTED_EDGE('',*,*,#3195,.T.);
#4248=ORIENTED_EDGE('',*,*,#3196,.T.);
#4249=ORIENTED_EDGE('',*,*,#3197,.T.);
#4250=ORIENTED_EDGE('',*,*,#3198,.T.);
#4251=ORIENTED_EDGE('',*,*,#3199,.T.);
#4252=ORIENTED_EDGE('',*,*,#3200,.T.);
#4253=ORIENTED_EDGE('',*,*,#3201,.T.);
#4254=ORIENTED_EDGE('',*,*,#3202,.T.);
#4255=ORIENTED_EDGE('',*,*,#3203,.T.);
#4256=ORIENTED_EDGE('',*,*,#3204,.T.);
#4257=ORIENTED_EDGE('',*,*,#3205,.T.);
#4258=ORIENTED_EDGE('',*,*,#3206,.T.);
#4259=ORIENTED_EDGE('',*,*,#3207,.T.);
#4260=ORIENTED_EDGE('',*,*,#3208,.T.);
#4261=ORIENTED_EDGE('',*,*,#3209,.T.);
#4262=ORIENTED_EDGE('',*,*,#3045,.T.);
#4263=ORIENTED_EDGE('',*,*,#3210,.T.);
#4264=ORIENTED_EDGE('',*,*,#2957,.T.);
#4265=ORIENTED_EDGE('',*,*,#3188,.T.);
#4266=ORIENTED_EDGE('',*,*,#3211,.F.);
#4267=ORIENTED_EDGE('',*,*,#3212,.T.);
#4268=ORIENTED_EDGE('',*,*,#3213,.F.);
#4269=ORIENTED_EDGE('',*,*,#3212,.F.);
#4270=ORIENTED_EDGE('',*,*,#3214,.F.);
#4271=ORIENTED_EDGE('',*,*,#3215,.T.);
#4272=ORIENTED_EDGE('',*,*,#2885,.F.);
#4273=ORIENTED_EDGE('',*,*,#3215,.F.);
#4274=ORIENTED_EDGE('',*,*,#3214,.T.);
#4275=ORIENTED_EDGE('',*,*,#3211,.T.);
#4276=ORIENTED_EDGE('',*,*,#3044,.T.);
#4277=ORIENTED_EDGE('',*,*,#3216,.T.);
#4278=ORIENTED_EDGE('',*,*,#2958,.T.);
#4279=ORIENTED_EDGE('',*,*,#3210,.F.);
#4280=ORIENTED_EDGE('',*,*,#3217,.F.);
#4281=ORIENTED_EDGE('',*,*,#3218,.T.);
#4282=ORIENTED_EDGE('',*,*,#3219,.F.);
#4283=ORIENTED_EDGE('',*,*,#3218,.F.);
#4284=ORIENTED_EDGE('',*,*,#3220,.F.);
#4285=ORIENTED_EDGE('',*,*,#3221,.T.);
#4286=ORIENTED_EDGE('',*,*,#2879,.F.);
#4287=ORIENTED_EDGE('',*,*,#3221,.F.);
#4288=ORIENTED_EDGE('',*,*,#3220,.T.);
#4289=ORIENTED_EDGE('',*,*,#3217,.T.);
#4290=ORIENTED_EDGE('',*,*,#3213,.T.);
#4291=ORIENTED_EDGE('',*,*,#3222,.T.);
#4292=ORIENTED_EDGE('',*,*,#3223,.T.);
#4293=ORIENTED_EDGE('',*,*,#2948,.T.);
#4294=ORIENTED_EDGE('',*,*,#3224,.T.);
#4295=ORIENTED_EDGE('',*,*,#3223,.F.);
#4296=ORIENTED_EDGE('',*,*,#3225,.F.);
#4297=ORIENTED_EDGE('',*,*,#3226,.F.);
#4298=ORIENTED_EDGE('',*,*,#2949,.F.);
#4299=ORIENTED_EDGE('',*,*,#3227,.T.);
#4300=ORIENTED_EDGE('',*,*,#3228,.T.);
#4301=ORIENTED_EDGE('',*,*,#3229,.T.);
#4302=ORIENTED_EDGE('',*,*,#3230,.T.);
#4303=ORIENTED_EDGE('',*,*,#3231,.T.);
#4304=ORIENTED_EDGE('',*,*,#3232,.T.);
#4305=ORIENTED_EDGE('',*,*,#3233,.T.);
#4306=ORIENTED_EDGE('',*,*,#3234,.T.);
#4307=ORIENTED_EDGE('',*,*,#3222,.F.);
#4308=ORIENTED_EDGE('',*,*,#3235,.T.);
#4309=ORIENTED_EDGE('',*,*,#3236,.T.);
#4310=ORIENTED_EDGE('',*,*,#3237,.T.);
#4311=ORIENTED_EDGE('',*,*,#3238,.T.);
#4312=ORIENTED_EDGE('',*,*,#3239,.T.);
#4313=ORIENTED_EDGE('',*,*,#3240,.F.);
#4314=ORIENTED_EDGE('',*,*,#3225,.T.);
#4315=ORIENTED_EDGE('',*,*,#2896,.F.);
#4316=ORIENTED_EDGE('',*,*,#2877,.F.);
#4317=ORIENTED_EDGE('',*,*,#3193,.T.);
#4318=ORIENTED_EDGE('',*,*,#2973,.T.);
#4319=ORIENTED_EDGE('',*,*,#3240,.T.);
#4320=ORIENTED_EDGE('',*,*,#3241,.T.);
#4321=ORIENTED_EDGE('',*,*,#2950,.T.);
#4322=ORIENTED_EDGE('',*,*,#3226,.T.);
#4323=ORIENTED_EDGE('',*,*,#3241,.F.);
#4324=ORIENTED_EDGE('',*,*,#3239,.F.);
#4325=ORIENTED_EDGE('',*,*,#3242,.T.);
#4326=ORIENTED_EDGE('',*,*,#2951,.F.);
#4327=ORIENTED_EDGE('',*,*,#3243,.T.);
#4328=ORIENTED_EDGE('',*,*,#3244,.T.);
#4329=ORIENTED_EDGE('',*,*,#3245,.T.);
#4330=ORIENTED_EDGE('',*,*,#3246,.T.);
#4331=ORIENTED_EDGE('',*,*,#3194,.F.);
#4332=ORIENTED_EDGE('',*,*,#3247,.F.);
#4333=ORIENTED_EDGE('',*,*,#3248,.T.);
#4334=ORIENTED_EDGE('',*,*,#3249,.F.);
#4335=ORIENTED_EDGE('',*,*,#3196,.F.);
#4336=ORIENTED_EDGE('',*,*,#3250,.F.);
#4337=ORIENTED_EDGE('',*,*,#3251,.F.);
#4338=ORIENTED_EDGE('',*,*,#3252,.F.);
#4339=ORIENTED_EDGE('',*,*,#3253,.T.);
#4340=ORIENTED_EDGE('',*,*,#3254,.F.);
#4341=ORIENTED_EDGE('',*,*,#2895,.T.);
#4342=ORIENTED_EDGE('',*,*,#3255,.F.);
#4343=ORIENTED_EDGE('',*,*,#3256,.T.);
#4344=ORIENTED_EDGE('',*,*,#3253,.F.);
#4345=ORIENTED_EDGE('',*,*,#2868,.F.);
#4346=ORIENTED_EDGE('',*,*,#3257,.F.);
#4347=ORIENTED_EDGE('',*,*,#3258,.T.);
#4348=ORIENTED_EDGE('',*,*,#2977,.F.);
#4349=ORIENTED_EDGE('',*,*,#2887,.T.);
#4350=ORIENTED_EDGE('',*,*,#3259,.T.);
#4351=ORIENTED_EDGE('',*,*,#3258,.F.);
#4352=ORIENTED_EDGE('',*,*,#3260,.F.);
#4353=ORIENTED_EDGE('',*,*,#2978,.F.);
#4354=ORIENTED_EDGE('',*,*,#3255,.T.);
#4355=ORIENTED_EDGE('',*,*,#2894,.T.);
#4356=ORIENTED_EDGE('',*,*,#3261,.T.);
#4357=ORIENTED_EDGE('',*,*,#3262,.T.);
#4358=ORIENTED_EDGE('',*,*,#2979,.F.);
#4359=ORIENTED_EDGE('',*,*,#3260,.T.);
#4360=ORIENTED_EDGE('',*,*,#3259,.F.);
#4361=ORIENTED_EDGE('',*,*,#2886,.F.);
#4362=ORIENTED_EDGE('',*,*,#3254,.T.);
#4363=ORIENTED_EDGE('',*,*,#3257,.T.);
#4364=ORIENTED_EDGE('',*,*,#2867,.T.);
#4365=ORIENTED_EDGE('',*,*,#2866,.T.);
#4366=ORIENTED_EDGE('',*,*,#2987,.T.);
#4367=ORIENTED_EDGE('',*,*,#2981,.F.);
#4368=ORIENTED_EDGE('',*,*,#3263,.T.);
#4369=ORIENTED_EDGE('',*,*,#3264,.T.);
#4370=ORIENTED_EDGE('',*,*,#3265,.T.);
#4371=ORIENTED_EDGE('',*,*,#3266,.T.);
#4372=ORIENTED_EDGE('',*,*,#2980,.F.);
#4373=ORIENTED_EDGE('',*,*,#3267,.T.);
#4374=ORIENTED_EDGE('',*,*,#3268,.T.);
#4375=ORIENTED_EDGE('',*,*,#3263,.F.);
#4376=ORIENTED_EDGE('',*,*,#3266,.F.);
#4377=ORIENTED_EDGE('',*,*,#3269,.T.);
#4378=ORIENTED_EDGE('',*,*,#3270,.T.);
#4379=ORIENTED_EDGE('',*,*,#3269,.F.);
#4380=ORIENTED_EDGE('',*,*,#2982,.F.);
#4381=ORIENTED_EDGE('',*,*,#3265,.F.);
#4382=ORIENTED_EDGE('',*,*,#3271,.F.);
#4383=ORIENTED_EDGE('',*,*,#3272,.T.);
#4384=ORIENTED_EDGE('',*,*,#3273,.T.);
#4385=ORIENTED_EDGE('',*,*,#3271,.T.);
#4386=ORIENTED_EDGE('',*,*,#3264,.F.);
#4387=ORIENTED_EDGE('',*,*,#3268,.F.);
#4388=ORIENTED_EDGE('',*,*,#2983,.F.);
#4389=ORIENTED_EDGE('',*,*,#3272,.F.);
#4390=ORIENTED_EDGE('',*,*,#3273,.F.);
#4391=ORIENTED_EDGE('',*,*,#3267,.F.);
#4392=ORIENTED_EDGE('',*,*,#3270,.F.);
#4393=ORIENTED_EDGE('',*,*,#2871,.F.);
#4394=ORIENTED_EDGE('',*,*,#3274,.T.);
#4395=ORIENTED_EDGE('',*,*,#3275,.F.);
#4396=ORIENTED_EDGE('',*,*,#3276,.F.);
#4397=ORIENTED_EDGE('',*,*,#3277,.F.);
#4398=ORIENTED_EDGE('',*,*,#3278,.F.);
#4399=ORIENTED_EDGE('',*,*,#3279,.F.);
#4400=ORIENTED_EDGE('',*,*,#3280,.T.);
#4401=ORIENTED_EDGE('',*,*,#3278,.T.);
#4402=ORIENTED_EDGE('',*,*,#3280,.F.);
#4403=ORIENTED_EDGE('',*,*,#3275,.T.);
#4404=ORIENTED_EDGE('',*,*,#3281,.T.);
#4405=ORIENTED_EDGE('',*,*,#3282,.F.);
#4406=ORIENTED_EDGE('',*,*,#3283,.F.);
#4407=ORIENTED_EDGE('',*,*,#3276,.T.);
#4408=ORIENTED_EDGE('',*,*,#3283,.T.);
#4409=ORIENTED_EDGE('',*,*,#3284,.F.);
#4410=ORIENTED_EDGE('',*,*,#3285,.F.);
#4411=ORIENTED_EDGE('',*,*,#2872,.F.);
#4412=ORIENTED_EDGE('',*,*,#3277,.T.);
#4413=ORIENTED_EDGE('',*,*,#3285,.T.);
#4414=ORIENTED_EDGE('',*,*,#3286,.F.);
#4415=ORIENTED_EDGE('',*,*,#2873,.F.);
#4416=ORIENTED_EDGE('',*,*,#3286,.T.);
#4417=ORIENTED_EDGE('',*,*,#3284,.T.);
#4418=ORIENTED_EDGE('',*,*,#3282,.T.);
#4419=ORIENTED_EDGE('',*,*,#3287,.T.);
#4420=ORIENTED_EDGE('',*,*,#3279,.T.);
#4421=ORIENTED_EDGE('',*,*,#3219,.T.);
#4422=ORIENTED_EDGE('',*,*,#3288,.F.);
#4423=ORIENTED_EDGE('',*,*,#3289,.T.);
#4424=ORIENTED_EDGE('',*,*,#3290,.F.);
#4425=ORIENTED_EDGE('',*,*,#3289,.F.);
#4426=ORIENTED_EDGE('',*,*,#3291,.F.);
#4427=ORIENTED_EDGE('',*,*,#3292,.T.);
#4428=ORIENTED_EDGE('',*,*,#2880,.F.);
#4429=ORIENTED_EDGE('',*,*,#3292,.F.);
#4430=ORIENTED_EDGE('',*,*,#3291,.T.);
#4431=ORIENTED_EDGE('',*,*,#3288,.T.);
#4432=ORIENTED_EDGE('',*,*,#3293,.F.);
#4433=ORIENTED_EDGE('',*,*,#3294,.T.);
#4434=ORIENTED_EDGE('',*,*,#3295,.F.);
#4435=ORIENTED_EDGE('',*,*,#3294,.F.);
#4436=ORIENTED_EDGE('',*,*,#3296,.F.);
#4437=ORIENTED_EDGE('',*,*,#3297,.T.);
#4438=ORIENTED_EDGE('',*,*,#2884,.F.);
#4439=ORIENTED_EDGE('',*,*,#3297,.F.);
#4440=ORIENTED_EDGE('',*,*,#3296,.T.);
#4441=ORIENTED_EDGE('',*,*,#3293,.T.);
#4442=ORIENTED_EDGE('',*,*,#3290,.T.);
#4443=ORIENTED_EDGE('',*,*,#3298,.F.);
#4444=ORIENTED_EDGE('',*,*,#3299,.T.);
#4445=ORIENTED_EDGE('',*,*,#3300,.F.);
#4446=ORIENTED_EDGE('',*,*,#3299,.F.);
#4447=ORIENTED_EDGE('',*,*,#3301,.F.);
#4448=ORIENTED_EDGE('',*,*,#3302,.T.);
#4449=ORIENTED_EDGE('',*,*,#2881,.F.);
#4450=ORIENTED_EDGE('',*,*,#3302,.F.);
#4451=ORIENTED_EDGE('',*,*,#3301,.T.);
#4452=ORIENTED_EDGE('',*,*,#3298,.T.);
#4453=ORIENTED_EDGE('',*,*,#3295,.T.);
#4454=ORIENTED_EDGE('',*,*,#3303,.F.);
#4455=ORIENTED_EDGE('',*,*,#3304,.T.);
#4456=ORIENTED_EDGE('',*,*,#3305,.F.);
#4457=ORIENTED_EDGE('',*,*,#3304,.F.);
#4458=ORIENTED_EDGE('',*,*,#3306,.F.);
#4459=ORIENTED_EDGE('',*,*,#3307,.T.);
#4460=ORIENTED_EDGE('',*,*,#2883,.F.);
#4461=ORIENTED_EDGE('',*,*,#3307,.F.);
#4462=ORIENTED_EDGE('',*,*,#3306,.T.);
#4463=ORIENTED_EDGE('',*,*,#3303,.T.);
#4464=ORIENTED_EDGE('',*,*,#3300,.T.);
#4465=ORIENTED_EDGE('',*,*,#3308,.F.);
#4466=ORIENTED_EDGE('',*,*,#3309,.T.);
#4467=ORIENTED_EDGE('',*,*,#3310,.F.);
#4468=ORIENTED_EDGE('',*,*,#3309,.F.);
#4469=ORIENTED_EDGE('',*,*,#3311,.F.);
#4470=ORIENTED_EDGE('',*,*,#3312,.T.);
#4471=ORIENTED_EDGE('',*,*,#2882,.F.);
#4472=ORIENTED_EDGE('',*,*,#3312,.F.);
#4473=ORIENTED_EDGE('',*,*,#3311,.T.);
#4474=ORIENTED_EDGE('',*,*,#3308,.T.);
#4475=ORIENTED_EDGE('',*,*,#3305,.T.);
#4476=ORIENTED_EDGE('',*,*,#3313,.T.);
#4477=ORIENTED_EDGE('',*,*,#2903,.T.);
#4478=ORIENTED_EDGE('',*,*,#2909,.T.);
#4479=ORIENTED_EDGE('',*,*,#3314,.T.);
#4480=ORIENTED_EDGE('',*,*,#2900,.T.);
#4481=ORIENTED_EDGE('',*,*,#2904,.F.);
#4482=ORIENTED_EDGE('',*,*,#3313,.F.);
#4483=ORIENTED_EDGE('',*,*,#3315,.F.);
#4484=ORIENTED_EDGE('',*,*,#3316,.T.);
#4485=ORIENTED_EDGE('',*,*,#3317,.T.);
#4486=ORIENTED_EDGE('',*,*,#3318,.T.);
#4487=ORIENTED_EDGE('',*,*,#3319,.T.);
#4488=ORIENTED_EDGE('',*,*,#2915,.T.);
#4489=ORIENTED_EDGE('',*,*,#2921,.T.);
#4490=ORIENTED_EDGE('',*,*,#3320,.T.);
#4491=ORIENTED_EDGE('',*,*,#2912,.T.);
#4492=ORIENTED_EDGE('',*,*,#2916,.F.);
#4493=ORIENTED_EDGE('',*,*,#3319,.F.);
#4494=ORIENTED_EDGE('',*,*,#3321,.F.);
#4495=ORIENTED_EDGE('',*,*,#3322,.T.);
#4496=ORIENTED_EDGE('',*,*,#3323,.T.);
#4497=ORIENTED_EDGE('',*,*,#3324,.T.);
#4498=ORIENTED_EDGE('',*,*,#3325,.F.);
#4499=ORIENTED_EDGE('',*,*,#3322,.F.);
#4500=ORIENTED_EDGE('',*,*,#3326,.F.);
#4501=ORIENTED_EDGE('',*,*,#2919,.F.);
#4502=ORIENTED_EDGE('',*,*,#3327,.F.);
#4503=ORIENTED_EDGE('',*,*,#3316,.F.);
#4504=ORIENTED_EDGE('',*,*,#3328,.F.);
#4505=ORIENTED_EDGE('',*,*,#2907,.F.);
#4506=ORIENTED_EDGE('',*,*,#3320,.F.);
#4507=ORIENTED_EDGE('',*,*,#2920,.F.);
#4508=ORIENTED_EDGE('',*,*,#3326,.T.);
#4509=ORIENTED_EDGE('',*,*,#3321,.T.);
#4510=ORIENTED_EDGE('',*,*,#3314,.F.);
#4511=ORIENTED_EDGE('',*,*,#2908,.F.);
#4512=ORIENTED_EDGE('',*,*,#3328,.T.);
#4513=ORIENTED_EDGE('',*,*,#3315,.T.);
#4514=ORIENTED_EDGE('',*,*,#3329,.F.);
#4515=ORIENTED_EDGE('',*,*,#3330,.F.);
#4516=ORIENTED_EDGE('',*,*,#3331,.T.);
#4517=ORIENTED_EDGE('',*,*,#3332,.T.);
#4518=ORIENTED_EDGE('',*,*,#3333,.F.);
#4519=ORIENTED_EDGE('',*,*,#3332,.F.);
#4520=ORIENTED_EDGE('',*,*,#3334,.T.);
#4521=ORIENTED_EDGE('',*,*,#3317,.F.);
#4522=ORIENTED_EDGE('',*,*,#3327,.T.);
#4523=ORIENTED_EDGE('',*,*,#2906,.T.);
#4524=ORIENTED_EDGE('',*,*,#3335,.T.);
#4525=ORIENTED_EDGE('',*,*,#3336,.T.);
#4526=ORIENTED_EDGE('',*,*,#3337,.F.);
#4527=ORIENTED_EDGE('',*,*,#3336,.F.);
#4528=ORIENTED_EDGE('',*,*,#3338,.T.);
#4529=ORIENTED_EDGE('',*,*,#3339,.T.);
#4530=ORIENTED_EDGE('',*,*,#3340,.F.);
#4531=ORIENTED_EDGE('',*,*,#3339,.F.);
#4532=ORIENTED_EDGE('',*,*,#3341,.T.);
#4533=ORIENTED_EDGE('',*,*,#3323,.F.);
#4534=ORIENTED_EDGE('',*,*,#3325,.T.);
#4535=ORIENTED_EDGE('',*,*,#2918,.T.);
#4536=ORIENTED_EDGE('',*,*,#3342,.T.);
#4537=ORIENTED_EDGE('',*,*,#3330,.T.);
#4538=ORIENTED_EDGE('',*,*,#3198,.F.);
#4539=ORIENTED_EDGE('',*,*,#3343,.T.);
#4540=ORIENTED_EDGE('',*,*,#3344,.T.);
#4541=ORIENTED_EDGE('',*,*,#3345,.F.);
#4542=ORIENTED_EDGE('',*,*,#3209,.F.);
#4543=ORIENTED_EDGE('',*,*,#3346,.T.);
#4544=ORIENTED_EDGE('',*,*,#3347,.T.);
#4545=ORIENTED_EDGE('',*,*,#3343,.F.);
#4546=ORIENTED_EDGE('',*,*,#3208,.F.);
#4547=ORIENTED_EDGE('',*,*,#3348,.T.);
#4548=ORIENTED_EDGE('',*,*,#3349,.T.);
#4549=ORIENTED_EDGE('',*,*,#3346,.F.);
#4550=ORIENTED_EDGE('',*,*,#3207,.F.);
#4551=ORIENTED_EDGE('',*,*,#3350,.T.);
#4552=ORIENTED_EDGE('',*,*,#3351,.T.);
#4553=ORIENTED_EDGE('',*,*,#3348,.F.);
#4554=ORIENTED_EDGE('',*,*,#3206,.F.);
#4555=ORIENTED_EDGE('',*,*,#3352,.T.);
#4556=ORIENTED_EDGE('',*,*,#3353,.T.);
#4557=ORIENTED_EDGE('',*,*,#3350,.F.);
#4558=ORIENTED_EDGE('',*,*,#3205,.F.);
#4559=ORIENTED_EDGE('',*,*,#3354,.T.);
#4560=ORIENTED_EDGE('',*,*,#3355,.T.);
#4561=ORIENTED_EDGE('',*,*,#3352,.F.);
#4562=ORIENTED_EDGE('',*,*,#3204,.F.);
#4563=ORIENTED_EDGE('',*,*,#3356,.T.);
#4564=ORIENTED_EDGE('',*,*,#3357,.T.);
#4565=ORIENTED_EDGE('',*,*,#3354,.F.);
#4566=ORIENTED_EDGE('',*,*,#3203,.F.);
#4567=ORIENTED_EDGE('',*,*,#3358,.T.);
#4568=ORIENTED_EDGE('',*,*,#3359,.T.);
#4569=ORIENTED_EDGE('',*,*,#3356,.F.);
#4570=ORIENTED_EDGE('',*,*,#3202,.F.);
#4571=ORIENTED_EDGE('',*,*,#3360,.T.);
#4572=ORIENTED_EDGE('',*,*,#3361,.T.);
#4573=ORIENTED_EDGE('',*,*,#3358,.F.);
#4574=ORIENTED_EDGE('',*,*,#3201,.F.);
#4575=ORIENTED_EDGE('',*,*,#3362,.T.);
#4576=ORIENTED_EDGE('',*,*,#3363,.T.);
#4577=ORIENTED_EDGE('',*,*,#3360,.F.);
#4578=ORIENTED_EDGE('',*,*,#3200,.F.);
#4579=ORIENTED_EDGE('',*,*,#3364,.T.);
#4580=ORIENTED_EDGE('',*,*,#3365,.T.);
#4581=ORIENTED_EDGE('',*,*,#3362,.F.);
#4582=ORIENTED_EDGE('',*,*,#3199,.F.);
#4583=ORIENTED_EDGE('',*,*,#3345,.T.);
#4584=ORIENTED_EDGE('',*,*,#3366,.T.);
#4585=ORIENTED_EDGE('',*,*,#3364,.F.);
#4586=ORIENTED_EDGE('',*,*,#3366,.F.);
#4587=ORIENTED_EDGE('',*,*,#3344,.F.);
#4588=ORIENTED_EDGE('',*,*,#3347,.F.);
#4589=ORIENTED_EDGE('',*,*,#3349,.F.);
#4590=ORIENTED_EDGE('',*,*,#3351,.F.);
#4591=ORIENTED_EDGE('',*,*,#3353,.F.);
#4592=ORIENTED_EDGE('',*,*,#3355,.F.);
#4593=ORIENTED_EDGE('',*,*,#3357,.F.);
#4594=ORIENTED_EDGE('',*,*,#3359,.F.);
#4595=ORIENTED_EDGE('',*,*,#3361,.F.);
#4596=ORIENTED_EDGE('',*,*,#3363,.F.);
#4597=ORIENTED_EDGE('',*,*,#3365,.F.);
#4598=ORIENTED_EDGE('',*,*,#3324,.F.);
#4599=ORIENTED_EDGE('',*,*,#3341,.F.);
#4600=ORIENTED_EDGE('',*,*,#3338,.F.);
#4601=ORIENTED_EDGE('',*,*,#3335,.F.);
#4602=ORIENTED_EDGE('',*,*,#2905,.F.);
#4603=ORIENTED_EDGE('',*,*,#2901,.T.);
#4604=ORIENTED_EDGE('',*,*,#3318,.F.);
#4605=ORIENTED_EDGE('',*,*,#3334,.F.);
#4606=ORIENTED_EDGE('',*,*,#3331,.F.);
#4607=ORIENTED_EDGE('',*,*,#3342,.F.);
#4608=ORIENTED_EDGE('',*,*,#2917,.F.);
#4609=ORIENTED_EDGE('',*,*,#2913,.T.);
#4610=ORIENTED_EDGE('',*,*,#3367,.T.);
#4611=ORIENTED_EDGE('',*,*,#3368,.F.);
#4612=ORIENTED_EDGE('',*,*,#3369,.F.);
#4613=ORIENTED_EDGE('',*,*,#3370,.F.);
#4614=ORIENTED_EDGE('',*,*,#3371,.T.);
#4615=ORIENTED_EDGE('',*,*,#3372,.F.);
#4616=ORIENTED_EDGE('',*,*,#3373,.T.);
#4617=ORIENTED_EDGE('',*,*,#3374,.F.);
#4618=ORIENTED_EDGE('',*,*,#3375,.F.);
#4619=ORIENTED_EDGE('',*,*,#3376,.F.);
#4620=ORIENTED_EDGE('',*,*,#3377,.T.);
#4621=ORIENTED_EDGE('',*,*,#3378,.F.);
#4622=ORIENTED_EDGE('',*,*,#3372,.T.);
#4623=ORIENTED_EDGE('',*,*,#3379,.F.);
#4624=ORIENTED_EDGE('',*,*,#3380,.F.);
#4625=ORIENTED_EDGE('',*,*,#3381,.F.);
#4626=ORIENTED_EDGE('',*,*,#3374,.T.);
#4627=ORIENTED_EDGE('',*,*,#3382,.F.);
#4628=ORIENTED_EDGE('',*,*,#3383,.F.);
#4629=ORIENTED_EDGE('',*,*,#3384,.T.);
#4630=ORIENTED_EDGE('',*,*,#3385,.F.);
#4631=ORIENTED_EDGE('',*,*,#3386,.T.);
#4632=ORIENTED_EDGE('',*,*,#3387,.F.);
#4633=ORIENTED_EDGE('',*,*,#3377,.F.);
#4634=ORIENTED_EDGE('',*,*,#3388,.T.);
#4635=ORIENTED_EDGE('',*,*,#3389,.T.);
#4636=ORIENTED_EDGE('',*,*,#3390,.F.);
#4637=ORIENTED_EDGE('',*,*,#3391,.T.);
#4638=ORIENTED_EDGE('',*,*,#2963,.F.);
#4639=ORIENTED_EDGE('',*,*,#3159,.F.);
#4640=ORIENTED_EDGE('',*,*,#3160,.F.);
#4641=ORIENTED_EDGE('',*,*,#3148,.T.);
#4642=ORIENTED_EDGE('',*,*,#3392,.T.);
#4643=ORIENTED_EDGE('',*,*,#3393,.F.);
#4644=ORIENTED_EDGE('',*,*,#3262,.F.);
#4645=ORIENTED_EDGE('',*,*,#3394,.T.);
#4646=ORIENTED_EDGE('',*,*,#3395,.T.);
#4647=ORIENTED_EDGE('',*,*,#3396,.T.);
#4648=ORIENTED_EDGE('',*,*,#3397,.T.);
#4649=ORIENTED_EDGE('',*,*,#3398,.T.);
#4650=ORIENTED_EDGE('',*,*,#3385,.T.);
#4651=ORIENTED_EDGE('',*,*,#3376,.T.);
#4652=ORIENTED_EDGE('',*,*,#3399,.T.);
#4653=ORIENTED_EDGE('',*,*,#3400,.T.);
#4654=ORIENTED_EDGE('',*,*,#3401,.T.);
#4655=ORIENTED_EDGE('',*,*,#3402,.T.);
#4656=ORIENTED_EDGE('',*,*,#3403,.T.);
#4657=ORIENTED_EDGE('',*,*,#3404,.T.);
#4658=ORIENTED_EDGE('',*,*,#3405,.T.);
#4659=ORIENTED_EDGE('',*,*,#3370,.T.);
#4660=ORIENTED_EDGE('',*,*,#3406,.T.);
#4661=ORIENTED_EDGE('',*,*,#3407,.T.);
#4662=ORIENTED_EDGE('',*,*,#3408,.T.);
#4663=ORIENTED_EDGE('',*,*,#3409,.T.);
#4664=ORIENTED_EDGE('',*,*,#3410,.T.);
#4665=ORIENTED_EDGE('',*,*,#3402,.F.);
#4666=ORIENTED_EDGE('',*,*,#3411,.T.);
#4667=ORIENTED_EDGE('',*,*,#3412,.F.);
#4668=ORIENTED_EDGE('',*,*,#3413,.F.);
#4669=ORIENTED_EDGE('',*,*,#3403,.F.);
#4670=ORIENTED_EDGE('',*,*,#3413,.T.);
#4671=ORIENTED_EDGE('',*,*,#3414,.T.);
#4672=ORIENTED_EDGE('',*,*,#3367,.F.);
#4673=ORIENTED_EDGE('',*,*,#3384,.F.);
#4674=ORIENTED_EDGE('',*,*,#3415,.F.);
#4675=ORIENTED_EDGE('',*,*,#3401,.F.);
#4676=ORIENTED_EDGE('',*,*,#3416,.T.);
#4677=ORIENTED_EDGE('',*,*,#3382,.T.);
#4678=ORIENTED_EDGE('',*,*,#3373,.F.);
#4679=ORIENTED_EDGE('',*,*,#3417,.F.);
#4680=ORIENTED_EDGE('',*,*,#3411,.F.);
#4681=ORIENTED_EDGE('',*,*,#3417,.T.);
#4682=ORIENTED_EDGE('',*,*,#3378,.T.);
#4683=ORIENTED_EDGE('',*,*,#3387,.T.);
#4684=ORIENTED_EDGE('',*,*,#3418,.T.);
#4685=ORIENTED_EDGE('',*,*,#3419,.T.);
#4686=ORIENTED_EDGE('',*,*,#3368,.T.);
#4687=ORIENTED_EDGE('',*,*,#3414,.F.);
#4688=ORIENTED_EDGE('',*,*,#3412,.T.);
#4689=ORIENTED_EDGE('',*,*,#3406,.F.);
#4690=ORIENTED_EDGE('',*,*,#3369,.T.);
#4691=ORIENTED_EDGE('',*,*,#3419,.F.);
#4692=ORIENTED_EDGE('',*,*,#3420,.F.);
#4693=ORIENTED_EDGE('',*,*,#3407,.F.);
#4694=ORIENTED_EDGE('',*,*,#3420,.T.);
#4695=ORIENTED_EDGE('',*,*,#3418,.F.);
#4696=ORIENTED_EDGE('',*,*,#3386,.F.);
#4697=ORIENTED_EDGE('',*,*,#3398,.F.);
#4698=ORIENTED_EDGE('',*,*,#3421,.T.);
#4699=ORIENTED_EDGE('',*,*,#3380,.T.);
#4700=ORIENTED_EDGE('',*,*,#3422,.F.);
#4701=ORIENTED_EDGE('',*,*,#3310,.T.);
#4702=ORIENTED_EDGE('',*,*,#3043,.T.);
#4703=ORIENTED_EDGE('',*,*,#3189,.F.);
#4704=ORIENTED_EDGE('',*,*,#2959,.T.);
#4705=ORIENTED_EDGE('',*,*,#3216,.F.);
#4706=ORIENTED_EDGE('',*,*,#3383,.T.);
#4707=ORIENTED_EDGE('',*,*,#3416,.F.);
#4708=ORIENTED_EDGE('',*,*,#3400,.F.);
#4709=ORIENTED_EDGE('',*,*,#3423,.F.);
#4710=ORIENTED_EDGE('',*,*,#3424,.T.);
#4711=ORIENTED_EDGE('',*,*,#3425,.T.);
#4712=ORIENTED_EDGE('',*,*,#3404,.F.);
#4713=ORIENTED_EDGE('',*,*,#3415,.T.);
#4714=ORIENTED_EDGE('',*,*,#3379,.T.);
#4715=ORIENTED_EDGE('',*,*,#3371,.F.);
#4716=ORIENTED_EDGE('',*,*,#3405,.F.);
#4717=ORIENTED_EDGE('',*,*,#3425,.F.);
#4718=ORIENTED_EDGE('',*,*,#3426,.T.);
#4719=ORIENTED_EDGE('',*,*,#3427,.T.);
#4720=ORIENTED_EDGE('',*,*,#3408,.F.);
#4721=ORIENTED_EDGE('',*,*,#3422,.T.);
#4722=ORIENTED_EDGE('',*,*,#3428,.T.);
#4723=ORIENTED_EDGE('',*,*,#3429,.T.);
#4724=ORIENTED_EDGE('',*,*,#3430,.F.);
#4725=ORIENTED_EDGE('',*,*,#3431,.F.);
#4726=ORIENTED_EDGE('',*,*,#3231,.F.);
#4727=ORIENTED_EDGE('',*,*,#3432,.T.);
#4728=ORIENTED_EDGE('',*,*,#3428,.F.);
#4729=ORIENTED_EDGE('',*,*,#3433,.F.);
#4730=ORIENTED_EDGE('',*,*,#3434,.F.);
#4731=ORIENTED_EDGE('',*,*,#3435,.T.);
#4732=ORIENTED_EDGE('',*,*,#3432,.F.);
#4733=ORIENTED_EDGE('',*,*,#3234,.F.);
#4734=ORIENTED_EDGE('',*,*,#3436,.T.);
#4735=ORIENTED_EDGE('',*,*,#3233,.F.);
#4736=ORIENTED_EDGE('',*,*,#3437,.T.);
#4737=ORIENTED_EDGE('',*,*,#3438,.F.);
#4738=ORIENTED_EDGE('',*,*,#3439,.F.);
#4739=ORIENTED_EDGE('',*,*,#3436,.F.);
#4740=ORIENTED_EDGE('',*,*,#3232,.F.);
#4741=ORIENTED_EDGE('',*,*,#3434,.T.);
#4742=ORIENTED_EDGE('',*,*,#3440,.F.);
#4743=ORIENTED_EDGE('',*,*,#3437,.F.);
#4744=ORIENTED_EDGE('',*,*,#3441,.T.);
#4745=ORIENTED_EDGE('',*,*,#3442,.T.);
#4746=ORIENTED_EDGE('',*,*,#3409,.F.);
#4747=ORIENTED_EDGE('',*,*,#3427,.F.);
#4748=ORIENTED_EDGE('',*,*,#3381,.T.);
#4749=ORIENTED_EDGE('',*,*,#3421,.F.);
#4750=ORIENTED_EDGE('',*,*,#3410,.F.);
#4751=ORIENTED_EDGE('',*,*,#3442,.F.);
#4752=ORIENTED_EDGE('',*,*,#3443,.T.);
#4753=ORIENTED_EDGE('',*,*,#3423,.T.);
#4754=ORIENTED_EDGE('',*,*,#3399,.F.);
#4755=ORIENTED_EDGE('',*,*,#3375,.T.);
#4756=ORIENTED_EDGE('',*,*,#3439,.T.);
#4757=ORIENTED_EDGE('',*,*,#3444,.F.);
#4758=ORIENTED_EDGE('',*,*,#3445,.F.);
#4759=ORIENTED_EDGE('',*,*,#3446,.T.);
#4760=ORIENTED_EDGE('',*,*,#3447,.F.);
#4761=ORIENTED_EDGE('',*,*,#3448,.T.);
#4762=ORIENTED_EDGE('',*,*,#3397,.F.);
#4763=ORIENTED_EDGE('',*,*,#3448,.F.);
#4764=ORIENTED_EDGE('',*,*,#3449,.F.);
#4765=ORIENTED_EDGE('',*,*,#3450,.T.);
#4766=ORIENTED_EDGE('',*,*,#3451,.T.);
#4767=ORIENTED_EDGE('',*,*,#3450,.F.);
#4768=ORIENTED_EDGE('',*,*,#3447,.T.);
#4769=ORIENTED_EDGE('',*,*,#3449,.T.);
#4770=ORIENTED_EDGE('',*,*,#3452,.T.);
#4771=ORIENTED_EDGE('',*,*,#3453,.T.);
#4772=ORIENTED_EDGE('',*,*,#3454,.T.);
#4773=ORIENTED_EDGE('',*,*,#2944,.T.);
#4774=ORIENTED_EDGE('',*,*,#3454,.F.);
#4775=ORIENTED_EDGE('',*,*,#3455,.F.);
#4776=ORIENTED_EDGE('',*,*,#3456,.F.);
#4777=ORIENTED_EDGE('',*,*,#3394,.F.);
#4778=ORIENTED_EDGE('',*,*,#3261,.F.);
#4779=ORIENTED_EDGE('',*,*,#2893,.F.);
#4780=ORIENTED_EDGE('',*,*,#3457,.F.);
#4781=ORIENTED_EDGE('',*,*,#2889,.F.);
#4782=ORIENTED_EDGE('',*,*,#2976,.F.);
#4783=ORIENTED_EDGE('',*,*,#3453,.F.);
#4784=ORIENTED_EDGE('',*,*,#3458,.T.);
#4785=ORIENTED_EDGE('',*,*,#3459,.T.);
#4786=ORIENTED_EDGE('',*,*,#3460,.T.);
#4787=ORIENTED_EDGE('',*,*,#3461,.T.);
#4788=ORIENTED_EDGE('',*,*,#3455,.T.);
#4789=ORIENTED_EDGE('',*,*,#3462,.T.);
#4790=ORIENTED_EDGE('',*,*,#3388,.F.);
#4791=ORIENTED_EDGE('',*,*,#3463,.T.);
#4792=ORIENTED_EDGE('',*,*,#3459,.F.);
#4793=ORIENTED_EDGE('',*,*,#3464,.F.);
#4794=ORIENTED_EDGE('',*,*,#3396,.F.);
#4795=ORIENTED_EDGE('',*,*,#3465,.T.);
#4796=ORIENTED_EDGE('',*,*,#3460,.F.);
#4797=ORIENTED_EDGE('',*,*,#3463,.F.);
#4798=ORIENTED_EDGE('',*,*,#3462,.F.);
#4799=ORIENTED_EDGE('',*,*,#3466,.T.);
#4800=ORIENTED_EDGE('',*,*,#3467,.T.);
#4801=ORIENTED_EDGE('',*,*,#3466,.F.);
#4802=ORIENTED_EDGE('',*,*,#3395,.F.);
#4803=ORIENTED_EDGE('',*,*,#3456,.T.);
#4804=ORIENTED_EDGE('',*,*,#3461,.F.);
#4805=ORIENTED_EDGE('',*,*,#3465,.F.);
#4806=ORIENTED_EDGE('',*,*,#3468,.T.);
#4807=ORIENTED_EDGE('',*,*,#3469,.T.);
#4808=ORIENTED_EDGE('',*,*,#3457,.T.);
#4809=ORIENTED_EDGE('',*,*,#3470,.T.);
#4810=ORIENTED_EDGE('',*,*,#3467,.F.);
#4811=ORIENTED_EDGE('',*,*,#3471,.F.);
#4812=ORIENTED_EDGE('',*,*,#3472,.T.);
#4813=ORIENTED_EDGE('',*,*,#3473,.F.);
#4814=ORIENTED_EDGE('',*,*,#2964,.F.);
#4815=ORIENTED_EDGE('',*,*,#3391,.F.);
#4816=ORIENTED_EDGE('',*,*,#3474,.F.);
#4817=ORIENTED_EDGE('',*,*,#3475,.T.);
#4818=ORIENTED_EDGE('',*,*,#3472,.F.);
#4819=ORIENTED_EDGE('',*,*,#3476,.T.);
#4820=ORIENTED_EDGE('',*,*,#3444,.T.);
#4821=ORIENTED_EDGE('',*,*,#3438,.T.);
#4822=ORIENTED_EDGE('',*,*,#3440,.T.);
#4823=ORIENTED_EDGE('',*,*,#3433,.T.);
#4824=ORIENTED_EDGE('',*,*,#3431,.T.);
#4825=ORIENTED_EDGE('',*,*,#3443,.F.);
#4826=ORIENTED_EDGE('',*,*,#3441,.F.);
#4827=ORIENTED_EDGE('',*,*,#3426,.F.);
#4828=ORIENTED_EDGE('',*,*,#3424,.F.);
#4829=ORIENTED_EDGE('',*,*,#3451,.F.);
#4830=ORIENTED_EDGE('',*,*,#3471,.T.);
#4831=ORIENTED_EDGE('',*,*,#3477,.F.);
#4832=ORIENTED_EDGE('',*,*,#3478,.T.);
#4833=ORIENTED_EDGE('',*,*,#3479,.T.);
#4834=ORIENTED_EDGE('',*,*,#3473,.T.);
#4835=ORIENTED_EDGE('',*,*,#3480,.T.);
#4836=ORIENTED_EDGE('',*,*,#3481,.T.);
#4837=ORIENTED_EDGE('',*,*,#2965,.F.);
#4838=ORIENTED_EDGE('',*,*,#3474,.T.);
#4839=ORIENTED_EDGE('',*,*,#3390,.T.);
#4840=ORIENTED_EDGE('',*,*,#3482,.T.);
#4841=ORIENTED_EDGE('',*,*,#3477,.T.);
#4842=ORIENTED_EDGE('',*,*,#3452,.F.);
#4843=ORIENTED_EDGE('',*,*,#2966,.F.);
#4844=ORIENTED_EDGE('',*,*,#3481,.F.);
#4845=ORIENTED_EDGE('',*,*,#3468,.F.);
#4846=ORIENTED_EDGE('',*,*,#3478,.F.);
#4847=ORIENTED_EDGE('',*,*,#3482,.F.);
#4848=ORIENTED_EDGE('',*,*,#3389,.F.);
#4849=ORIENTED_EDGE('',*,*,#3464,.T.);
#4850=ORIENTED_EDGE('',*,*,#3458,.F.);
#4851=ORIENTED_EDGE('',*,*,#3483,.F.);
#4852=ORIENTED_EDGE('',*,*,#3484,.F.);
#4853=ORIENTED_EDGE('',*,*,#3485,.F.);
#4854=ORIENTED_EDGE('',*,*,#3486,.F.);
#4855=ORIENTED_EDGE('',*,*,#3487,.F.);
#4856=ORIENTED_EDGE('',*,*,#2891,.F.);
#4857=ORIENTED_EDGE('',*,*,#3484,.T.);
#4858=ORIENTED_EDGE('',*,*,#3488,.F.);
#4859=ORIENTED_EDGE('',*,*,#3429,.F.);
#4860=ORIENTED_EDGE('',*,*,#3435,.F.);
#4861=ORIENTED_EDGE('',*,*,#3446,.F.);
#4862=ORIENTED_EDGE('',*,*,#3489,.F.);
#4863=ORIENTED_EDGE('',*,*,#3486,.T.);
#4864=ORIENTED_EDGE('',*,*,#3490,.F.);
#4865=ORIENTED_EDGE('',*,*,#3491,.F.);
#4866=ORIENTED_EDGE('',*,*,#3492,.F.);
#4867=ORIENTED_EDGE('',*,*,#3483,.T.);
#4868=ORIENTED_EDGE('',*,*,#2890,.F.);
#4869=ORIENTED_EDGE('',*,*,#3469,.F.);
#4870=ORIENTED_EDGE('',*,*,#3480,.F.);
#4871=ORIENTED_EDGE('',*,*,#3475,.F.);
#4872=ORIENTED_EDGE('',*,*,#3430,.T.);
#4873=ORIENTED_EDGE('',*,*,#3488,.T.);
#4874=ORIENTED_EDGE('',*,*,#3492,.T.);
#4875=ORIENTED_EDGE('',*,*,#3493,.F.);
#4876=ORIENTED_EDGE('',*,*,#3230,.F.);
#4877=ORIENTED_EDGE('',*,*,#3494,.T.);
#4878=ORIENTED_EDGE('',*,*,#3491,.T.);
#4879=ORIENTED_EDGE('',*,*,#3495,.F.);
#4880=ORIENTED_EDGE('',*,*,#3227,.F.);
#4881=ORIENTED_EDGE('',*,*,#3493,.T.);
#4882=ORIENTED_EDGE('',*,*,#3256,.F.);
#4883=ORIENTED_EDGE('',*,*,#3393,.T.);
#4884=ORIENTED_EDGE('',*,*,#3496,.T.);
#4885=ORIENTED_EDGE('',*,*,#3497,.F.);
#4886=ORIENTED_EDGE('',*,*,#2869,.F.);
#4887=ORIENTED_EDGE('',*,*,#2870,.F.);
#4888=ORIENTED_EDGE('',*,*,#3497,.T.);
#4889=ORIENTED_EDGE('',*,*,#3498,.T.);
#4890=ORIENTED_EDGE('',*,*,#3146,.F.);
#4891=ORIENTED_EDGE('',*,*,#2874,.F.);
#4892=ORIENTED_EDGE('',*,*,#3287,.F.);
#4893=ORIENTED_EDGE('',*,*,#3281,.F.);
#4894=ORIENTED_EDGE('',*,*,#3274,.F.);
#4895=ORIENTED_EDGE('',*,*,#3498,.F.);
#4896=ORIENTED_EDGE('',*,*,#3496,.F.);
#4897=ORIENTED_EDGE('',*,*,#3392,.F.);
#4898=ORIENTED_EDGE('',*,*,#3147,.F.);
#4899=ORIENTED_EDGE('',*,*,#3499,.F.);
#4900=ORIENTED_EDGE('',*,*,#3500,.F.);
#4901=ORIENTED_EDGE('',*,*,#3501,.F.);
#4902=ORIENTED_EDGE('',*,*,#3502,.F.);
#4903=ORIENTED_EDGE('',*,*,#3500,.T.);
#4904=ORIENTED_EDGE('',*,*,#3503,.F.);
#4905=ORIENTED_EDGE('',*,*,#3244,.F.);
#4906=ORIENTED_EDGE('',*,*,#3504,.T.);
#4907=ORIENTED_EDGE('',*,*,#3499,.T.);
#4908=ORIENTED_EDGE('',*,*,#3505,.F.);
#4909=ORIENTED_EDGE('',*,*,#3245,.F.);
#4910=ORIENTED_EDGE('',*,*,#3503,.T.);
#4911=ORIENTED_EDGE('',*,*,#3501,.T.);
#4912=ORIENTED_EDGE('',*,*,#3504,.F.);
#4913=ORIENTED_EDGE('',*,*,#3243,.F.);
#4914=ORIENTED_EDGE('',*,*,#3506,.T.);
#4915=ORIENTED_EDGE('',*,*,#3502,.T.);
#4916=ORIENTED_EDGE('',*,*,#3506,.F.);
#4917=ORIENTED_EDGE('',*,*,#3246,.F.);
#4918=ORIENTED_EDGE('',*,*,#3505,.T.);
#4919=ORIENTED_EDGE('',*,*,#3242,.F.);
#4920=ORIENTED_EDGE('',*,*,#3238,.F.);
#4921=ORIENTED_EDGE('',*,*,#3507,.T.);
#4922=ORIENTED_EDGE('',*,*,#2952,.F.);
#4923=ORIENTED_EDGE('',*,*,#2953,.F.);
#4924=ORIENTED_EDGE('',*,*,#3507,.F.);
#4925=ORIENTED_EDGE('',*,*,#3237,.F.);
#4926=ORIENTED_EDGE('',*,*,#3508,.F.);
#4927=ORIENTED_EDGE('',*,*,#3508,.T.);
#4928=ORIENTED_EDGE('',*,*,#3236,.F.);
#4929=ORIENTED_EDGE('',*,*,#3509,.F.);
#4930=ORIENTED_EDGE('',*,*,#2954,.F.);
#4931=ORIENTED_EDGE('',*,*,#3337,.T.);
#4932=ORIENTED_EDGE('',*,*,#3340,.T.);
#4933=ORIENTED_EDGE('',*,*,#3329,.T.);
#4934=ORIENTED_EDGE('',*,*,#3333,.T.);
#4935=ORIENTED_EDGE('',*,*,#3487,.T.);
#4936=ORIENTED_EDGE('',*,*,#3489,.T.);
#4937=ORIENTED_EDGE('',*,*,#3445,.T.);
#4938=ORIENTED_EDGE('',*,*,#3476,.F.);
#4939=ORIENTED_EDGE('',*,*,#3479,.F.);
#4940=ORIENTED_EDGE('',*,*,#3470,.F.);
#4941=ORIENTED_EDGE('',*,*,#2892,.F.);
#4942=ORIENTED_EDGE('',*,*,#3490,.T.);
#4943=ORIENTED_EDGE('',*,*,#3510,.F.);
#4944=ORIENTED_EDGE('',*,*,#3228,.F.);
#4945=ORIENTED_EDGE('',*,*,#3495,.T.);
#4946=ORIENTED_EDGE('',*,*,#3485,.T.);
#4947=ORIENTED_EDGE('',*,*,#3494,.F.);
#4948=ORIENTED_EDGE('',*,*,#3229,.F.);
#4949=ORIENTED_EDGE('',*,*,#3510,.T.);
#4950=ORIENTED_EDGE('',*,*,#3511,.F.);
#4951=ORIENTED_EDGE('',*,*,#2946,.T.);
#4952=ORIENTED_EDGE('',*,*,#2975,.F.);
#4953=ORIENTED_EDGE('',*,*,#3192,.F.);
#4954=ORIENTED_EDGE('',*,*,#2942,.F.);
#4955=ORIENTED_EDGE('',*,*,#3512,.F.);
#4956=ORIENTED_EDGE('',*,*,#3190,.T.);
#4957=ORIENTED_EDGE('',*,*,#2967,.F.);
#4958=ORIENTED_EDGE('',*,*,#3224,.F.);
#4959=ORIENTED_EDGE('',*,*,#2955,.F.);
#4960=ORIENTED_EDGE('',*,*,#3509,.T.);
#4961=ORIENTED_EDGE('',*,*,#3235,.F.);
#4962=ORIENTED_EDGE('',*,*,#3191,.T.);
#4963=ORIENTED_EDGE('',*,*,#3512,.T.);
#4964=ORIENTED_EDGE('',*,*,#2947,.T.);
#4965=ORIENTED_EDGE('',*,*,#3511,.T.);
#4966=ORIENTED_EDGE('',*,*,#3513,.F.);
#4967=ORIENTED_EDGE('',*,*,#3514,.T.);
#4968=ORIENTED_EDGE('',*,*,#3515,.F.);
#4969=ORIENTED_EDGE('',*,*,#3514,.F.);
#4970=ORIENTED_EDGE('',*,*,#3516,.T.);
#4971=ORIENTED_EDGE('',*,*,#3251,.T.);
#4972=ORIENTED_EDGE('',*,*,#3517,.F.);
#4973=ORIENTED_EDGE('',*,*,#3248,.F.);
#4974=ORIENTED_EDGE('',*,*,#3250,.T.);
#4975=ORIENTED_EDGE('',*,*,#3195,.F.);
#4976=ORIENTED_EDGE('',*,*,#3249,.T.);
#4977=ORIENTED_EDGE('',*,*,#3517,.T.);
#4978=ORIENTED_EDGE('',*,*,#3513,.T.);
#4979=ORIENTED_EDGE('',*,*,#3516,.F.);
#4980=ORIENTED_EDGE('',*,*,#3247,.T.);
#4981=ORIENTED_EDGE('',*,*,#3197,.F.);
#4982=ORIENTED_EDGE('',*,*,#3252,.T.);
#4983=ORIENTED_EDGE('',*,*,#3515,.T.);
#4984=ORIENTED_EDGE('',*,*,#3518,.T.);
#4985=ORIENTED_EDGE('',*,*,#3519,.T.);
#4986=ORIENTED_EDGE('',*,*,#3520,.T.);
#4987=ORIENTED_EDGE('',*,*,#3521,.T.);
#4988=ORIENTED_EDGE('',*,*,#3522,.T.);
#4989=ORIENTED_EDGE('',*,*,#3523,.T.);
#4990=ORIENTED_EDGE('',*,*,#3524,.T.);
#4991=ORIENTED_EDGE('',*,*,#3525,.T.);
#4992=ORIENTED_EDGE('',*,*,#3526,.T.);
#4993=ORIENTED_EDGE('',*,*,#3527,.T.);
#4994=ORIENTED_EDGE('',*,*,#3528,.F.);
#4995=ORIENTED_EDGE('',*,*,#3529,.F.);
#4996=ORIENTED_EDGE('',*,*,#3530,.F.);
#4997=ORIENTED_EDGE('',*,*,#3531,.F.);
#4998=ORIENTED_EDGE('',*,*,#3532,.F.);
#4999=ORIENTED_EDGE('',*,*,#3533,.F.);
#5000=ORIENTED_EDGE('',*,*,#3534,.F.);
#5001=ORIENTED_EDGE('',*,*,#3535,.F.);
#5002=ORIENTED_EDGE('',*,*,#3536,.T.);
#5003=ORIENTED_EDGE('',*,*,#3537,.T.);
#5004=ORIENTED_EDGE('',*,*,#3538,.F.);
#5005=ORIENTED_EDGE('',*,*,#3539,.F.);
#5006=ORIENTED_EDGE('',*,*,#3540,.F.);
#5007=ORIENTED_EDGE('',*,*,#3541,.F.);
#5008=ORIENTED_EDGE('',*,*,#3542,.T.);
#5009=ORIENTED_EDGE('',*,*,#3543,.T.);
#5010=ORIENTED_EDGE('',*,*,#3544,.T.);
#5011=ORIENTED_EDGE('',*,*,#3545,.F.);
#5012=ORIENTED_EDGE('',*,*,#3546,.T.);
#5013=ORIENTED_EDGE('',*,*,#3547,.T.);
#5014=ORIENTED_EDGE('',*,*,#3548,.F.);
#5015=ORIENTED_EDGE('',*,*,#3549,.T.);
#5016=ORIENTED_EDGE('',*,*,#3550,.F.);
#5017=ORIENTED_EDGE('',*,*,#3551,.T.);
#5018=ORIENTED_EDGE('',*,*,#3552,.T.);
#5019=ORIENTED_EDGE('',*,*,#3553,.F.);
#5020=ORIENTED_EDGE('',*,*,#3554,.T.);
#5021=ORIENTED_EDGE('',*,*,#3555,.F.);
#5022=ORIENTED_EDGE('',*,*,#3556,.T.);
#5023=ORIENTED_EDGE('',*,*,#3557,.T.);
#5024=ORIENTED_EDGE('',*,*,#3558,.F.);
#5025=ORIENTED_EDGE('',*,*,#3559,.T.);
#5026=ORIENTED_EDGE('',*,*,#3560,.F.);
#5027=ORIENTED_EDGE('',*,*,#3561,.T.);
#5028=ORIENTED_EDGE('',*,*,#3562,.T.);
#5029=ORIENTED_EDGE('',*,*,#3563,.F.);
#5030=ORIENTED_EDGE('',*,*,#3564,.F.);
#5031=ORIENTED_EDGE('',*,*,#3565,.F.);
#5032=ORIENTED_EDGE('',*,*,#3566,.F.);
#5033=ORIENTED_EDGE('',*,*,#3567,.F.);
#5034=ORIENTED_EDGE('',*,*,#3568,.T.);
#5035=ORIENTED_EDGE('',*,*,#3569,.T.);
#5036=ORIENTED_EDGE('',*,*,#3570,.T.);
#5037=ORIENTED_EDGE('',*,*,#3571,.T.);
#5038=ORIENTED_EDGE('',*,*,#3572,.T.);
#5039=ORIENTED_EDGE('',*,*,#3573,.T.);
#5040=ORIENTED_EDGE('',*,*,#3574,.T.);
#5041=ORIENTED_EDGE('',*,*,#3575,.T.);
#5042=ORIENTED_EDGE('',*,*,#3576,.F.);
#5043=ORIENTED_EDGE('',*,*,#3577,.T.);
#5044=ORIENTED_EDGE('',*,*,#3578,.T.);
#5045=ORIENTED_EDGE('',*,*,#3579,.T.);
#5046=ORIENTED_EDGE('',*,*,#3580,.F.);
#5047=ORIENTED_EDGE('',*,*,#3581,.T.);
#5048=ORIENTED_EDGE('',*,*,#3582,.T.);
#5049=ORIENTED_EDGE('',*,*,#3583,.T.);
#5050=ORIENTED_EDGE('',*,*,#3584,.F.);
#5051=ORIENTED_EDGE('',*,*,#3585,.T.);
#5052=ORIENTED_EDGE('',*,*,#3586,.F.);
#5053=ORIENTED_EDGE('',*,*,#3587,.F.);
#5054=ORIENTED_EDGE('',*,*,#3588,.F.);
#5055=ORIENTED_EDGE('',*,*,#3531,.T.);
#5056=ORIENTED_EDGE('',*,*,#3589,.F.);
#5057=ORIENTED_EDGE('',*,*,#3545,.T.);
#5058=ORIENTED_EDGE('',*,*,#3590,.T.);
#5059=ORIENTED_EDGE('',*,*,#3585,.F.);
#5060=ORIENTED_EDGE('',*,*,#3591,.F.);
#5061=ORIENTED_EDGE('',*,*,#3532,.T.);
#5062=ORIENTED_EDGE('',*,*,#3592,.F.);
#5063=ORIENTED_EDGE('',*,*,#3593,.F.);
#5064=ORIENTED_EDGE('',*,*,#3594,.F.);
#5065=ORIENTED_EDGE('',*,*,#3595,.F.);
#5066=ORIENTED_EDGE('',*,*,#3596,.F.);
#5067=ORIENTED_EDGE('',*,*,#3535,.T.);
#5068=ORIENTED_EDGE('',*,*,#3597,.F.);
#5069=ORIENTED_EDGE('',*,*,#3560,.T.);
#5070=ORIENTED_EDGE('',*,*,#3598,.T.);
#5071=ORIENTED_EDGE('',*,*,#3599,.F.);
#5072=ORIENTED_EDGE('',*,*,#3600,.F.);
#5073=ORIENTED_EDGE('',*,*,#3538,.T.);
#5074=ORIENTED_EDGE('',*,*,#3601,.F.);
#5075=ORIENTED_EDGE('',*,*,#3602,.F.);
#5076=ORIENTED_EDGE('',*,*,#3603,.F.);
#5077=ORIENTED_EDGE('',*,*,#3604,.F.);
#5078=ORIENTED_EDGE('',*,*,#3605,.F.);
#5079=ORIENTED_EDGE('',*,*,#3541,.T.);
#5080=ORIENTED_EDGE('',*,*,#3606,.F.);
#5081=ORIENTED_EDGE('',*,*,#3555,.T.);
#5082=ORIENTED_EDGE('',*,*,#3607,.T.);
#5083=ORIENTED_EDGE('',*,*,#3581,.F.);
#5084=ORIENTED_EDGE('',*,*,#3608,.F.);
#5085=ORIENTED_EDGE('',*,*,#3564,.T.);
#5086=ORIENTED_EDGE('',*,*,#3609,.F.);
#5087=ORIENTED_EDGE('',*,*,#3610,.F.);
#5088=ORIENTED_EDGE('',*,*,#3611,.F.);
#5089=ORIENTED_EDGE('',*,*,#3612,.F.);
#5090=ORIENTED_EDGE('',*,*,#3613,.F.);
#5091=ORIENTED_EDGE('',*,*,#3567,.T.);
#5092=ORIENTED_EDGE('',*,*,#3614,.F.);
#5093=ORIENTED_EDGE('',*,*,#3550,.T.);
#5094=ORIENTED_EDGE('',*,*,#3615,.T.);
#5095=ORIENTED_EDGE('',*,*,#3577,.F.);
#5096=ORIENTED_EDGE('',*,*,#3616,.F.);
#5097=ORIENTED_EDGE('',*,*,#3617,.T.);
#5098=ORIENTED_EDGE('',*,*,#3618,.F.);
#5099=ORIENTED_EDGE('',*,*,#3612,.T.);
#5100=ORIENTED_EDGE('',*,*,#3619,.F.);
#5101=ORIENTED_EDGE('',*,*,#3610,.T.);
#5102=ORIENTED_EDGE('',*,*,#3620,.F.);
#5103=ORIENTED_EDGE('',*,*,#3604,.T.);
#5104=ORIENTED_EDGE('',*,*,#3621,.F.);
#5105=ORIENTED_EDGE('',*,*,#3602,.T.);
#5106=ORIENTED_EDGE('',*,*,#3622,.F.);
#5107=ORIENTED_EDGE('',*,*,#3595,.T.);
#5108=ORIENTED_EDGE('',*,*,#3623,.F.);
#5109=ORIENTED_EDGE('',*,*,#3593,.T.);
#5110=ORIENTED_EDGE('',*,*,#3624,.F.);
#5111=ORIENTED_EDGE('',*,*,#3587,.T.);
#5112=ORIENTED_EDGE('',*,*,#3625,.F.);
#5113=ORIENTED_EDGE('',*,*,#3528,.T.);
#5114=ORIENTED_EDGE('',*,*,#3626,.F.);
#5115=ORIENTED_EDGE('',*,*,#3617,.F.);
#5116=ORIENTED_EDGE('',*,*,#3627,.F.);
#5117=ORIENTED_EDGE('',*,*,#3583,.F.);
#5118=ORIENTED_EDGE('',*,*,#3628,.F.);
#5119=ORIENTED_EDGE('',*,*,#3563,.T.);
#5120=ORIENTED_EDGE('',*,*,#3629,.T.);
#5121=ORIENTED_EDGE('',*,*,#3519,.F.);
#5122=ORIENTED_EDGE('',*,*,#3630,.F.);
#5123=ORIENTED_EDGE('',*,*,#3573,.F.);
#5124=ORIENTED_EDGE('',*,*,#3628,.T.);
#5125=ORIENTED_EDGE('',*,*,#3582,.F.);
#5126=ORIENTED_EDGE('',*,*,#3590,.F.);
#5127=ORIENTED_EDGE('',*,*,#3544,.F.);
#5128=ORIENTED_EDGE('',*,*,#3631,.F.);
#5129=ORIENTED_EDGE('',*,*,#3632,.F.);
#5130=ORIENTED_EDGE('',*,*,#3633,.F.);
#5131=ORIENTED_EDGE('',*,*,#3558,.T.);
#5132=ORIENTED_EDGE('',*,*,#3629,.F.);
#5133=ORIENTED_EDGE('',*,*,#3572,.F.);
#5134=ORIENTED_EDGE('',*,*,#3634,.T.);
#5135=ORIENTED_EDGE('',*,*,#3520,.F.);
#5136=ORIENTED_EDGE('',*,*,#3559,.F.);
#5137=ORIENTED_EDGE('',*,*,#3633,.T.);
#5138=ORIENTED_EDGE('',*,*,#3635,.F.);
#5139=ORIENTED_EDGE('',*,*,#3598,.F.);
#5140=ORIENTED_EDGE('',*,*,#3634,.F.);
#5141=ORIENTED_EDGE('',*,*,#3571,.F.);
#5142=ORIENTED_EDGE('',*,*,#3636,.T.);
#5143=ORIENTED_EDGE('',*,*,#3521,.F.);
#5144=ORIENTED_EDGE('',*,*,#3554,.F.);
#5145=ORIENTED_EDGE('',*,*,#3637,.T.);
#5146=ORIENTED_EDGE('',*,*,#3578,.F.);
#5147=ORIENTED_EDGE('',*,*,#3607,.F.);
#5148=ORIENTED_EDGE('',*,*,#3638,.F.);
#5149=ORIENTED_EDGE('',*,*,#3579,.F.);
#5150=ORIENTED_EDGE('',*,*,#3637,.F.);
#5151=ORIENTED_EDGE('',*,*,#3553,.T.);
#5152=ORIENTED_EDGE('',*,*,#3630,.T.);
#5153=ORIENTED_EDGE('',*,*,#3518,.F.);
#5154=ORIENTED_EDGE('',*,*,#3636,.F.);
#5155=ORIENTED_EDGE('',*,*,#3570,.F.);
#5156=ORIENTED_EDGE('',*,*,#3639,.T.);
#5157=ORIENTED_EDGE('',*,*,#3574,.F.);
#5158=ORIENTED_EDGE('',*,*,#3615,.F.);
#5159=ORIENTED_EDGE('',*,*,#3549,.F.);
#5160=ORIENTED_EDGE('',*,*,#3640,.F.);
#5161=ORIENTED_EDGE('',*,*,#3575,.F.);
#5162=ORIENTED_EDGE('',*,*,#3639,.F.);
#5163=ORIENTED_EDGE('',*,*,#3548,.T.);
#5164=ORIENTED_EDGE('',*,*,#3635,.T.);
#5165=ORIENTED_EDGE('',*,*,#3632,.T.);
#5166=ORIENTED_EDGE('',*,*,#3641,.F.);
#5167=ORIENTED_EDGE('',*,*,#3599,.T.);
#5168=ORIENTED_EDGE('',*,*,#3589,.T.);
#5169=ORIENTED_EDGE('',*,*,#3584,.T.);
#5170=ORIENTED_EDGE('',*,*,#3627,.T.);
#5171=ORIENTED_EDGE('',*,*,#3562,.F.);
#5172=ORIENTED_EDGE('',*,*,#3642,.T.);
#5173=ORIENTED_EDGE('',*,*,#3643,.F.);
#5174=ORIENTED_EDGE('',*,*,#3644,.F.);
#5175=ORIENTED_EDGE('',*,*,#3546,.F.);
#5176=ORIENTED_EDGE('',*,*,#3597,.T.);
#5177=ORIENTED_EDGE('',*,*,#3641,.T.);
#5178=ORIENTED_EDGE('',*,*,#3631,.T.);
#5179=ORIENTED_EDGE('',*,*,#3557,.F.);
#5180=ORIENTED_EDGE('',*,*,#3645,.T.);
#5181=ORIENTED_EDGE('',*,*,#3646,.F.);
#5182=ORIENTED_EDGE('',*,*,#3642,.F.);
#5183=ORIENTED_EDGE('',*,*,#3561,.F.);
#5184=ORIENTED_EDGE('',*,*,#3606,.T.);
#5185=ORIENTED_EDGE('',*,*,#3580,.T.);
#5186=ORIENTED_EDGE('',*,*,#3638,.T.);
#5187=ORIENTED_EDGE('',*,*,#3552,.F.);
#5188=ORIENTED_EDGE('',*,*,#3647,.T.);
#5189=ORIENTED_EDGE('',*,*,#3648,.F.);
#5190=ORIENTED_EDGE('',*,*,#3645,.F.);
#5191=ORIENTED_EDGE('',*,*,#3556,.F.);
#5192=ORIENTED_EDGE('',*,*,#3614,.T.);
#5193=ORIENTED_EDGE('',*,*,#3576,.T.);
#5194=ORIENTED_EDGE('',*,*,#3640,.T.);
#5195=ORIENTED_EDGE('',*,*,#3547,.F.);
#5196=ORIENTED_EDGE('',*,*,#3644,.T.);
#5197=ORIENTED_EDGE('',*,*,#3649,.F.);
#5198=ORIENTED_EDGE('',*,*,#3647,.F.);
#5199=ORIENTED_EDGE('',*,*,#3551,.F.);
#5200=ORIENTED_EDGE('',*,*,#3603,.T.);
#5201=ORIENTED_EDGE('',*,*,#3540,.T.);
#5202=ORIENTED_EDGE('',*,*,#3650,.T.);
#5203=ORIENTED_EDGE('',*,*,#3651,.F.);
#5204=ORIENTED_EDGE('',*,*,#3652,.F.);
#5205=ORIENTED_EDGE('',*,*,#3565,.T.);
#5206=ORIENTED_EDGE('',*,*,#3608,.T.);
#5207=ORIENTED_EDGE('',*,*,#3619,.T.);
#5208=ORIENTED_EDGE('',*,*,#3611,.T.);
#5209=ORIENTED_EDGE('',*,*,#3566,.T.);
#5210=ORIENTED_EDGE('',*,*,#3652,.T.);
#5211=ORIENTED_EDGE('',*,*,#3653,.F.);
#5212=ORIENTED_EDGE('',*,*,#3654,.F.);
#5213=ORIENTED_EDGE('',*,*,#3529,.T.);
#5214=ORIENTED_EDGE('',*,*,#3625,.T.);
#5215=ORIENTED_EDGE('',*,*,#3616,.T.);
#5216=ORIENTED_EDGE('',*,*,#3586,.T.);
#5217=ORIENTED_EDGE('',*,*,#3530,.T.);
#5218=ORIENTED_EDGE('',*,*,#3654,.T.);
#5219=ORIENTED_EDGE('',*,*,#3655,.F.);
#5220=ORIENTED_EDGE('',*,*,#3656,.F.);
#5221=ORIENTED_EDGE('',*,*,#3533,.T.);
#5222=ORIENTED_EDGE('',*,*,#3591,.T.);
#5223=ORIENTED_EDGE('',*,*,#3623,.T.);
#5224=ORIENTED_EDGE('',*,*,#3594,.T.);
#5225=ORIENTED_EDGE('',*,*,#3534,.T.);
#5226=ORIENTED_EDGE('',*,*,#3656,.T.);
#5227=ORIENTED_EDGE('',*,*,#3657,.F.);
#5228=ORIENTED_EDGE('',*,*,#3650,.F.);
#5229=ORIENTED_EDGE('',*,*,#3539,.T.);
#5230=ORIENTED_EDGE('',*,*,#3600,.T.);
#5231=ORIENTED_EDGE('',*,*,#3621,.T.);
#5232=ORIENTED_EDGE('',*,*,#3657,.T.);
#5233=ORIENTED_EDGE('',*,*,#3655,.T.);
#5234=ORIENTED_EDGE('',*,*,#3653,.T.);
#5235=ORIENTED_EDGE('',*,*,#3651,.T.);
#5236=ORIENTED_EDGE('',*,*,#3648,.T.);
#5237=ORIENTED_EDGE('',*,*,#3649,.T.);
#5238=ORIENTED_EDGE('',*,*,#3643,.T.);
#5239=ORIENTED_EDGE('',*,*,#3646,.T.);
#5240=ORIENTED_EDGE('',*,*,#3601,.T.);
#5241=ORIENTED_EDGE('',*,*,#3543,.F.);
#5242=ORIENTED_EDGE('',*,*,#3658,.T.);
#5243=ORIENTED_EDGE('',*,*,#3659,.F.);
#5244=ORIENTED_EDGE('',*,*,#3660,.F.);
#5245=ORIENTED_EDGE('',*,*,#3536,.F.);
#5246=ORIENTED_EDGE('',*,*,#3596,.T.);
#5247=ORIENTED_EDGE('',*,*,#3622,.T.);
#5248=ORIENTED_EDGE('',*,*,#3592,.T.);
#5249=ORIENTED_EDGE('',*,*,#3537,.F.);
#5250=ORIENTED_EDGE('',*,*,#3660,.T.);
#5251=ORIENTED_EDGE('',*,*,#3661,.F.);
#5252=ORIENTED_EDGE('',*,*,#3662,.F.);
#5253=ORIENTED_EDGE('',*,*,#3526,.F.);
#5254=ORIENTED_EDGE('',*,*,#3588,.T.);
#5255=ORIENTED_EDGE('',*,*,#3624,.T.);
#5256=ORIENTED_EDGE('',*,*,#3626,.T.);
#5257=ORIENTED_EDGE('',*,*,#3527,.F.);
#5258=ORIENTED_EDGE('',*,*,#3662,.T.);
#5259=ORIENTED_EDGE('',*,*,#3663,.F.);
#5260=ORIENTED_EDGE('',*,*,#3664,.F.);
#5261=ORIENTED_EDGE('',*,*,#3568,.F.);
#5262=ORIENTED_EDGE('',*,*,#3613,.T.);
#5263=ORIENTED_EDGE('',*,*,#3618,.T.);
#5264=ORIENTED_EDGE('',*,*,#3609,.T.);
#5265=ORIENTED_EDGE('',*,*,#3569,.F.);
#5266=ORIENTED_EDGE('',*,*,#3664,.T.);
#5267=ORIENTED_EDGE('',*,*,#3665,.F.);
#5268=ORIENTED_EDGE('',*,*,#3658,.F.);
#5269=ORIENTED_EDGE('',*,*,#3542,.F.);
#5270=ORIENTED_EDGE('',*,*,#3605,.T.);
#5271=ORIENTED_EDGE('',*,*,#3620,.T.);
#5272=ORIENTED_EDGE('',*,*,#3523,.F.);
#5273=ORIENTED_EDGE('',*,*,#3666,.T.);
#5274=ORIENTED_EDGE('',*,*,#3667,.F.);
#5275=ORIENTED_EDGE('',*,*,#3668,.F.);
#5276=ORIENTED_EDGE('',*,*,#3524,.F.);
#5277=ORIENTED_EDGE('',*,*,#3668,.T.);
#5278=ORIENTED_EDGE('',*,*,#3669,.F.);
#5279=ORIENTED_EDGE('',*,*,#3670,.F.);
#5280=ORIENTED_EDGE('',*,*,#3525,.F.);
#5281=ORIENTED_EDGE('',*,*,#3670,.T.);
#5282=ORIENTED_EDGE('',*,*,#3671,.F.);
#5283=ORIENTED_EDGE('',*,*,#3672,.F.);
#5284=ORIENTED_EDGE('',*,*,#3522,.F.);
#5285=ORIENTED_EDGE('',*,*,#3672,.T.);
#5286=ORIENTED_EDGE('',*,*,#3673,.F.);
#5287=ORIENTED_EDGE('',*,*,#3666,.F.);
#5288=ORIENTED_EDGE('',*,*,#3673,.T.);
#5289=ORIENTED_EDGE('',*,*,#3671,.T.);
#5290=ORIENTED_EDGE('',*,*,#3669,.T.);
#5291=ORIENTED_EDGE('',*,*,#3667,.T.);
#5292=ORIENTED_EDGE('',*,*,#3665,.T.);
#5293=ORIENTED_EDGE('',*,*,#3663,.T.);
#5294=ORIENTED_EDGE('',*,*,#3661,.T.);
#5295=ORIENTED_EDGE('',*,*,#3659,.T.);
#5296=PLANE('',#5850);
#5297=PLANE('',#5851);
#5298=PLANE('',#5859);
#5299=PLANE('',#5860);
#5300=PLANE('',#5861);
#5301=PLANE('',#5862);
#5302=PLANE('',#5863);
#5303=PLANE('',#5864);
#5304=PLANE('',#5865);
#5305=PLANE('',#5866);
#5306=PLANE('',#5870);
#5307=PLANE('',#5875);
#5308=PLANE('',#5880);
#5309=PLANE('',#5885);
#5310=PLANE('',#5890);
#5311=PLANE('',#5892);
#5312=PLANE('',#5893);
#5313=PLANE('',#5898);
#5314=PLANE('',#5901);
#5315=PLANE('',#5904);
#5316=PLANE('',#5907);
#5317=PLANE('',#5910);
#5318=PLANE('',#5917);
#5319=PLANE('',#5924);
#5320=PLANE('',#5925);
#5321=PLANE('',#5926);
#5322=PLANE('',#5927);
#5323=PLANE('',#5928);
#5324=PLANE('',#5929);
#5325=PLANE('',#5930);
#5326=PLANE('',#5931);
#5327=PLANE('',#5932);
#5328=PLANE('',#5933);
#5329=PLANE('',#5944);
#5330=PLANE('',#5945);
#5331=PLANE('',#5946);
#5332=PLANE('',#5947);
#5333=PLANE('',#5948);
#5334=PLANE('',#5949);
#5335=PLANE('',#5950);
#5336=PLANE('',#5951);
#5337=PLANE('',#5952);
#5338=PLANE('',#5953);
#5339=PLANE('',#5954);
#5340=PLANE('',#5955);
#5341=PLANE('',#5956);
#5342=PLANE('',#5957);
#5343=PLANE('',#5958);
#5344=PLANE('',#5959);
#5345=PLANE('',#5970);
#5346=PLANE('',#5971);
#5347=PLANE('',#5972);
#5348=PLANE('',#5973);
#5349=PLANE('',#5974);
#5350=PLANE('',#5975);
#5351=PLANE('',#5976);
#5352=PLANE('',#5977);
#5353=PLANE('',#5978);
#5354=PLANE('',#5979);
#5355=PLANE('',#5980);
#5356=PLANE('',#5981);
#5357=PLANE('',#5982);
#5358=PLANE('',#5983);
#5359=PLANE('',#5984);
#5360=PLANE('',#5991);
#5361=PLANE('',#5992);
#5362=PLANE('',#5994);
#5363=PLANE('',#5995);
#5364=PLANE('',#5997);
#5365=PLANE('',#5998);
#5366=PLANE('',#6000);
#5367=PLANE('',#6001);
#5368=PLANE('',#6003);
#5369=PLANE('',#6004);
#5370=PLANE('',#6005);
#5371=PLANE('',#6006);
#5372=PLANE('',#6007);
#5373=PLANE('',#6013);
#5374=PLANE('',#6014);
#5375=PLANE('',#6020);
#5376=PLANE('',#6021);
#5377=PLANE('',#6024);
#5378=PLANE('',#6025);
#5379=PLANE('',#6028);
#5380=PLANE('',#6029);
#5381=PLANE('',#6030);
#5382=PLANE('',#6031);
#5383=PLANE('',#6032);
#5384=PLANE('',#6033);
#5385=PLANE('',#6034);
#5386=PLANE('',#6035);
#5387=PLANE('',#6036);
#5388=PLANE('',#6037);
#5389=PLANE('',#6038);
#5390=PLANE('',#6041);
#5391=PLANE('',#6044);
#5392=PLANE('',#6047);
#5393=PLANE('',#6048);
#5394=PLANE('',#6055);
#5395=PLANE('',#6056);
#5396=PLANE('',#6057);
#5397=PLANE('',#6058);
#5398=PLANE('',#6064);
#5399=PLANE('',#6070);
#5400=PLANE('',#6071);
#5401=PLANE('',#6077);
#5402=PLANE('',#6078);
#5403=PLANE('',#6084);
#5404=PLANE('',#6085);
#5405=PLANE('',#6091);
#5406=PLANE('',#6092);
#5407=PLANE('',#6093);
#5408=PLANE('',#6094);
#5409=PLANE('',#6095);
#5410=PLANE('',#6096);
#5411=PLANE('',#6097);
#5412=PLANE('',#6098);
#5413=PLANE('',#6099);
#5414=PLANE('',#6100);
#5415=PLANE('',#6101);
#5416=PLANE('',#6102);
#5417=PLANE('',#6103);
#5418=PLANE('',#6104);
#5419=PLANE('',#6105);
#5420=PLANE('',#6106);
#5421=PLANE('',#6107);
#5422=PLANE('',#6108);
#5423=PLANE('',#6109);
#5424=PLANE('',#6110);
#5425=PLANE('',#6111);
#5426=PLANE('',#6112);
#5427=PLANE('',#6113);
#5428=PLANE('',#6114);
#5429=PLANE('',#6115);
#5430=PLANE('',#6116);
#5431=PLANE('',#6117);
#5432=PLANE('',#6118);
#5433=PLANE('',#6119);
#5434=PLANE('',#6120);
#5435=PLANE('',#6121);
#5436=PLANE('',#6122);
#5437=PLANE('',#6125);
#5438=PLANE('',#6126);
#5439=PLANE('',#6127);
#5440=PLANE('',#6128);
#5441=PLANE('',#6129);
#5442=PLANE('',#6130);
#5443=PLANE('',#6131);
#5444=PLANE('',#6132);
#5445=PLANE('',#6133);
#5446=PLANE('',#6134);
#5447=PLANE('',#6135);
#5448=PLANE('',#6136);
#5449=PLANE('',#6137);
#5450=PLANE('',#6138);
#5451=PLANE('',#6139);
#5452=PLANE('',#6140);
#5453=PLANE('',#6141);
#5454=PLANE('',#6142);
#5455=PLANE('',#6148);
#5456=PLANE('',#6149);
#5457=PLANE('',#6150);
#5458=PLANE('',#6151);
#5459=PLANE('',#6154);
#5460=PLANE('',#6158);
#5461=PLANE('',#6159);
#5462=PLANE('',#6160);
#5463=PLANE('',#6161);
#5464=PLANE('',#6162);
#5465=PLANE('',#6163);
#5466=PLANE('',#6164);
#5467=PLANE('',#6165);
#5468=PLANE('',#6166);
#5469=PLANE('',#6167);
#5470=PLANE('',#6168);
#5471=PLANE('',#6169);
#5472=PLANE('',#6170);
#5473=PLANE('',#6171);
#5474=PLANE('',#6172);
#5475=PLANE('',#6173);
#5476=PLANE('',#6174);
#5477=PLANE('',#6175);
#5478=PLANE('',#6176);
#5479=PLANE('',#6177);
#5480=PLANE('',#6178);
#5481=PLANE('',#6179);
#5482=PLANE('',#6180);
#5483=PLANE('',#6181);
#5484=PLANE('',#6182);
#5485=PLANE('',#6183);
#5486=PLANE('',#6184);
#5487=PLANE('',#6185);
#5488=PLANE('',#6186);
#5489=PLANE('',#6193);
#5490=PLANE('',#6194);
#5491=PLANE('',#6195);
#5492=PLANE('',#6196);
#5493=PLANE('',#6197);
#5494=PLANE('',#6198);
#5495=PLANE('',#6199);
#5496=PLANE('',#6200);
#5497=PLANE('',#6201);
#5498=PLANE('',#6202);
#5499=PLANE('',#6203);
#5500=PLANE('',#6204);
#5501=PLANE('',#6205);
#5502=PLANE('',#6206);
#5503=PLANE('',#6207);
#5504=PLANE('',#6208);
#5505=PLANE('',#6209);
#5506=PLANE('',#6210);
#5507=PLANE('',#6211);
#5508=PLANE('',#6212);
#5509=PLANE('',#6213);
#5510=PLANE('',#6214);
#5511=PLANE('',#6215);
#5512=PLANE('',#6216);
#5513=PLANE('',#6217);
#5514=PLANE('',#6218);
#5515=PLANE('',#6219);
#5516=PLANE('',#6220);
#5517=PLANE('',#6221);
#5518=PLANE('',#6222);
#5519=PLANE('',#6223);
#5520=PLANE('',#6224);
#5521=PLANE('',#6225);
#5522=PLANE('',#6226);
#5523=PLANE('',#6227);
#5524=PLANE('',#6228);
#5525=PLANE('',#6229);
#5526=PLANE('',#6230);
#5527=PLANE('',#6231);
#5528=PLANE('',#6232);
#5529=PLANE('',#6233);
#5530=PLANE('',#6234);
#5531=PLANE('',#6235);
#5532=PLANE('',#6236);
#5533=PLANE('',#6237);
#5534=PLANE('',#6238);
#5535=PLANE('',#6239);
#5536=PLANE('',#6240);
#5537=PLANE('',#6241);
#5538=PLANE('',#6242);
#5539=PLANE('',#6243);
#5540=ADVANCED_FACE('',(#246),#5296,.T.);
#5541=ADVANCED_FACE('',(#247,#75,#76,#77,#78,#79,#80,#81),#5297,.T.);
#5542=ADVANCED_FACE('',(#248),#5298,.T.);
#5543=ADVANCED_FACE('',(#249),#5299,.T.);
#5544=ADVANCED_FACE('',(#250),#5300,.F.);
#5545=ADVANCED_FACE('',(#251),#5301,.T.);
#5546=ADVANCED_FACE('',(#252),#5302,.F.);
#5547=ADVANCED_FACE('',(#253),#5303,.F.);
#5548=ADVANCED_FACE('',(#254),#5304,.T.);
#5549=ADVANCED_FACE('',(#255),#5305,.F.);
#5550=ADVANCED_FACE('',(#256),#70,.T.);
#5551=ADVANCED_FACE('',(#257,#82),#5306,.T.);
#5552=ADVANCED_FACE('',(#258),#71,.T.);
#5553=ADVANCED_FACE('',(#259,#83),#5307,.T.);
#5554=ADVANCED_FACE('',(#260),#72,.T.);
#5555=ADVANCED_FACE('',(#261,#84),#5308,.T.);
#5556=ADVANCED_FACE('',(#262),#73,.T.);
#5557=ADVANCED_FACE('',(#263,#85),#5309,.T.);
#5558=ADVANCED_FACE('',(#264),#74,.T.);
#5559=ADVANCED_FACE('',(#265,#86),#5310,.T.);
#5560=ADVANCED_FACE('',(#266),#5311,.F.);
#5561=ADVANCED_FACE('',(#267,#87),#5312,.F.);
#5562=ADVANCED_FACE('',(#268),#25,.F.);
#5563=ADVANCED_FACE('',(#269,#88,#89,#90),#5313,.T.);
#5564=ADVANCED_FACE('',(#270),#26,.F.);
#5565=ADVANCED_FACE('',(#271,#91,#92,#93),#5314,.T.);
#5566=ADVANCED_FACE('',(#272),#27,.F.);
#5567=ADVANCED_FACE('',(#273),#5315,.T.);
#5568=ADVANCED_FACE('',(#274),#28,.F.);
#5569=ADVANCED_FACE('',(#275),#5316,.T.);
#5570=ADVANCED_FACE('',(#276),#29,.F.);
#5571=ADVANCED_FACE('',(#277),#5317,.T.);
#5572=ADVANCED_FACE('',(#278),#30,.T.);
#5573=ADVANCED_FACE('',(#279),#31,.F.);
#5574=ADVANCED_FACE('',(#280),#5318,.T.);
#5575=ADVANCED_FACE('',(#281),#32,.T.);
#5576=ADVANCED_FACE('',(#282),#33,.F.);
#5577=ADVANCED_FACE('',(#283),#5319,.T.);
#5578=ADVANCED_FACE('',(#284),#5320,.F.);
#5579=ADVANCED_FACE('',(#285),#5321,.F.);
#5580=ADVANCED_FACE('',(#286),#5322,.F.);
#5581=ADVANCED_FACE('',(#287),#5323,.F.);
#5582=ADVANCED_FACE('',(#288),#5324,.F.);
#5583=ADVANCED_FACE('',(#289),#5325,.F.);
#5584=ADVANCED_FACE('',(#290),#5326,.T.);
#5585=ADVANCED_FACE('',(#291),#5327,.T.);
#5586=ADVANCED_FACE('',(#292,#94,#95,#96,#97,#98,#99),#5328,.T.);
#5587=ADVANCED_FACE('',(#293),#5329,.T.);
#5588=ADVANCED_FACE('',(#294),#5330,.T.);
#5589=ADVANCED_FACE('',(#295),#5331,.T.);
#5590=ADVANCED_FACE('',(#296),#5332,.T.);
#5591=ADVANCED_FACE('',(#297),#5333,.T.);
#5592=ADVANCED_FACE('',(#298),#5334,.T.);
#5593=ADVANCED_FACE('',(#299),#5335,.T.);
#5594=ADVANCED_FACE('',(#300),#5336,.F.);
#5595=ADVANCED_FACE('',(#301),#5337,.F.);
#5596=ADVANCED_FACE('',(#302),#5338,.T.);
#5597=ADVANCED_FACE('',(#303),#5339,.T.);
#5598=ADVANCED_FACE('',(#304),#5340,.T.);
#5599=ADVANCED_FACE('',(#305),#5341,.T.);
#5600=ADVANCED_FACE('',(#306),#5342,.T.);
#5601=ADVANCED_FACE('',(#307),#5343,.T.);
#5602=ADVANCED_FACE('',(#308,#100,#101,#102,#103,#104),#5344,.F.);
#5603=ADVANCED_FACE('',(#309),#5345,.F.);
#5604=ADVANCED_FACE('',(#310),#5346,.T.);
#5605=ADVANCED_FACE('',(#311),#5347,.T.);
#5606=ADVANCED_FACE('',(#312),#5348,.T.);
#5607=ADVANCED_FACE('',(#313),#5349,.T.);
#5608=ADVANCED_FACE('',(#314),#5350,.T.);
#5609=ADVANCED_FACE('',(#315),#5351,.T.);
#5610=ADVANCED_FACE('',(#316),#5352,.T.);
#5611=ADVANCED_FACE('',(#317),#5353,.T.);
#5612=ADVANCED_FACE('',(#318),#5354,.T.);
#5613=ADVANCED_FACE('',(#319),#5355,.T.);
#5614=ADVANCED_FACE('',(#320),#5356,.T.);
#5615=ADVANCED_FACE('',(#321),#5357,.T.);
#5616=ADVANCED_FACE('',(#322),#5358,.T.);
#5617=ADVANCED_FACE('',(#323),#5359,.T.);
#5618=ADVANCED_FACE('',(#324),#34,.F.);
#5619=ADVANCED_FACE('',(#325),#35,.F.);
#5620=ADVANCED_FACE('',(#326),#36,.F.);
#5621=ADVANCED_FACE('',(#327),#37,.F.);
#5622=ADVANCED_FACE('',(#328),#38,.F.);
#5623=ADVANCED_FACE('',(#329),#39,.T.);
#5624=ADVANCED_FACE('',(#330),#5360,.T.);
#5625=ADVANCED_FACE('',(#331),#5361,.T.);
#5626=ADVANCED_FACE('',(#332),#40,.T.);
#5627=ADVANCED_FACE('',(#333),#5362,.T.);
#5628=ADVANCED_FACE('',(#334),#5363,.T.);
#5629=ADVANCED_FACE('',(#335),#41,.T.);
#5630=ADVANCED_FACE('',(#336),#5364,.T.);
#5631=ADVANCED_FACE('',(#337),#5365,.T.);
#5632=ADVANCED_FACE('',(#338),#42,.T.);
#5633=ADVANCED_FACE('',(#339),#5366,.T.);
#5634=ADVANCED_FACE('',(#340),#5367,.T.);
#5635=ADVANCED_FACE('',(#341),#43,.T.);
#5636=ADVANCED_FACE('',(#342),#5368,.T.);
#5637=ADVANCED_FACE('',(#343),#5369,.T.);
#5638=ADVANCED_FACE('',(#344),#5370,.T.);
#5639=ADVANCED_FACE('',(#345,#105,#106),#5371,.T.);
#5640=ADVANCED_FACE('',(#346),#5372,.T.);
#5641=ADVANCED_FACE('',(#347),#44,.F.);
#5642=ADVANCED_FACE('',(#348),#45,.T.);
#5643=ADVANCED_FACE('',(#349,#107),#5373,.T.);
#5644=ADVANCED_FACE('',(#350),#5374,.T.);
#5645=ADVANCED_FACE('',(#351),#46,.F.);
#5646=ADVANCED_FACE('',(#352),#47,.T.);
#5647=ADVANCED_FACE('',(#353,#108),#5375,.T.);
#5648=ADVANCED_FACE('',(#354),#5376,.T.);
#5649=ADVANCED_FACE('',(#355),#48,.T.);
#5650=ADVANCED_FACE('',(#356,#109,#110),#5377,.T.);
#5651=ADVANCED_FACE('',(#357,#111),#5378,.T.);
#5652=ADVANCED_FACE('',(#358),#49,.T.);
#5653=ADVANCED_FACE('',(#359,#112),#5379,.T.);
#5654=ADVANCED_FACE('',(#360),#5380,.T.);
#5655=ADVANCED_FACE('',(#361),#5381,.T.);
#5656=ADVANCED_FACE('',(#362),#5382,.T.);
#5657=ADVANCED_FACE('',(#363),#5383,.T.);
#5658=ADVANCED_FACE('',(#364),#5384,.T.);
#5659=ADVANCED_FACE('',(#365),#5385,.T.);
#5660=ADVANCED_FACE('',(#366),#5386,.T.);
#5661=ADVANCED_FACE('',(#367),#5387,.T.);
#5662=ADVANCED_FACE('',(#368),#5388,.T.);
#5663=ADVANCED_FACE('',(#369,#113),#5389,.T.);
#5664=ADVANCED_FACE('',(#370),#5390,.T.);
#5665=ADVANCED_FACE('',(#371),#50,.F.);
#5666=ADVANCED_FACE('',(#372),#5391,.T.);
#5667=ADVANCED_FACE('',(#373),#51,.T.);
#5668=ADVANCED_FACE('',(#374,#114),#5392,.F.);
#5669=ADVANCED_FACE('',(#375,#115),#5393,.F.);
#5670=ADVANCED_FACE('',(#376),#52,.F.);
#5671=ADVANCED_FACE('',(#377),#53,.T.);
#5672=ADVANCED_FACE('',(#378),#5394,.T.);
#5673=ADVANCED_FACE('',(#379),#5395,.T.);
#5674=ADVANCED_FACE('',(#380,#116),#5396,.T.);
#5675=ADVANCED_FACE('',(#381),#5397,.T.);
#5676=ADVANCED_FACE('',(#382),#54,.F.);
#5677=ADVANCED_FACE('',(#383),#55,.T.);
#5678=ADVANCED_FACE('',(#384,#117),#5398,.T.);
#5679=ADVANCED_FACE('',(#385),#56,.F.);
#5680=ADVANCED_FACE('',(#386),#57,.T.);
#5681=ADVANCED_FACE('',(#387,#118),#5399,.T.);
#5682=ADVANCED_FACE('',(#388),#5400,.T.);
#5683=ADVANCED_FACE('',(#389),#58,.F.);
#5684=ADVANCED_FACE('',(#390),#59,.T.);
#5685=ADVANCED_FACE('',(#391,#119),#5401,.T.);
#5686=ADVANCED_FACE('',(#392),#5402,.T.);
#5687=ADVANCED_FACE('',(#393),#60,.F.);
#5688=ADVANCED_FACE('',(#394),#61,.T.);
#5689=ADVANCED_FACE('',(#395,#120),#5403,.T.);
#5690=ADVANCED_FACE('',(#396),#5404,.T.);
#5691=ADVANCED_FACE('',(#397),#62,.F.);
#5692=ADVANCED_FACE('',(#398),#63,.T.);
#5693=ADVANCED_FACE('',(#399,#121),#5405,.T.);
#5694=ADVANCED_FACE('',(#400),#5406,.T.);
#5695=ADVANCED_FACE('',(#401),#5407,.T.);
#5696=ADVANCED_FACE('',(#402),#5408,.F.);
#5697=ADVANCED_FACE('',(#403),#5409,.T.);
#5698=ADVANCED_FACE('',(#404),#5410,.F.);
#5699=ADVANCED_FACE('',(#405),#5411,.F.);
#5700=ADVANCED_FACE('',(#406),#5412,.F.);
#5701=ADVANCED_FACE('',(#407),#5413,.T.);
#5702=ADVANCED_FACE('',(#408),#5414,.T.);
#5703=ADVANCED_FACE('',(#409),#5415,.F.);
#5704=ADVANCED_FACE('',(#410),#5416,.F.);
#5705=ADVANCED_FACE('',(#411),#5417,.F.);
#5706=ADVANCED_FACE('',(#412),#5418,.F.);
#5707=ADVANCED_FACE('',(#413),#5419,.F.);
#5708=ADVANCED_FACE('',(#414),#5420,.F.);
#5709=ADVANCED_FACE('',(#415),#5421,.F.);
#5710=ADVANCED_FACE('',(#416),#5422,.F.);
#5711=ADVANCED_FACE('',(#417),#5423,.F.);
#5712=ADVANCED_FACE('',(#418),#5424,.F.);
#5713=ADVANCED_FACE('',(#419),#5425,.F.);
#5714=ADVANCED_FACE('',(#420),#5426,.F.);
#5715=ADVANCED_FACE('',(#421),#5427,.F.);
#5716=ADVANCED_FACE('',(#422),#5428,.F.);
#5717=ADVANCED_FACE('',(#423),#5429,.F.);
#5718=ADVANCED_FACE('',(#424),#5430,.F.);
#5719=ADVANCED_FACE('',(#425,#122),#5431,.F.);
#5720=ADVANCED_FACE('',(#426),#5432,.T.);
#5721=ADVANCED_FACE('',(#427),#5433,.T.);
#5722=ADVANCED_FACE('',(#428),#5434,.T.);
#5723=ADVANCED_FACE('',(#429),#5435,.T.);
#5724=ADVANCED_FACE('',(#430,#123,#124),#5436,.F.);
#5725=ADVANCED_FACE('',(#431),#5437,.T.);
#5726=ADVANCED_FACE('',(#432),#5438,.T.);
#5727=ADVANCED_FACE('',(#433),#5439,.T.);
#5728=ADVANCED_FACE('',(#434),#5440,.T.);
#5729=ADVANCED_FACE('',(#435),#5441,.T.);
#5730=ADVANCED_FACE('',(#436),#5442,.T.);
#5731=ADVANCED_FACE('',(#437),#5443,.T.);
#5732=ADVANCED_FACE('',(#438),#5444,.T.);
#5733=ADVANCED_FACE('',(#439),#5445,.T.);
#5734=ADVANCED_FACE('',(#440),#5446,.T.);
#5735=ADVANCED_FACE('',(#441),#5447,.F.);
#5736=ADVANCED_FACE('',(#442),#5448,.F.);
#5737=ADVANCED_FACE('',(#443),#5449,.F.);
#5738=ADVANCED_FACE('',(#444),#5450,.F.);
#5739=ADVANCED_FACE('',(#445),#5451,.F.);
#5740=ADVANCED_FACE('',(#446),#5452,.T.);
#5741=ADVANCED_FACE('',(#447),#5453,.T.);
#5742=ADVANCED_FACE('',(#448),#5454,.F.);
#5743=ADVANCED_FACE('',(#449),#64,.T.);
#5744=ADVANCED_FACE('',(#450),#65,.F.);
#5745=ADVANCED_FACE('',(#451,#125),#5455,.T.);
#5746=ADVANCED_FACE('',(#452),#5456,.T.);
#5747=ADVANCED_FACE('',(#453),#5457,.T.);
#5748=ADVANCED_FACE('',(#454,#126),#5458,.T.);
#5749=ADVANCED_FACE('',(#455),#5459,.T.);
#5750=ADVANCED_FACE('',(#456),#66,.T.);
#5751=ADVANCED_FACE('',(#457),#67,.F.);
#5752=ADVANCED_FACE('',(#458),#5460,.T.);
#5753=ADVANCED_FACE('',(#459,#127),#5461,.F.);
#5754=ADVANCED_FACE('',(#460),#5462,.T.);
#5755=ADVANCED_FACE('',(#461,#128,#129),#5463,.F.);
#5756=ADVANCED_FACE('',(#462),#5464,.T.);
#5757=ADVANCED_FACE('',(#463),#5465,.T.);
#5758=ADVANCED_FACE('',(#464),#5466,.T.);
#5759=ADVANCED_FACE('',(#465),#5467,.T.);
#5760=ADVANCED_FACE('',(#466),#5468,.T.);
#5761=ADVANCED_FACE('',(#467),#5469,.F.);
#5762=ADVANCED_FACE('',(#468),#5470,.F.);
#5763=ADVANCED_FACE('',(#469),#5471,.F.);
#5764=ADVANCED_FACE('',(#470),#5472,.F.);
#5765=ADVANCED_FACE('',(#471),#5473,.F.);
#5766=ADVANCED_FACE('',(#472),#5474,.F.);
#5767=ADVANCED_FACE('',(#473,#130),#5475,.F.);
#5768=ADVANCED_FACE('',(#474),#5476,.F.);
#5769=ADVANCED_FACE('',(#475),#5477,.F.);
#5770=ADVANCED_FACE('',(#476),#5478,.F.);
#5771=ADVANCED_FACE('',(#477),#5479,.F.);
#5772=ADVANCED_FACE('',(#478),#5480,.F.);
#5773=ADVANCED_FACE('',(#479),#5481,.F.);
#5774=ADVANCED_FACE('',(#480,#131),#5482,.T.);
#5775=ADVANCED_FACE('',(#481),#5483,.F.);
#5776=ADVANCED_FACE('',(#482),#5484,.F.);
#5777=ADVANCED_FACE('',(#483),#5485,.F.);
#5778=ADVANCED_FACE('',(#484),#5486,.F.);
#5779=ADVANCED_FACE('',(#485),#5487,.F.);
#5780=ADVANCED_FACE('',(#486,#132),#5488,.T.);
#5781=ADVANCED_FACE('',(#487),#68,.F.);
#5782=ADVANCED_FACE('',(#488),#69,.T.);
#5783=ADVANCED_FACE('',(#489,#133),#5489,.T.);
#5784=ADVANCED_FACE('',(#490,#134),#5490,.F.);
#5785=ADVANCED_FACE('',(#491),#5491,.T.);
#5786=ADVANCED_FACE('',(#492,#135,#136,#137,#138,#139),#5492,.T.);
#5787=ADVANCED_FACE('',(#493),#5493,.T.);
#5788=ADVANCED_FACE('',(#494),#5494,.T.);
#5789=ADVANCED_FACE('',(#495),#5495,.T.);
#5790=ADVANCED_FACE('',(#496),#5496,.T.);
#5791=ADVANCED_FACE('',(#497),#5497,.T.);
#5792=ADVANCED_FACE('',(#498),#5498,.T.);
#5793=ADVANCED_FACE('',(#499),#5499,.T.);
#5794=ADVANCED_FACE('',(#500),#5500,.T.);
#5795=ADVANCED_FACE('',(#501),#5501,.T.);
#5796=ADVANCED_FACE('',(#502),#5502,.T.);
#5797=ADVANCED_FACE('',(#503),#5503,.T.);
#5798=ADVANCED_FACE('',(#504),#5504,.T.);
#5799=ADVANCED_FACE('',(#505),#5505,.T.);
#5800=ADVANCED_FACE('',(#506),#5506,.T.);
#5801=ADVANCED_FACE('',(#507),#5507,.T.);
#5802=ADVANCED_FACE('',(#508),#5508,.T.);
#5803=ADVANCED_FACE('',(#509),#5509,.T.);
#5804=ADVANCED_FACE('',(#510),#5510,.T.);
#5805=ADVANCED_FACE('',(#511),#5511,.T.);
#5806=ADVANCED_FACE('',(#512),#5512,.T.);
#5807=ADVANCED_FACE('',(#513),#5513,.T.);
#5808=ADVANCED_FACE('',(#514,#140),#5514,.T.);
#5809=ADVANCED_FACE('',(#515),#5515,.T.);
#5810=ADVANCED_FACE('',(#516,#141),#5516,.T.);
#5811=ADVANCED_FACE('',(#517,#142),#5517,.T.);
#5812=ADVANCED_FACE('',(#518),#5518,.T.);
#5813=ADVANCED_FACE('',(#519,#143),#5519,.T.);
#5814=ADVANCED_FACE('',(#520),#5520,.T.);
#5815=ADVANCED_FACE('',(#521),#5521,.T.);
#5816=ADVANCED_FACE('',(#522),#5522,.T.);
#5817=ADVANCED_FACE('',(#523),#5523,.T.);
#5818=ADVANCED_FACE('',(#524),#5524,.T.);
#5819=ADVANCED_FACE('',(#525),#5525,.T.);
#5820=ADVANCED_FACE('',(#526),#5526,.T.);
#5821=ADVANCED_FACE('',(#527),#5527,.T.);
#5822=ADVANCED_FACE('',(#528),#5528,.T.);
#5823=ADVANCED_FACE('',(#529),#5529,.T.);
#5824=ADVANCED_FACE('',(#530,#144),#5530,.T.);
#5825=ADVANCED_FACE('',(#531),#5531,.T.);
#5826=ADVANCED_FACE('',(#532),#5532,.T.);
#5827=ADVANCED_FACE('',(#533),#5533,.T.);
#5828=ADVANCED_FACE('',(#534),#5534,.T.);
#5829=ADVANCED_FACE('',(#535),#5535,.T.);
#5830=ADVANCED_FACE('',(#536),#5536,.T.);
#5831=ADVANCED_FACE('',(#537),#5537,.T.);
#5832=ADVANCED_FACE('',(#538),#5538,.T.);
#5833=ADVANCED_FACE('',(#539,#145),#5539,.T.);
#5834=CLOSED_SHELL('',(#5540,#5541,#5542,#5543,#5544,#5545,#5546,#5547,
#5548,#5549,#5550,#5551,#5552,#5553,#5554,#5555,#5556,#5557,#5558,#5559,
#5560,#5561,#5562,#5563,#5564,#5565,#5566,#5567,#5568,#5569,#5570,#5571,
#5572,#5573,#5574,#5575,#5576,#5577,#5578,#5579,#5580,#5581,#5582,#5583,
#5584,#5585,#5586,#5587,#5588,#5589,#5590,#5591,#5592,#5593,#5594,#5595,
#5596,#5597,#5598,#5599,#5600,#5601,#5602,#5603,#5604,#5605,#5606,#5607,
#5608,#5609,#5610,#5611,#5612,#5613,#5614,#5615,#5616,#5617,#5618,#5619,
#5620,#5621,#5622,#5623,#5624,#5625,#5626,#5627,#5628,#5629,#5630,#5631,
#5632,#5633,#5634,#5635,#5636,#5637,#5638,#5639,#5640,#5641,#5642,#5643,
#5644,#5645,#5646,#5647,#5648,#5649,#5650,#5651,#5652,#5653,#5654,#5655,
#5656,#5657,#5658,#5659,#5660,#5661,#5662,#5663,#5664,#5665,#5666,#5667,
#5668,#5669,#5670,#5671,#5672,#5673,#5674,#5675,#5676,#5677,#5678,#5679,
#5680,#5681,#5682,#5683,#5684,#5685,#5686,#5687,#5688,#5689,#5690,#5691,
#5692,#5693,#5694,#5695,#5696,#5697,#5698,#5699,#5700,#5701,#5702,#5703,
#5704,#5705,#5706,#5707,#5708,#5709,#5710,#5711,#5712,#5713,#5714,#5715,
#5716,#5717,#5718,#5719,#5720,#5721,#5722,#5723,#5724,#5725,#5726,#5727,
#5728,#5729,#5730,#5731,#5732,#5733,#5734,#5735,#5736,#5737,#5738,#5739,
#5740,#5741,#5742,#5743,#5744,#5745,#5746,#5747,#5748,#5749,#5750,#5751,
#5752,#5753,#5754,#5755,#5756,#5757,#5758,#5759,#5760,#5761,#5762,#5763,
#5764,#5765,#5766,#5767,#5768,#5769,#5770,#5771,#5772,#5773,#5774,#5775,
#5776,#5777,#5778,#5779,#5780,#5781,#5782,#5783,#5784));
#5835=CLOSED_SHELL('',(#5785,#5786,#5787,#5788,#5789,#5790,#5791,#5792,
#5793,#5794,#5795,#5796,#5797,#5798,#5799,#5800,#5801,#5802,#5803,#5804,
#5805,#5806,#5807,#5808,#5809,#5810,#5811,#5812,#5813,#5814,#5815,#5816,
#5817,#5818,#5819,#5820,#5821,#5822,#5823,#5824,#5825,#5826,#5827,#5828,
#5829,#5830,#5831,#5832,#5833));
#5836=DERIVED_UNIT_ELEMENT(#5838,1.);
#5837=DERIVED_UNIT_ELEMENT(#9405,-3.);
#5838=(
MASS_UNIT()
NAMED_UNIT(*)
SI_UNIT(.KILO.,.GRAM.)
);
#5839=DERIVED_UNIT((#5836,#5837));
#5840=MEASURE_REPRESENTATION_ITEM('density measure',
POSITIVE_RATIO_MEASURE(7850.),#5839);
#5841=PROPERTY_DEFINITION_REPRESENTATION(#5846,#5843);
#5842=PROPERTY_DEFINITION_REPRESENTATION(#5847,#5844);
#5843=REPRESENTATION('material name',(#5845),#9402);
#5844=REPRESENTATION('density',(#5840),#9402);
#5845=DESCRIPTIVE_REPRESENTATION_ITEM('Steel','Steel');
#5846=PROPERTY_DEFINITION('material property','material name',#9417);
#5847=PROPERTY_DEFINITION('material property','density of part',#9417);
#5848=AXIS2_PLACEMENT_3D('',#7753,#6246,#6247);
#5849=AXIS2_PLACEMENT_3D('',#7754,#6248,#6249);
#5850=AXIS2_PLACEMENT_3D('',#7755,#6250,#6251);
#5851=AXIS2_PLACEMENT_3D('',#7764,#6256,#6257);
#5852=AXIS2_PLACEMENT_3D('',#7789,#6270,#6271);
#5853=AXIS2_PLACEMENT_3D('',#7791,#6272,#6273);
#5854=AXIS2_PLACEMENT_3D('',#7793,#6274,#6275);
#5855=AXIS2_PLACEMENT_3D('',#7795,#6276,#6277);
#5856=AXIS2_PLACEMENT_3D('',#7797,#6278,#6279);
#5857=AXIS2_PLACEMENT_3D('',#7799,#6280,#6281);
#5858=AXIS2_PLACEMENT_3D('',#7801,#6282,#6283);
#5859=AXIS2_PLACEMENT_3D('',#7802,#6284,#6285);
#5860=AXIS2_PLACEMENT_3D('',#7823,#6296,#6297);
#5861=AXIS2_PLACEMENT_3D('',#7827,#6300,#6301);
#5862=AXIS2_PLACEMENT_3D('',#7836,#6306,#6307);
#5863=AXIS2_PLACEMENT_3D('',#7842,#6311,#6312);
#5864=AXIS2_PLACEMENT_3D('',#7852,#6318,#6319);
#5865=AXIS2_PLACEMENT_3D('',#7861,#6324,#6325);
#5866=AXIS2_PLACEMENT_3D('',#7867,#6329,#6330);
#5867=AXIS2_PLACEMENT_3D('',#7877,#6336,#6337);
#5868=AXIS2_PLACEMENT_3D('',#7879,#6338,#6339);
#5869=AXIS2_PLACEMENT_3D('',#7882,#6341,#6342);
#5870=AXIS2_PLACEMENT_3D('',#7883,#6343,#6344);
#5871=AXIS2_PLACEMENT_3D('',#7885,#6345,#6346);
#5872=AXIS2_PLACEMENT_3D('',#7886,#6347,#6348);
#5873=AXIS2_PLACEMENT_3D('',#7888,#6349,#6350);
#5874=AXIS2_PLACEMENT_3D('',#7891,#6352,#6353);
#5875=AXIS2_PLACEMENT_3D('',#7892,#6354,#6355);
#5876=AXIS2_PLACEMENT_3D('',#7894,#6356,#6357);
#5877=AXIS2_PLACEMENT_3D('',#7895,#6358,#6359);
#5878=AXIS2_PLACEMENT_3D('',#7897,#6360,#6361);
#5879=AXIS2_PLACEMENT_3D('',#7900,#6363,#6364);
#5880=AXIS2_PLACEMENT_3D('',#7901,#6365,#6366);
#5881=AXIS2_PLACEMENT_3D('',#7903,#6367,#6368);
#5882=AXIS2_PLACEMENT_3D('',#7904,#6369,#6370);
#5883=AXIS2_PLACEMENT_3D('',#7906,#6371,#6372);
#5884=AXIS2_PLACEMENT_3D('',#7909,#6374,#6375);
#5885=AXIS2_PLACEMENT_3D('',#7910,#6376,#6377);
#5886=AXIS2_PLACEMENT_3D('',#7912,#6378,#6379);
#5887=AXIS2_PLACEMENT_3D('',#7913,#6380,#6381);
#5888=AXIS2_PLACEMENT_3D('',#7915,#6382,#6383);
#5889=AXIS2_PLACEMENT_3D('',#7918,#6385,#6386);
#5890=AXIS2_PLACEMENT_3D('',#7919,#6387,#6388);
#5891=AXIS2_PLACEMENT_3D('',#7921,#6389,#6390);
#5892=AXIS2_PLACEMENT_3D('',#7922,#6391,#6392);
#5893=AXIS2_PLACEMENT_3D('',#7935,#6399,#6400);
#5894=AXIS2_PLACEMENT_3D('',#7938,#6401,#6402);
#5895=AXIS2_PLACEMENT_3D('',#7942,#6404,#6405);
#5896=AXIS2_PLACEMENT_3D('',#7960,#6415,#6416);
#5897=AXIS2_PLACEMENT_3D('',#7963,#6418,#6419);
#5898=AXIS2_PLACEMENT_3D('',#7964,#6420,#6421);
#5899=AXIS2_PLACEMENT_3D('',#7982,#6431,#6432);
#5900=AXIS2_PLACEMENT_3D('',#7985,#6434,#6435);
#5901=AXIS2_PLACEMENT_3D('',#7986,#6436,#6437);
#5902=AXIS2_PLACEMENT_3D('',#8006,#6449,#6450);
#5903=AXIS2_PLACEMENT_3D('',#8009,#6452,#6453);
#5904=AXIS2_PLACEMENT_3D('',#8010,#6454,#6455);
#5905=AXIS2_PLACEMENT_3D('',#8011,#6456,#6457);
#5906=AXIS2_PLACEMENT_3D('',#8014,#6459,#6460);
#5907=AXIS2_PLACEMENT_3D('',#8015,#6461,#6462);
#5908=AXIS2_PLACEMENT_3D('',#8016,#6463,#6464);
#5909=AXIS2_PLACEMENT_3D('',#8019,#6466,#6467);
#5910=AXIS2_PLACEMENT_3D('',#8020,#6468,#6469);
#5911=AXIS2_PLACEMENT_3D('',#8021,#6470,#6471);
#5912=AXIS2_PLACEMENT_3D('',#8026,#6473,#6474);
#5913=AXIS2_PLACEMENT_3D('',#8029,#6476,#6477);
#5914=AXIS2_PLACEMENT_3D('',#8030,#6478,#6479);
#5915=AXIS2_PLACEMENT_3D('',#8035,#6481,#6482);
#5916=AXIS2_PLACEMENT_3D('',#8038,#6484,#6485);
#5917=AXIS2_PLACEMENT_3D('',#8039,#6486,#6487);
#5918=AXIS2_PLACEMENT_3D('',#8053,#6495,#6496);
#5919=AXIS2_PLACEMENT_3D('',#8055,#6497,#6498);
#5920=AXIS2_PLACEMENT_3D('',#8058,#6500,#6501);
#5921=AXIS2_PLACEMENT_3D('',#8059,#6502,#6503);
#5922=AXIS2_PLACEMENT_3D('',#8064,#6505,#6506);
#5923=AXIS2_PLACEMENT_3D('',#8067,#6508,#6509);
#5924=AXIS2_PLACEMENT_3D('',#8068,#6510,#6511);
#5925=AXIS2_PLACEMENT_3D('',#8074,#6515,#6516);
#5926=AXIS2_PLACEMENT_3D('',#8083,#6521,#6522);
#5927=AXIS2_PLACEMENT_3D('',#8092,#6527,#6528);
#5928=AXIS2_PLACEMENT_3D('',#8095,#6531,#6532);
#5929=AXIS2_PLACEMENT_3D('',#8104,#6537,#6538);
#5930=AXIS2_PLACEMENT_3D('',#8113,#6543,#6544);
#5931=AXIS2_PLACEMENT_3D('',#8116,#6547,#6548);
#5932=AXIS2_PLACEMENT_3D('',#8123,#6553,#6554);
#5933=AXIS2_PLACEMENT_3D('',#8130,#6559,#6560);
#5934=AXIS2_PLACEMENT_3D('',#8162,#6577,#6578);
#5935=AXIS2_PLACEMENT_3D('',#8170,#6582,#6583);
#5936=AXIS2_PLACEMENT_3D('',#8180,#6588,#6589);
#5937=AXIS2_PLACEMENT_3D('',#8190,#6594,#6595);
#5938=AXIS2_PLACEMENT_3D('',#8198,#6599,#6600);
#5939=AXIS2_PLACEMENT_3D('',#8216,#6610,#6611);
#5940=AXIS2_PLACEMENT_3D('',#8218,#6612,#6613);
#5941=AXIS2_PLACEMENT_3D('',#8220,#6614,#6615);
#5942=AXIS2_PLACEMENT_3D('',#8222,#6616,#6617);
#5943=AXIS2_PLACEMENT_3D('',#8224,#6618,#6619);
#5944=AXIS2_PLACEMENT_3D('',#8225,#6620,#6621);
#5945=AXIS2_PLACEMENT_3D('',#8229,#6624,#6625);
#5946=AXIS2_PLACEMENT_3D('',#8234,#6629,#6630);
#5947=AXIS2_PLACEMENT_3D('',#8236,#6632,#6633);
#5948=AXIS2_PLACEMENT_3D('',#8240,#6636,#6637);
#5949=AXIS2_PLACEMENT_3D('',#8244,#6640,#6641);
#5950=AXIS2_PLACEMENT_3D('',#8248,#6644,#6645);
#5951=AXIS2_PLACEMENT_3D('',#8252,#6648,#6649);
#5952=AXIS2_PLACEMENT_3D('',#8254,#6651,#6652);
#5953=AXIS2_PLACEMENT_3D('',#8256,#6654,#6655);
#5954=AXIS2_PLACEMENT_3D('',#8258,#6657,#6658);
#5955=AXIS2_PLACEMENT_3D('',#8264,#6662,#6663);
#5956=AXIS2_PLACEMENT_3D('',#8270,#6667,#6668);
#5957=AXIS2_PLACEMENT_3D('',#8272,#6670,#6671);
#5958=AXIS2_PLACEMENT_3D('',#8273,#6672,#6673);
#5959=AXIS2_PLACEMENT_3D('',#8280,#6678,#6679);
#5960=AXIS2_PLACEMENT_3D('',#8288,#6683,#6684);
#5961=AXIS2_PLACEMENT_3D('',#8296,#6688,#6689);
#5962=AXIS2_PLACEMENT_3D('',#8306,#6694,#6695);
#5963=AXIS2_PLACEMENT_3D('',#8316,#6700,#6701);
#5964=AXIS2_PLACEMENT_3D('',#8324,#6705,#6706);
#5965=AXIS2_PLACEMENT_3D('',#8339,#6715,#6716);
#5966=AXIS2_PLACEMENT_3D('',#8341,#6717,#6718);
#5967=AXIS2_PLACEMENT_3D('',#8343,#6719,#6720);
#5968=AXIS2_PLACEMENT_3D('',#8345,#6721,#6722);
#5969=AXIS2_PLACEMENT_3D('',#8347,#6723,#6724);
#5970=AXIS2_PLACEMENT_3D('',#8348,#6725,#6726);
#5971=AXIS2_PLACEMENT_3D('',#8350,#6728,#6729);
#5972=AXIS2_PLACEMENT_3D('',#8352,#6731,#6732);
#5973=AXIS2_PLACEMENT_3D('',#8354,#6734,#6735);
#5974=AXIS2_PLACEMENT_3D('',#8358,#6738,#6739);
#5975=AXIS2_PLACEMENT_3D('',#8360,#6741,#6742);
#5976=AXIS2_PLACEMENT_3D('',#8361,#6743,#6744);
#5977=AXIS2_PLACEMENT_3D('',#8364,#6747,#6748);
#5978=AXIS2_PLACEMENT_3D('',#8366,#6750,#6751);
#5979=AXIS2_PLACEMENT_3D('',#8369,#6754,#6755);
#5980=AXIS2_PLACEMENT_3D('',#8371,#6757,#6758);
#5981=AXIS2_PLACEMENT_3D('',#8374,#6761,#6762);
#5982=AXIS2_PLACEMENT_3D('',#8377,#6765,#6766);
#5983=AXIS2_PLACEMENT_3D('',#8379,#6768,#6769);
#5984=AXIS2_PLACEMENT_3D('',#8380,#6770,#6771);
#5985=AXIS2_PLACEMENT_3D('',#8382,#6773,#6774);
#5986=AXIS2_PLACEMENT_3D('',#8384,#6776,#6777);
#5987=AXIS2_PLACEMENT_3D('',#8386,#6779,#6780);
#5988=AXIS2_PLACEMENT_3D('',#8388,#6782,#6783);
#5989=AXIS2_PLACEMENT_3D('',#8390,#6785,#6786);
#5990=AXIS2_PLACEMENT_3D('',#8392,#6788,#6789);
#5991=AXIS2_PLACEMENT_3D('',#8395,#6792,#6793);
#5992=AXIS2_PLACEMENT_3D('',#8396,#6794,#6795);
#5993=AXIS2_PLACEMENT_3D('',#8398,#6797,#6798);
#5994=AXIS2_PLACEMENT_3D('',#8400,#6800,#6801);
#5995=AXIS2_PLACEMENT_3D('',#8401,#6802,#6803);
#5996=AXIS2_PLACEMENT_3D('',#8403,#6805,#6806);
#5997=AXIS2_PLACEMENT_3D('',#8405,#6808,#6809);
#5998=AXIS2_PLACEMENT_3D('',#8406,#6810,#6811);
#5999=AXIS2_PLACEMENT_3D('',#8408,#6813,#6814);
#6000=AXIS2_PLACEMENT_3D('',#8410,#6816,#6817);
#6001=AXIS2_PLACEMENT_3D('',#8411,#6818,#6819);
#6002=AXIS2_PLACEMENT_3D('',#8413,#6821,#6822);
#6003=AXIS2_PLACEMENT_3D('',#8415,#6824,#6825);
#6004=AXIS2_PLACEMENT_3D('',#8416,#6826,#6827);
#6005=AXIS2_PLACEMENT_3D('',#8417,#6828,#6829);
#6006=AXIS2_PLACEMENT_3D('',#8420,#6832,#6833);
#6007=AXIS2_PLACEMENT_3D('',#8459,#6854,#6855);
#6008=AXIS2_PLACEMENT_3D('',#8461,#6857,#6858);
#6009=AXIS2_PLACEMENT_3D('',#8463,#6859,#6860);
#6010=AXIS2_PLACEMENT_3D('',#8466,#6862,#6863);
#6011=AXIS2_PLACEMENT_3D('',#8467,#6864,#6865);
#6012=AXIS2_PLACEMENT_3D('',#8469,#6866,#6867);
#6013=AXIS2_PLACEMENT_3D('',#8471,#6869,#6870);
#6014=AXIS2_PLACEMENT_3D('',#8472,#6871,#6872);
#6015=AXIS2_PLACEMENT_3D('',#8474,#6874,#6875);
#6016=AXIS2_PLACEMENT_3D('',#8476,#6876,#6877);
#6017=AXIS2_PLACEMENT_3D('',#8479,#6879,#6880);
#6018=AXIS2_PLACEMENT_3D('',#8480,#6881,#6882);
#6019=AXIS2_PLACEMENT_3D('',#8482,#6883,#6884);
#6020=AXIS2_PLACEMENT_3D('',#8484,#6886,#6887);
#6021=AXIS2_PLACEMENT_3D('',#8485,#6888,#6889);
#6022=AXIS2_PLACEMENT_3D('',#8486,#6890,#6891);
#6023=AXIS2_PLACEMENT_3D('',#8489,#6892,#6893);
#6024=AXIS2_PLACEMENT_3D('',#8492,#6896,#6897);
#6025=AXIS2_PLACEMENT_3D('',#8512,#6908,#6909);
#6026=AXIS2_PLACEMENT_3D('',#8523,#6915,#6916);
#6027=AXIS2_PLACEMENT_3D('',#8524,#6917,#6918);
#6028=AXIS2_PLACEMENT_3D('',#8526,#6920,#6921);
#6029=AXIS2_PLACEMENT_3D('',#8536,#6927,#6928);
#6030=AXIS2_PLACEMENT_3D('',#8542,#6932,#6933);
#6031=AXIS2_PLACEMENT_3D('',#8548,#6937,#6938);
#6032=AXIS2_PLACEMENT_3D('',#8555,#6943,#6944);
#6033=AXIS2_PLACEMENT_3D('',#8557,#6946,#6947);
#6034=AXIS2_PLACEMENT_3D('',#8561,#6950,#6951);
#6035=AXIS2_PLACEMENT_3D('',#8563,#6953,#6954);
#6036=AXIS2_PLACEMENT_3D('',#8567,#6957,#6958);
#6037=AXIS2_PLACEMENT_3D('',#8568,#6959,#6960);
#6038=AXIS2_PLACEMENT_3D('',#8569,#6961,#6962);
#6039=AXIS2_PLACEMENT_3D('',#8573,#6964,#6965);
#6040=AXIS2_PLACEMENT_3D('',#8576,#6967,#6968);
#6041=AXIS2_PLACEMENT_3D('',#8577,#6969,#6970);
#6042=AXIS2_PLACEMENT_3D('',#8581,#6973,#6974);
#6043=AXIS2_PLACEMENT_3D('',#8584,#6976,#6977);
#6044=AXIS2_PLACEMENT_3D('',#8585,#6978,#6979);
#6045=AXIS2_PLACEMENT_3D('',#8589,#6982,#6983);
#6046=AXIS2_PLACEMENT_3D('',#8590,#6984,#6985);
#6047=AXIS2_PLACEMENT_3D('',#8591,#6986,#6987);
#6048=AXIS2_PLACEMENT_3D('',#8592,#6988,#6989);
#6049=AXIS2_PLACEMENT_3D('',#8596,#6991,#6992);
#6050=AXIS2_PLACEMENT_3D('',#8601,#6995,#6996);
#6051=AXIS2_PLACEMENT_3D('',#8602,#6997,#6998);
#6052=AXIS2_PLACEMENT_3D('',#8604,#6999,#7000);
#6053=AXIS2_PLACEMENT_3D('',#8606,#7002,#7003);
#6054=AXIS2_PLACEMENT_3D('',#8610,#7005,#7006);
#6055=AXIS2_PLACEMENT_3D('',#8612,#7008,#7009);
#6056=AXIS2_PLACEMENT_3D('',#8616,#7012,#7013);
#6057=AXIS2_PLACEMENT_3D('',#8618,#7015,#7016);
#6058=AXIS2_PLACEMENT_3D('',#8620,#7018,#7019);
#6059=AXIS2_PLACEMENT_3D('',#8621,#7020,#7021);
#6060=AXIS2_PLACEMENT_3D('',#8623,#7022,#7023);
#6061=AXIS2_PLACEMENT_3D('',#8626,#7025,#7026);
#6062=AXIS2_PLACEMENT_3D('',#8627,#7027,#7028);
#6063=AXIS2_PLACEMENT_3D('',#8629,#7029,#7030);
#6064=AXIS2_PLACEMENT_3D('',#8631,#7032,#7033);
#6065=AXIS2_PLACEMENT_3D('',#8632,#7034,#7035);
#6066=AXIS2_PLACEMENT_3D('',#8634,#7036,#7037);
#6067=AXIS2_PLACEMENT_3D('',#8637,#7039,#7040);
#6068=AXIS2_PLACEMENT_3D('',#8638,#7041,#7042);
#6069=AXIS2_PLACEMENT_3D('',#8640,#7043,#7044);
#6070=AXIS2_PLACEMENT_3D('',#8642,#7046,#7047);
#6071=AXIS2_PLACEMENT_3D('',#8643,#7048,#7049);
#6072=AXIS2_PLACEMENT_3D('',#8644,#7050,#7051);
#6073=AXIS2_PLACEMENT_3D('',#8646,#7052,#7053);
#6074=AXIS2_PLACEMENT_3D('',#8649,#7055,#7056);
#6075=AXIS2_PLACEMENT_3D('',#8650,#7057,#7058);
#6076=AXIS2_PLACEMENT_3D('',#8652,#7059,#7060);
#6077=AXIS2_PLACEMENT_3D('',#8654,#7062,#7063);
#6078=AXIS2_PLACEMENT_3D('',#8655,#7064,#7065);
#6079=AXIS2_PLACEMENT_3D('',#8656,#7066,#7067);
#6080=AXIS2_PLACEMENT_3D('',#8658,#7068,#7069);
#6081=AXIS2_PLACEMENT_3D('',#8661,#7071,#7072);
#6082=AXIS2_PLACEMENT_3D('',#8662,#7073,#7074);
#6083=AXIS2_PLACEMENT_3D('',#8664,#7075,#7076);
#6084=AXIS2_PLACEMENT_3D('',#8666,#7078,#7079);
#6085=AXIS2_PLACEMENT_3D('',#8667,#7080,#7081);
#6086=AXIS2_PLACEMENT_3D('',#8668,#7082,#7083);
#6087=AXIS2_PLACEMENT_3D('',#8670,#7084,#7085);
#6088=AXIS2_PLACEMENT_3D('',#8673,#7087,#7088);
#6089=AXIS2_PLACEMENT_3D('',#8674,#7089,#7090);
#6090=AXIS2_PLACEMENT_3D('',#8676,#7091,#7092);
#6091=AXIS2_PLACEMENT_3D('',#8678,#7094,#7095);
#6092=AXIS2_PLACEMENT_3D('',#8679,#7096,#7097);
#6093=AXIS2_PLACEMENT_3D('',#8680,#7098,#7099);
#6094=AXIS2_PLACEMENT_3D('',#8684,#7102,#7103);
#6095=AXIS2_PLACEMENT_3D('',#8692,#7108,#7109);
#6096=AXIS2_PLACEMENT_3D('',#8696,#7112,#7113);
#6097=AXIS2_PLACEMENT_3D('',#8704,#7118,#7119);
#6098=AXIS2_PLACEMENT_3D('',#8707,#7122,#7123);
#6099=AXIS2_PLACEMENT_3D('',#8710,#7126,#7127);
#6100=AXIS2_PLACEMENT_3D('',#8711,#7128,#7129);
#6101=AXIS2_PLACEMENT_3D('',#8712,#7130,#7131);
#6102=AXIS2_PLACEMENT_3D('',#8721,#7136,#7137);
#6103=AXIS2_PLACEMENT_3D('',#8728,#7142,#7143);
#6104=AXIS2_PLACEMENT_3D('',#8734,#7147,#7148);
#6105=AXIS2_PLACEMENT_3D('',#8738,#7152,#7153);
#6106=AXIS2_PLACEMENT_3D('',#8744,#7157,#7158);
#6107=AXIS2_PLACEMENT_3D('',#8748,#7161,#7162);
#6108=AXIS2_PLACEMENT_3D('',#8752,#7165,#7166);
#6109=AXIS2_PLACEMENT_3D('',#8756,#7169,#7170);
#6110=AXIS2_PLACEMENT_3D('',#8760,#7173,#7174);
#6111=AXIS2_PLACEMENT_3D('',#8764,#7177,#7178);
#6112=AXIS2_PLACEMENT_3D('',#8768,#7181,#7182);
#6113=AXIS2_PLACEMENT_3D('',#8772,#7185,#7186);
#6114=AXIS2_PLACEMENT_3D('',#8776,#7189,#7190);
#6115=AXIS2_PLACEMENT_3D('',#8780,#7193,#7194);
#6116=AXIS2_PLACEMENT_3D('',#8784,#7197,#7198);
#6117=AXIS2_PLACEMENT_3D('',#8786,#7200,#7201);
#6118=AXIS2_PLACEMENT_3D('',#8787,#7202,#7203);
#6119=AXIS2_PLACEMENT_3D('',#8800,#7210,#7211);
#6120=AXIS2_PLACEMENT_3D('',#8813,#7218,#7219);
#6121=AXIS2_PLACEMENT_3D('',#8824,#7226,#7227);
#6122=AXIS2_PLACEMENT_3D('',#8830,#7231,#7232);
#6123=AXIS2_PLACEMENT_3D('',#8846,#7241,#7242);
#6124=AXIS2_PLACEMENT_3D('',#8848,#7243,#7244);
#6125=AXIS2_PLACEMENT_3D('',#8873,#7258,#7259);
#6126=AXIS2_PLACEMENT_3D('',#8879,#7263,#7264);
#6127=AXIS2_PLACEMENT_3D('',#8882,#7267,#7268);
#6128=AXIS2_PLACEMENT_3D('',#8885,#7271,#7272);
#6129=AXIS2_PLACEMENT_3D('',#8889,#7275,#7276);
#6130=AXIS2_PLACEMENT_3D('',#8891,#7278,#7279);
#6131=AXIS2_PLACEMENT_3D('',#8894,#7282,#7283);
#6132=AXIS2_PLACEMENT_3D('',#8895,#7284,#7285);
#6133=AXIS2_PLACEMENT_3D('',#8896,#7286,#7287);
#6134=AXIS2_PLACEMENT_3D('',#8902,#7291,#7292);
#6135=AXIS2_PLACEMENT_3D('',#8906,#7295,#7296);
#6136=AXIS2_PLACEMENT_3D('',#8915,#7301,#7302);
#6137=AXIS2_PLACEMENT_3D('',#8920,#7306,#7307);
#6138=AXIS2_PLACEMENT_3D('',#8924,#7310,#7311);
#6139=AXIS2_PLACEMENT_3D('',#8930,#7315,#7316);
#6140=AXIS2_PLACEMENT_3D('',#8932,#7318,#7319);
#6141=AXIS2_PLACEMENT_3D('',#8936,#7322,#7323);
#6142=AXIS2_PLACEMENT_3D('',#8938,#7325,#7326);
#6143=AXIS2_PLACEMENT_3D('',#8944,#7330,#7331);
#6144=AXIS2_PLACEMENT_3D('',#8946,#7332,#7333);
#6145=AXIS2_PLACEMENT_3D('',#8948,#7335,#7336);
#6146=AXIS2_PLACEMENT_3D('',#8950,#7337,#7338);
#6147=AXIS2_PLACEMENT_3D('',#8953,#7340,#7341);
#6148=AXIS2_PLACEMENT_3D('',#8954,#7342,#7343);
#6149=AXIS2_PLACEMENT_3D('',#8955,#7344,#7345);
#6150=AXIS2_PLACEMENT_3D('',#8961,#7349,#7350);
#6151=AXIS2_PLACEMENT_3D('',#8966,#7354,#7355);
#6152=AXIS2_PLACEMENT_3D('',#8972,#7358,#7359);
#6153=AXIS2_PLACEMENT_3D('',#8975,#7361,#7362);
#6154=AXIS2_PLACEMENT_3D('',#8976,#7363,#7364);
#6155=AXIS2_PLACEMENT_3D('',#8979,#7367,#7368);
#6156=AXIS2_PLACEMENT_3D('',#8981,#7370,#7371);
#6157=AXIS2_PLACEMENT_3D('',#8984,#7373,#7374);
#6158=AXIS2_PLACEMENT_3D('',#8985,#7375,#7376);
#6159=AXIS2_PLACEMENT_3D('',#8986,#7377,#7378);
#6160=AXIS2_PLACEMENT_3D('',#8992,#7382,#7383);
#6161=AXIS2_PLACEMENT_3D('',#9000,#7388,#7389);
#6162=AXIS2_PLACEMENT_3D('',#9003,#7392,#7393);
#6163=AXIS2_PLACEMENT_3D('',#9008,#7397,#7398);
#6164=AXIS2_PLACEMENT_3D('',#9011,#7401,#7402);
#6165=AXIS2_PLACEMENT_3D('',#9013,#7404,#7405);
#6166=AXIS2_PLACEMENT_3D('',#9014,#7406,#7407);
#6167=AXIS2_PLACEMENT_3D('',#9024,#7413,#7414);
#6168=AXIS2_PLACEMENT_3D('',#9032,#7420,#7421);
#6169=AXIS2_PLACEMENT_3D('',#9033,#7422,#7423);
#6170=AXIS2_PLACEMENT_3D('',#9036,#7426,#7427);
#6171=AXIS2_PLACEMENT_3D('',#9038,#7429,#7430);
#6172=AXIS2_PLACEMENT_3D('',#9042,#7433,#7434);
#6173=AXIS2_PLACEMENT_3D('',#9044,#7436,#7437);
#6174=AXIS2_PLACEMENT_3D('',#9053,#7442,#7443);
#6175=AXIS2_PLACEMENT_3D('',#9056,#7446,#7447);
#6176=AXIS2_PLACEMENT_3D('',#9058,#7449,#7450);
#6177=AXIS2_PLACEMENT_3D('',#9060,#7452,#7453);
#6178=AXIS2_PLACEMENT_3D('',#9061,#7454,#7455);
#6179=AXIS2_PLACEMENT_3D('',#9063,#7457,#7458);
#6180=AXIS2_PLACEMENT_3D('',#9065,#7460,#7461);
#6181=AXIS2_PLACEMENT_3D('',#9067,#7463,#7464);
#6182=AXIS2_PLACEMENT_3D('',#9068,#7465,#7466);
#6183=AXIS2_PLACEMENT_3D('',#9070,#7468,#7469);
#6184=AXIS2_PLACEMENT_3D('',#9071,#7470,#7471);
#6185=AXIS2_PLACEMENT_3D('',#9073,#7473,#7474);
#6186=AXIS2_PLACEMENT_3D('',#9075,#7476,#7477);
#6187=AXIS2_PLACEMENT_3D('',#9076,#7478,#7479);
#6188=AXIS2_PLACEMENT_3D('',#9078,#7480,#7481);
#6189=AXIS2_PLACEMENT_3D('',#9081,#7483,#7484);
#6190=AXIS2_PLACEMENT_3D('',#9082,#7485,#7486);
#6191=AXIS2_PLACEMENT_3D('',#9083,#7487,#7488);
#6192=AXIS2_PLACEMENT_3D('',#9084,#7489,#7490);
#6193=AXIS2_PLACEMENT_3D('',#9085,#7491,#7492);
#6194=AXIS2_PLACEMENT_3D('',#9086,#7493,#7494);
#6195=AXIS2_PLACEMENT_3D('',#9087,#7495,#7496);
#6196=AXIS2_PLACEMENT_3D('',#9096,#7501,#7502);
#6197=AXIS2_PLACEMENT_3D('',#9193,#7551,#7552);
#6198=AXIS2_PLACEMENT_3D('',#9202,#7557,#7558);
#6199=AXIS2_PLACEMENT_3D('',#9211,#7563,#7564);
#6200=AXIS2_PLACEMENT_3D('',#9220,#7569,#7570);
#6201=AXIS2_PLACEMENT_3D('',#9229,#7575,#7576);
#6202=AXIS2_PLACEMENT_3D('',#9235,#7580,#7581);
#6203=AXIS2_PLACEMENT_3D('',#9238,#7584,#7585);
#6204=AXIS2_PLACEMENT_3D('',#9244,#7589,#7590);
#6205=AXIS2_PLACEMENT_3D('',#9250,#7594,#7595);
#6206=AXIS2_PLACEMENT_3D('',#9256,#7599,#7600);
#6207=AXIS2_PLACEMENT_3D('',#9262,#7604,#7605);
#6208=AXIS2_PLACEMENT_3D('',#9268,#7609,#7610);
#6209=AXIS2_PLACEMENT_3D('',#9271,#7613,#7614);
#6210=AXIS2_PLACEMENT_3D('',#9277,#7618,#7619);
#6211=AXIS2_PLACEMENT_3D('',#9283,#7623,#7624);
#6212=AXIS2_PLACEMENT_3D('',#9286,#7627,#7628);
#6213=AXIS2_PLACEMENT_3D('',#9292,#7632,#7633);
#6214=AXIS2_PLACEMENT_3D('',#9295,#7636,#7637);
#6215=AXIS2_PLACEMENT_3D('',#9298,#7640,#7641);
#6216=AXIS2_PLACEMENT_3D('',#9301,#7644,#7645);
#6217=AXIS2_PLACEMENT_3D('',#9304,#7648,#7649);
#6218=AXIS2_PLACEMENT_3D('',#9307,#7652,#7653);
#6219=AXIS2_PLACEMENT_3D('',#9310,#7656,#7657);
#6220=AXIS2_PLACEMENT_3D('',#9316,#7661,#7662);
#6221=AXIS2_PLACEMENT_3D('',#9319,#7665,#7666);
#6222=AXIS2_PLACEMENT_3D('',#9322,#7669,#7670);
#6223=AXIS2_PLACEMENT_3D('',#9324,#7672,#7673);
#6224=AXIS2_PLACEMENT_3D('',#9326,#7675,#7676);
#6225=AXIS2_PLACEMENT_3D('',#9328,#7678,#7679);
#6226=AXIS2_PLACEMENT_3D('',#9330,#7681,#7682);
#6227=AXIS2_PLACEMENT_3D('',#9336,#7686,#7687);
#6228=AXIS2_PLACEMENT_3D('',#9340,#7690,#7691);
#6229=AXIS2_PLACEMENT_3D('',#9344,#7694,#7695);
#6230=AXIS2_PLACEMENT_3D('',#9346,#7697,#7698);
#6231=AXIS2_PLACEMENT_3D('',#9352,#7702,#7703);
#6232=AXIS2_PLACEMENT_3D('',#9356,#7706,#7707);
#6233=AXIS2_PLACEMENT_3D('',#9360,#7710,#7711);
#6234=AXIS2_PLACEMENT_3D('',#9362,#7713,#7714);
#6235=AXIS2_PLACEMENT_3D('',#9363,#7715,#7716);
#6236=AXIS2_PLACEMENT_3D('',#9369,#7720,#7721);
#6237=AXIS2_PLACEMENT_3D('',#9373,#7724,#7725);
#6238=AXIS2_PLACEMENT_3D('',#9377,#7728,#7729);
#6239=AXIS2_PLACEMENT_3D('',#9379,#7731,#7732);
#6240=AXIS2_PLACEMENT_3D('',#9385,#7736,#7737);
#6241=AXIS2_PLACEMENT_3D('',#9389,#7740,#7741);
#6242=AXIS2_PLACEMENT_3D('',#9393,#7744,#7745);
#6243=AXIS2_PLACEMENT_3D('',#9395,#7747,#7748);
#6244=AXIS2_PLACEMENT_3D('',#9396,#7749,#7750);
#6245=AXIS2_PLACEMENT_3D('',#9397,#7751,#7752);
#6246=DIRECTION('axis',(0.,0.,1.));
#6247=DIRECTION('refdir',(1.,0.,0.));
#6248=DIRECTION('axis',(0.,0.,1.));
#6249=DIRECTION('refdir',(1.,0.,0.));
#6250=DIRECTION('center_axis',(0.,0.707106781186548,-0.707106781186548));
#6251=DIRECTION('ref_axis',(-1.,0.,0.));
#6252=DIRECTION('',(0.,-0.707106781186548,-0.707106781186548));
#6253=DIRECTION('',(-1.,0.,0.));
#6254=DIRECTION('',(0.,0.707106781186548,0.707106781186548));
#6255=DIRECTION('',(1.,0.,0.));
#6256=DIRECTION('center_axis',(1.,0.,0.));
#6257=DIRECTION('ref_axis',(0.,0.,-1.));
#6258=DIRECTION('',(0.,-1.,0.));
#6259=DIRECTION('',(0.,0.,-1.));
#6260=DIRECTION('',(0.,1.,0.));
#6261=DIRECTION('',(0.,0.,-1.));
#6262=DIRECTION('',(0.,1.,0.));
#6263=DIRECTION('',(0.,0.,-1.));
#6264=DIRECTION('',(0.,-1.,0.));
#6265=DIRECTION('',(0.,0.,-1.));
#6266=DIRECTION('',(0.,1.,0.));
#6267=DIRECTION('',(0.,0.,-1.));
#6268=DIRECTION('',(0.,-1.,0.));
#6269=DIRECTION('',(0.,0.,-1.));
#6270=DIRECTION('center_axis',(-1.,0.,0.));
#6271=DIRECTION('ref_axis',(0.,1.,0.));
#6272=DIRECTION('center_axis',(-1.,0.,0.));
#6273=DIRECTION('ref_axis',(0.,1.,0.));
#6274=DIRECTION('center_axis',(-1.,0.,0.));
#6275=DIRECTION('ref_axis',(0.,1.,0.));
#6276=DIRECTION('center_axis',(-1.,0.,0.));
#6277=DIRECTION('ref_axis',(0.,1.,0.));
#6278=DIRECTION('center_axis',(-1.,0.,0.));
#6279=DIRECTION('ref_axis',(0.,1.,0.));
#6280=DIRECTION('center_axis',(-1.,0.,0.));
#6281=DIRECTION('ref_axis',(0.,1.,0.));
#6282=DIRECTION('center_axis',(-1.,0.,0.));
#6283=DIRECTION('ref_axis',(0.,1.,0.));
#6284=DIRECTION('center_axis',(0.,1.,0.));
#6285=DIRECTION('ref_axis',(0.,0.,1.));
#6286=DIRECTION('',(1.,0.,0.));
#6287=DIRECTION('',(0.707106781186551,0.,-0.707106781186544));
#6288=DIRECTION('',(0.,0.,1.));
#6289=DIRECTION('',(-1.,0.,0.));
#6290=DIRECTION('',(3.41607084500048E-17,0.,1.));
#6291=DIRECTION('',(-1.,0.,0.));
#6292=DIRECTION('',(0.,0.,-1.));
#6293=DIRECTION('',(-1.,0.,0.));
#6294=DIRECTION('',(0.,0.,-1.));
#6295=DIRECTION('',(0.707106781186551,0.,0.707106781186544));
#6296=DIRECTION('center_axis',(0.,1.,0.));
#6297=DIRECTION('ref_axis',(0.,0.,1.));
#6298=DIRECTION('',(1.,0.,0.));
#6299=DIRECTION('',(0.,0.,1.));
#6300=DIRECTION('center_axis',(0.,0.,1.));
#6301=DIRECTION('ref_axis',(1.,0.,0.));
#6302=DIRECTION('',(0.,1.,0.));
#6303=DIRECTION('',(1.,0.,0.));
#6304=DIRECTION('',(0.,-1.,0.));
#6305=DIRECTION('',(-1.,0.,0.));
#6306=DIRECTION('center_axis',(0.,-1.,0.));
#6307=DIRECTION('ref_axis',(0.,0.,-1.));
#6308=DIRECTION('',(0.,0.,1.));
#6309=DIRECTION('',(1.,0.,0.));
#6310=DIRECTION('',(0.,0.,-1.));
#6311=DIRECTION('center_axis',(-1.,0.,0.));
#6312=DIRECTION('ref_axis',(0.,0.,1.));
#6313=DIRECTION('',(0.,0.,1.));
#6314=DIRECTION('',(0.,1.,0.));
#6315=DIRECTION('',(0.,0.,1.));
#6316=DIRECTION('',(0.,-1.,0.));
#6317=DIRECTION('',(0.,0.707106781186546,0.707106781186549));
#6318=DIRECTION('center_axis',(0.,0.,-1.));
#6319=DIRECTION('ref_axis',(-1.,0.,0.));
#6320=DIRECTION('',(0.,1.,0.));
#6321=DIRECTION('',(-1.,0.,0.));
#6322=DIRECTION('',(0.,-1.,0.));
#6323=DIRECTION('',(1.,0.,0.));
#6324=DIRECTION('center_axis',(0.,-1.,0.));
#6325=DIRECTION('ref_axis',(0.,0.,-1.));
#6326=DIRECTION('',(0.,0.,-1.));
#6327=DIRECTION('',(-1.,0.,0.));
#6328=DIRECTION('',(0.,0.,1.));
#6329=DIRECTION('center_axis',(1.,0.,0.));
#6330=DIRECTION('ref_axis',(0.,0.,-1.));
#6331=DIRECTION('',(0.,0.,-1.));
#6332=DIRECTION('',(0.,1.,0.));
#6333=DIRECTION('',(0.,0.,-1.));
#6334=DIRECTION('',(0.,-1.,0.));
#6335=DIRECTION('',(0.,0.707106781186545,-0.70710678118655));
#6336=DIRECTION('center_axis',(1.,0.,0.));
#6337=DIRECTION('ref_axis',(0.,-1.,0.));
#6338=DIRECTION('center_axis',(1.,0.,0.));
#6339=DIRECTION('ref_axis',(0.,-1.,0.));
#6340=DIRECTION('',(0.707106781186549,0.707106781186546,-8.65956056235492E-17));
#6341=DIRECTION('center_axis',(1.,0.,0.));
#6342=DIRECTION('ref_axis',(0.,-1.,0.));
#6343=DIRECTION('center_axis',(-1.,0.,0.));
#6344=DIRECTION('ref_axis',(0.,-1.,0.));
#6345=DIRECTION('center_axis',(1.,0.,0.));
#6346=DIRECTION('ref_axis',(0.,-1.,0.));
#6347=DIRECTION('center_axis',(1.,0.,0.));
#6348=DIRECTION('ref_axis',(0.,-1.,0.));
#6349=DIRECTION('center_axis',(1.,0.,0.));
#6350=DIRECTION('ref_axis',(0.,-1.,0.));
#6351=DIRECTION('',(0.707106781186548,0.707106781186547,-8.65956056235493E-17));
#6352=DIRECTION('center_axis',(1.,0.,0.));
#6353=DIRECTION('ref_axis',(0.,-1.,0.));
#6354=DIRECTION('center_axis',(-1.,0.,0.));
#6355=DIRECTION('ref_axis',(0.,-1.,0.));
#6356=DIRECTION('center_axis',(1.,0.,0.));
#6357=DIRECTION('ref_axis',(0.,-1.,0.));
#6358=DIRECTION('center_axis',(1.,0.,0.));
#6359=DIRECTION('ref_axis',(0.,-1.,0.));
#6360=DIRECTION('center_axis',(1.,0.,0.));
#6361=DIRECTION('ref_axis',(0.,-1.,0.));
#6362=DIRECTION('',(0.707106781186549,0.707106781186546,-8.65956056235492E-17));
#6363=DIRECTION('center_axis',(1.,0.,0.));
#6364=DIRECTION('ref_axis',(0.,-1.,0.));
#6365=DIRECTION('center_axis',(-1.,0.,0.));
#6366=DIRECTION('ref_axis',(0.,-1.,0.));
#6367=DIRECTION('center_axis',(1.,0.,0.));
#6368=DIRECTION('ref_axis',(0.,-1.,0.));
#6369=DIRECTION('center_axis',(1.,0.,0.));
#6370=DIRECTION('ref_axis',(0.,-1.,0.));
#6371=DIRECTION('center_axis',(1.,0.,0.));
#6372=DIRECTION('ref_axis',(0.,-1.,0.));
#6373=DIRECTION('',(0.707106781186549,0.707106781186546,-8.65956056235492E-17));
#6374=DIRECTION('center_axis',(1.,0.,0.));
#6375=DIRECTION('ref_axis',(0.,-1.,0.));
#6376=DIRECTION('center_axis',(-1.,0.,0.));
#6377=DIRECTION('ref_axis',(0.,-1.,0.));
#6378=DIRECTION('center_axis',(1.,0.,0.));
#6379=DIRECTION('ref_axis',(0.,-1.,0.));
#6380=DIRECTION('center_axis',(1.,0.,0.));
#6381=DIRECTION('ref_axis',(0.,-1.,0.));
#6382=DIRECTION('center_axis',(1.,0.,0.));
#6383=DIRECTION('ref_axis',(0.,-1.,0.));
#6384=DIRECTION('',(0.707106781186549,0.707106781186546,-8.65956056235492E-17));
#6385=DIRECTION('center_axis',(1.,0.,0.));
#6386=DIRECTION('ref_axis',(0.,-1.,0.));
#6387=DIRECTION('center_axis',(-1.,0.,0.));
#6388=DIRECTION('ref_axis',(0.,-1.,0.));
#6389=DIRECTION('center_axis',(1.,0.,0.));
#6390=DIRECTION('ref_axis',(0.,-1.,0.));
#6391=DIRECTION('center_axis',(0.,-1.,0.));
#6392=DIRECTION('ref_axis',(0.,0.,1.));
#6393=DIRECTION('',(-1.,0.,0.));
#6394=DIRECTION('',(0.,0.,-1.));
#6395=DIRECTION('',(0.,0.,-1.));
#6396=DIRECTION('',(0.,0.,-1.));
#6397=DIRECTION('',(-1.,0.,0.));
#6398=DIRECTION('',(0.,0.,1.));
#6399=DIRECTION('center_axis',(0.,0.,1.));
#6400=DIRECTION('ref_axis',(1.,0.,0.));
#6401=DIRECTION('center_axis',(0.,0.,1.));
#6402=DIRECTION('ref_axis',(0.707106781186548,-0.707106781186548,0.));
#6403=DIRECTION('',(-1.,0.,0.));
#6404=DIRECTION('center_axis',(0.,0.,1.));
#6405=DIRECTION('ref_axis',(-0.707106781186551,-0.707106781186544,0.));
#6406=DIRECTION('',(2.368475785867E-16,1.,0.));
#6407=DIRECTION('',(1.,0.,0.));
#6408=DIRECTION('',(0.,1.,0.));
#6409=DIRECTION('',(1.,0.,0.));
#6410=DIRECTION('',(5.9211894646675E-17,-1.,0.));
#6411=DIRECTION('',(0.,-1.,0.));
#6412=DIRECTION('',(1.,0.,0.));
#6413=DIRECTION('',(0.,1.,0.));
#6414=DIRECTION('',(-1.,0.,0.));
#6415=DIRECTION('center_axis',(-1.,0.,0.));
#6416=DIRECTION('ref_axis',(0.,-1.,0.));
#6417=DIRECTION('',(1.,0.,0.));
#6418=DIRECTION('center_axis',(-1.,0.,0.));
#6419=DIRECTION('ref_axis',(0.,-1.,0.));
#6420=DIRECTION('center_axis',(-1.,0.,0.));
#6421=DIRECTION('ref_axis',(0.,-1.,0.));
#6422=DIRECTION('',(0.,1.,0.));
#6423=DIRECTION('',(0.,0.,1.));
#6424=DIRECTION('',(0.,-1.,0.));
#6425=DIRECTION('',(0.,0.,1.));
#6426=DIRECTION('',(0.,1.,0.));
#6427=DIRECTION('',(0.,1.,0.));
#6428=DIRECTION('',(0.,0.,1.));
#6429=DIRECTION('',(0.,-1.,0.));
#6430=DIRECTION('',(0.,0.,1.));
#6431=DIRECTION('center_axis',(-1.,0.,0.));
#6432=DIRECTION('ref_axis',(0.,-1.,0.));
#6433=DIRECTION('',(1.,0.,0.));
#6434=DIRECTION('center_axis',(-1.,0.,0.));
#6435=DIRECTION('ref_axis',(0.,-1.,0.));
#6436=DIRECTION('center_axis',(-1.,0.,0.));
#6437=DIRECTION('ref_axis',(0.,-1.,0.));
#6438=DIRECTION('',(0.,-1.,0.));
#6439=DIRECTION('',(0.,0.,1.));
#6440=DIRECTION('',(0.,-1.,0.));
#6441=DIRECTION('',(0.,-1.,0.));
#6442=DIRECTION('',(0.,1.,0.));
#6443=DIRECTION('',(0.,0.,1.));
#6444=DIRECTION('',(0.,-1.,0.));
#6445=DIRECTION('',(0.,0.,-1.));
#6446=DIRECTION('',(0.,1.,0.));
#6447=DIRECTION('',(0.,0.,1.));
#6448=DIRECTION('',(0.,-1.,0.));
#6449=DIRECTION('center_axis',(-1.,0.,0.));
#6450=DIRECTION('ref_axis',(0.,-1.,0.));
#6451=DIRECTION('',(1.,0.,0.));
#6452=DIRECTION('center_axis',(-1.,0.,0.));
#6453=DIRECTION('ref_axis',(0.,-1.,0.));
#6454=DIRECTION('center_axis',(-1.,0.,0.));
#6455=DIRECTION('ref_axis',(0.,-1.,0.));
#6456=DIRECTION('center_axis',(-1.,0.,0.));
#6457=DIRECTION('ref_axis',(0.,-1.,0.));
#6458=DIRECTION('',(1.,0.,0.));
#6459=DIRECTION('center_axis',(-1.,0.,0.));
#6460=DIRECTION('ref_axis',(0.,-1.,0.));
#6461=DIRECTION('center_axis',(-1.,0.,0.));
#6462=DIRECTION('ref_axis',(0.,-1.,0.));
#6463=DIRECTION('center_axis',(-1.,0.,0.));
#6464=DIRECTION('ref_axis',(0.,-1.,0.));
#6465=DIRECTION('',(1.,0.,0.));
#6466=DIRECTION('center_axis',(-1.,0.,0.));
#6467=DIRECTION('ref_axis',(0.,-1.,0.));
#6468=DIRECTION('center_axis',(-1.,0.,0.));
#6469=DIRECTION('ref_axis',(0.,-1.,0.));
#6470=DIRECTION('center_axis',(1.,0.,0.));
#6471=DIRECTION('ref_axis',(0.,1.,0.));
#6472=DIRECTION('',(-1.,0.,0.));
#6473=DIRECTION('center_axis',(1.,0.,0.));
#6474=DIRECTION('ref_axis',(0.,1.,0.));
#6475=DIRECTION('',(-1.,0.,0.));
#6476=DIRECTION('center_axis',(1.,0.,0.));
#6477=DIRECTION('ref_axis',(0.,1.,0.));
#6478=DIRECTION('center_axis',(1.,0.,0.));
#6479=DIRECTION('ref_axis',(0.,1.,0.));
#6480=DIRECTION('',(1.,0.,0.));
#6481=DIRECTION('center_axis',(1.,0.,0.));
#6482=DIRECTION('ref_axis',(0.,1.,0.));
#6483=DIRECTION('',(1.,0.,0.));
#6484=DIRECTION('center_axis',(1.,0.,0.));
#6485=DIRECTION('ref_axis',(0.,1.,0.));
#6486=DIRECTION('center_axis',(0.,1.,0.));
#6487=DIRECTION('ref_axis',(0.,0.,1.));
#6488=DIRECTION('',(0.,0.,1.));
#6489=DIRECTION('',(0.,0.,-1.));
#6490=DIRECTION('',(-1.,0.,-1.960117891752E-15));
#6491=DIRECTION('',(0.,0.,1.));
#6492=DIRECTION('',(-1.,0.,0.));
#6493=DIRECTION('',(0.,0.,-1.));
#6494=DIRECTION('',(-1.,0.,-1.960117891752E-15));
#6495=DIRECTION('center_axis',(1.,0.,0.));
#6496=DIRECTION('ref_axis',(0.,1.,0.));
#6497=DIRECTION('center_axis',(1.,0.,0.));
#6498=DIRECTION('ref_axis',(0.,1.,0.));
#6499=DIRECTION('',(-1.,0.,0.));
#6500=DIRECTION('center_axis',(1.,0.,0.));
#6501=DIRECTION('ref_axis',(0.,1.,0.));
#6502=DIRECTION('center_axis',(1.,0.,0.));
#6503=DIRECTION('ref_axis',(0.,1.,0.));
#6504=DIRECTION('',(1.,0.,0.));
#6505=DIRECTION('center_axis',(1.,0.,0.));
#6506=DIRECTION('ref_axis',(0.,1.,-2.22044604925031E-16));
#6507=DIRECTION('',(1.,0.,0.));
#6508=DIRECTION('center_axis',(1.,0.,0.));
#6509=DIRECTION('ref_axis',(0.,1.,-2.22044604925031E-16));
#6510=DIRECTION('center_axis',(0.,1.,0.));
#6511=DIRECTION('ref_axis',(0.,0.,1.));
#6512=DIRECTION('',(0.,0.,1.));
#6513=DIRECTION('',(0.,0.,-1.));
#6514=DIRECTION('',(-1.,0.,-1.960117891752E-15));
#6515=DIRECTION('center_axis',(1.,0.,0.));
#6516=DIRECTION('ref_axis',(0.,1.,0.));
#6517=DIRECTION('',(0.,1.,0.));
#6518=DIRECTION('',(0.,0.,-1.));
#6519=DIRECTION('',(0.,1.,0.));
#6520=DIRECTION('',(0.,0.,1.));
#6521=DIRECTION('center_axis',(-1.,0.,0.));
#6522=DIRECTION('ref_axis',(0.,-1.,0.));
#6523=DIRECTION('',(0.,-1.,0.));
#6524=DIRECTION('',(0.,0.,-1.));
#6525=DIRECTION('',(0.,-1.,0.));
#6526=DIRECTION('',(0.,0.,1.));
#6527=DIRECTION('center_axis',(0.,0.,1.));
#6528=DIRECTION('ref_axis',(1.,0.,0.));
#6529=DIRECTION('',(-1.,0.,0.));
#6530=DIRECTION('',(1.,0.,0.));
#6531=DIRECTION('center_axis',(-1.,0.,0.));
#6532=DIRECTION('ref_axis',(0.,-1.,0.));
#6533=DIRECTION('',(0.,-1.,0.));
#6534=DIRECTION('',(0.,0.,-1.));
#6535=DIRECTION('',(0.,-1.,0.));
#6536=DIRECTION('',(0.,0.,1.));
#6537=DIRECTION('center_axis',(1.,0.,0.));
#6538=DIRECTION('ref_axis',(0.,1.,0.));
#6539=DIRECTION('',(0.,1.,0.));
#6540=DIRECTION('',(0.,0.,-1.));
#6541=DIRECTION('',(0.,1.,0.));
#6542=DIRECTION('',(0.,0.,1.));
#6543=DIRECTION('center_axis',(0.,0.,1.));
#6544=DIRECTION('ref_axis',(1.,0.,0.));
#6545=DIRECTION('',(1.,0.,0.));
#6546=DIRECTION('',(-1.,0.,0.));
#6547=DIRECTION('center_axis',(0.,-1.,0.));
#6548=DIRECTION('ref_axis',(1.,0.,0.));
#6549=DIRECTION('',(1.,0.,0.));
#6550=DIRECTION('',(0.,0.,1.));
#6551=DIRECTION('',(0.,0.,1.));
#6552=DIRECTION('',(1.,0.,0.));
#6553=DIRECTION('center_axis',(0.,1.,0.));
#6554=DIRECTION('ref_axis',(-1.,0.,0.));
#6555=DIRECTION('',(-1.,0.,0.));
#6556=DIRECTION('',(0.,0.,1.));
#6557=DIRECTION('',(0.,0.,1.));
#6558=DIRECTION('',(-1.,0.,0.));
#6559=DIRECTION('center_axis',(1.960117891752E-15,0.,-1.));
#6560=DIRECTION('ref_axis',(-1.,0.,-1.960117891752E-15));
#6561=DIRECTION('',(1.,0.,1.960117891752E-15));
#6562=DIRECTION('',(0.,-1.,0.));
#6563=DIRECTION('',(-1.,0.,-1.960117891752E-15));
#6564=DIRECTION('',(0.,1.,0.));
#6565=DIRECTION('',(-1.11022302462516E-16,1.,0.));
#6566=DIRECTION('',(1.,0.,0.));
#6567=DIRECTION('',(0.,-1.,0.));
#6568=DIRECTION('',(1.,0.,0.));
#6569=DIRECTION('',(0.,-1.,0.));
#6570=DIRECTION('',(1.,0.,0.));
#6571=DIRECTION('',(1.70803542250024E-16,-1.,0.));
#6572=DIRECTION('',(1.,0.,0.));
#6573=DIRECTION('',(4.75809867696496E-16,1.,0.));
#6574=DIRECTION('',(1.,0.,0.));
#6575=DIRECTION('',(0.,1.,0.));
#6576=DIRECTION('',(-1.,-5.38289951333409E-16,0.));
#6577=DIRECTION('center_axis',(0.,0.,-1.));
#6578=DIRECTION('ref_axis',(-1.,0.,0.));
#6579=DIRECTION('',(1.,0.,0.));
#6580=DIRECTION('',(0.,1.,0.));
#6581=DIRECTION('',(-1.,6.72862439166762E-17,0.));
#6582=DIRECTION('center_axis',(0.,0.,-1.));
#6583=DIRECTION('ref_axis',(-1.,0.,0.));
#6584=DIRECTION('',(1.,-6.72862439166762E-17,0.));
#6585=DIRECTION('',(0.,1.,0.));
#6586=DIRECTION('',(-1.,0.,0.));
#6587=DIRECTION('',(-6.72862439166761E-17,-1.,0.));
#6588=DIRECTION('center_axis',(0.,0.,-1.));
#6589=DIRECTION('ref_axis',(-1.,0.,0.));
#6590=DIRECTION('',(6.72862439166761E-17,1.,0.));
#6591=DIRECTION('',(-1.,0.,0.));
#6592=DIRECTION('',(0.,-1.,0.));
#6593=DIRECTION('',(1.,0.,0.));
#6594=DIRECTION('center_axis',(0.,0.,-1.));
#6595=DIRECTION('ref_axis',(-1.,0.,0.));
#6596=DIRECTION('',(-1.,-1.34572487833352E-16,0.));
#6597=DIRECTION('',(0.,-1.,0.));
#6598=DIRECTION('',(1.,0.,0.));
#6599=DIRECTION('center_axis',(0.,0.,-1.));
#6600=DIRECTION('ref_axis',(-1.,0.,0.));
#6601=DIRECTION('',(-1.,0.,0.));
#6602=DIRECTION('',(0.,-1.,0.));
#6603=DIRECTION('',(1.,0.,0.));
#6604=DIRECTION('',(-1.58603289232165E-16,-1.,0.));
#6605=DIRECTION('',(1.,0.,0.));
#6606=DIRECTION('',(-1.70803542250024E-16,1.,0.));
#6607=DIRECTION('',(1.,0.,0.));
#6608=DIRECTION('',(0.,1.,0.));
#6609=DIRECTION('',(1.,0.,0.));
#6610=DIRECTION('center_axis',(0.,0.,1.));
#6611=DIRECTION('ref_axis',(-1.,0.,0.));
#6612=DIRECTION('center_axis',(0.,0.,1.));
#6613=DIRECTION('ref_axis',(-1.,0.,0.));
#6614=DIRECTION('center_axis',(0.,0.,1.));
#6615=DIRECTION('ref_axis',(-1.,0.,0.));
#6616=DIRECTION('center_axis',(0.,0.,1.));
#6617=DIRECTION('ref_axis',(-1.,0.,0.));
#6618=DIRECTION('center_axis',(0.,0.,1.));
#6619=DIRECTION('ref_axis',(-1.,0.,0.));
#6620=DIRECTION('center_axis',(-1.,0.,0.));
#6621=DIRECTION('ref_axis',(0.,-1.,0.));
#6622=DIRECTION('',(0.,0.707106781186543,-0.707106781186552));
#6623=DIRECTION('',(0.,1.,0.));
#6624=DIRECTION('center_axis',(-1.,0.,0.));
#6625=DIRECTION('ref_axis',(0.,-1.,0.));
#6626=DIRECTION('',(0.,0.707106781186543,-0.707106781186552));
#6627=DIRECTION('',(0.,1.,0.));
#6628=DIRECTION('',(0.,0.,1.));
#6629=DIRECTION('center_axis',(0.,1.,0.));
#6630=DIRECTION('ref_axis',(-1.,0.,0.));
#6631=DIRECTION('',(0.,0.,1.));
#6632=DIRECTION('center_axis',(1.,0.,0.));
#6633=DIRECTION('ref_axis',(0.,1.,0.));
#6634=DIRECTION('',(0.,-0.707106781186543,0.707106781186552));
#6635=DIRECTION('',(0.,-1.,0.));
#6636=DIRECTION('center_axis',(1.,1.11022302462516E-16,0.));
#6637=DIRECTION('ref_axis',(-1.11022302462516E-16,1.,0.));
#6638=DIRECTION('',(7.85046229341883E-17,-0.707106781186543,0.707106781186552));
#6639=DIRECTION('',(1.11022302462516E-16,-1.,0.));
#6640=DIRECTION('center_axis',(0.,0.707106781186552,0.707106781186543));
#6641=DIRECTION('ref_axis',(1.,0.,0.));
#6642=DIRECTION('',(1.,0.,0.));
#6643=DIRECTION('',(-1.20776342975674E-16,0.707106781186543,-0.707106781186552));
#6644=DIRECTION('center_axis',(0.,0.707106781186552,0.707106781186543));
#6645=DIRECTION('ref_axis',(1.,0.,0.));
#6646=DIRECTION('',(1.20776342975674E-16,-0.707106781186543,0.707106781186552));
#6647=DIRECTION('',(1.,0.,0.));
#6648=DIRECTION('center_axis',(0.,0.,-1.));
#6649=DIRECTION('ref_axis',(0.,-1.,0.));
#6650=DIRECTION('',(-1.70803542250024E-16,1.,0.));
#6651=DIRECTION('center_axis',(0.,0.,-1.));
#6652=DIRECTION('ref_axis',(0.,-1.,0.));
#6653=DIRECTION('',(1.70803542250024E-16,-1.,0.));
#6654=DIRECTION('center_axis',(1.,1.70803542250024E-16,0.));
#6655=DIRECTION('ref_axis',(-1.70803542250024E-16,1.,0.));
#6656=DIRECTION('',(0.,0.,1.));
#6657=DIRECTION('center_axis',(1.,-4.75809867696496E-16,0.));
#6658=DIRECTION('ref_axis',(4.75809867696496E-16,1.,0.));
#6659=DIRECTION('',(-4.75809867696496E-16,-1.,0.));
#6660=DIRECTION('',(-3.36448384003664E-16,-0.707106781186543,0.707106781186552));
#6661=DIRECTION('',(0.,0.,1.));
#6662=DIRECTION('center_axis',(-1.,1.58603289232165E-16,0.));
#6663=DIRECTION('ref_axis',(-1.58603289232165E-16,-1.,0.));
#6664=DIRECTION('',(1.58603289232165E-16,1.,0.));
#6665=DIRECTION('',(0.,0.,-1.));
#6666=DIRECTION('',(1.12149461334555E-16,0.707106781186543,-0.707106781186552));
#6667=DIRECTION('center_axis',(-1.,-1.70803542250024E-16,0.));
#6668=DIRECTION('ref_axis',(1.70803542250024E-16,-1.,0.));
#6669=DIRECTION('',(0.,0.,1.));
#6670=DIRECTION('center_axis',(0.,-1.,0.));
#6671=DIRECTION('ref_axis',(1.,0.,0.));
#6672=DIRECTION('center_axis',(0.,1.,0.));
#6673=DIRECTION('ref_axis',(0.,0.,1.));
#6674=DIRECTION('',(-1.,0.,-1.960117891752E-15));
#6675=DIRECTION('',(0.,0.,-1.));
#6676=DIRECTION('',(1.,0.,0.));
#6677=DIRECTION('',(-1.,0.,-1.960117891752E-15));
#6678=DIRECTION('center_axis',(0.,0.,-1.));
#6679=DIRECTION('ref_axis',(0.,-1.,0.));
#6680=DIRECTION('',(1.,0.,0.));
#6681=DIRECTION('',(0.,-1.,0.));
#6682=DIRECTION('',(1.,0.,0.));
#6683=DIRECTION('center_axis',(0.,0.,1.));
#6684=DIRECTION('ref_axis',(-1.,0.,0.));
#6685=DIRECTION('',(-1.,0.,0.));
#6686=DIRECTION('',(0.,-1.,0.));
#6687=DIRECTION('',(1.,1.34572487833352E-16,0.));
#6688=DIRECTION('center_axis',(0.,0.,1.));
#6689=DIRECTION('ref_axis',(-1.,0.,0.));
#6690=DIRECTION('',(-1.,0.,0.));
#6691=DIRECTION('',(0.,-1.,0.));
#6692=DIRECTION('',(-1.,0.,0.));
#6693=DIRECTION('',(-6.72862439166761E-17,-1.,0.));
#6694=DIRECTION('center_axis',(0.,0.,1.));
#6695=DIRECTION('ref_axis',(-1.,0.,0.));
#6696=DIRECTION('',(6.72862439166761E-17,1.,0.));
#6697=DIRECTION('',(-1.,0.,0.));
#6698=DIRECTION('',(0.,1.,0.));
#6699=DIRECTION('',(-1.,6.72862439166762E-17,0.));
#6700=DIRECTION('center_axis',(0.,0.,1.));
#6701=DIRECTION('ref_axis',(-1.,0.,0.));
#6702=DIRECTION('',(1.,-6.72862439166762E-17,0.));
#6703=DIRECTION('',(0.,1.,0.));
#6704=DIRECTION('',(-1.,0.,0.));
#6705=DIRECTION('center_axis',(0.,0.,1.));
#6706=DIRECTION('ref_axis',(-1.,0.,0.));
#6707=DIRECTION('',(1.,5.38289951333409E-16,0.));
#6708=DIRECTION('',(0.,1.,0.));
#6709=DIRECTION('',(1.,0.,0.));
#6710=DIRECTION('',(1.,0.,1.960117891752E-15));
#6711=DIRECTION('',(-1.,0.,0.));
#6712=DIRECTION('',(0.,-1.,0.));
#6713=DIRECTION('',(-1.,0.,0.));
#6714=DIRECTION('',(0.,1.,0.));
#6715=DIRECTION('center_axis',(0.,0.,-1.));
#6716=DIRECTION('ref_axis',(-1.,0.,0.));
#6717=DIRECTION('center_axis',(0.,0.,-1.));
#6718=DIRECTION('ref_axis',(-1.,0.,0.));
#6719=DIRECTION('center_axis',(0.,0.,-1.));
#6720=DIRECTION('ref_axis',(-1.,0.,0.));
#6721=DIRECTION('center_axis',(0.,0.,-1.));
#6722=DIRECTION('ref_axis',(-1.,0.,0.));
#6723=DIRECTION('center_axis',(0.,0.,-1.));
#6724=DIRECTION('ref_axis',(-1.,0.,0.));
#6725=DIRECTION('center_axis',(0.,0.,-1.));
#6726=DIRECTION('ref_axis',(0.,-1.,0.));
#6727=DIRECTION('',(1.,0.,0.));
#6728=DIRECTION('center_axis',(0.,0.707106781186552,0.707106781186543));
#6729=DIRECTION('ref_axis',(1.,0.,0.));
#6730=DIRECTION('',(-0.57735026918962,0.577350269189625,-0.577350269189632));
#6731=DIRECTION('center_axis',(0.,0.707106781186552,0.707106781186543));
#6732=DIRECTION('ref_axis',(1.,0.,0.));
#6733=DIRECTION('',(0.577350269189622,0.577350269189624,-0.577350269189631));
#6734=DIRECTION('center_axis',(0.,0.,-1.));
#6735=DIRECTION('ref_axis',(-1.,0.,0.));
#6736=DIRECTION('',(0.,-1.,0.));
#6737=DIRECTION('',(1.,0.,0.));
#6738=DIRECTION('center_axis',(1.,0.,0.));
#6739=DIRECTION('ref_axis',(0.,0.,-1.));
#6740=DIRECTION('',(0.,0.,1.));
#6741=DIRECTION('center_axis',(-1.,0.,0.));
#6742=DIRECTION('ref_axis',(0.,-1.,0.));
#6743=DIRECTION('center_axis',(0.,-0.707106781186552,0.707106781186543));
#6744=DIRECTION('ref_axis',(1.,0.,0.));
#6745=DIRECTION('',(1.26083182288243E-15,-0.707106781186543,-0.707106781186552));
#6746=DIRECTION('',(0.577350269189624,-0.577350269189624,-0.57735026918963));
#6747=DIRECTION('center_axis',(0.707106781186552,0.,0.707106781186543));
#6748=DIRECTION('ref_axis',(0.707106781186543,0.,-0.707106781186552));
#6749=DIRECTION('',(-0.707106781186543,0.,0.707106781186552));
#6750=DIRECTION('center_axis',(-0.707106781186555,0.,0.70710678118654));
#6751=DIRECTION('ref_axis',(0.70710678118654,0.,0.707106781186555));
#6752=DIRECTION('',(-0.70710678118654,4.75785593540534E-17,-0.707106781186555));
#6753=DIRECTION('',(-0.57735026918962,-0.577350269189625,-0.577350269189632));
#6754=DIRECTION('center_axis',(0.,-0.707106781186552,0.707106781186543));
#6755=DIRECTION('ref_axis',(1.,0.,0.));
#6756=DIRECTION('',(-1.26083182288243E-15,0.707106781186543,0.707106781186552));
#6757=DIRECTION('center_axis',(0.707106781186552,0.,0.707106781186543));
#6758=DIRECTION('ref_axis',(0.707106781186543,0.,-0.707106781186552));
#6759=DIRECTION('',(-0.707106781186543,0.,0.707106781186552));
#6760=DIRECTION('',(0.707106781186543,9.51571187081068E-17,-0.707106781186552));
#6761=DIRECTION('center_axis',(-0.707106781186555,0.,0.70710678118654));
#6762=DIRECTION('ref_axis',(0.70710678118654,0.,0.707106781186555));
#6763=DIRECTION('',(0.70710678118654,-4.75785593540534E-17,0.707106781186555));
#6764=DIRECTION('',(-0.70710678118654,0.,-0.707106781186555));
#6765=DIRECTION('center_axis',(0.707106781186552,0.,0.707106781186543));
#6766=DIRECTION('ref_axis',(0.707106781186543,0.,-0.707106781186552));
#6767=DIRECTION('',(0.707106781186543,0.,-0.707106781186552));
#6768=DIRECTION('center_axis',(0.,0.707106781186552,0.707106781186543));
#6769=DIRECTION('ref_axis',(1.,0.,0.));
#6770=DIRECTION('center_axis',(-0.707106781186555,0.,0.70710678118654));
#6771=DIRECTION('ref_axis',(0.70710678118654,0.,0.707106781186555));
#6772=DIRECTION('',(0.70710678118654,3.80628474832427E-16,0.707106781186555));
#6773=DIRECTION('center_axis',(-1.85037170770859E-15,0.,1.));
#6774=DIRECTION('ref_axis',(-1.,0.,-1.85037170770859E-15));
#6775=DIRECTION('',(1.85037170770859E-15,0.,-1.));
#6776=DIRECTION('center_axis',(-1.85037170770859E-15,0.,1.));
#6777=DIRECTION('ref_axis',(-1.,0.,-1.85037170770859E-15));
#6778=DIRECTION('',(1.85037170770859E-15,0.,-1.));
#6779=DIRECTION('center_axis',(-1.85037170770859E-15,0.,1.));
#6780=DIRECTION('ref_axis',(-1.,0.,-1.85037170770859E-15));
#6781=DIRECTION('',(1.85037170770859E-15,0.,-1.));
#6782=DIRECTION('center_axis',(-1.85037170770859E-15,0.,1.));
#6783=DIRECTION('ref_axis',(-1.,0.,-1.85037170770859E-15));
#6784=DIRECTION('',(1.85037170770859E-15,0.,-1.));
#6785=DIRECTION('center_axis',(-1.85037170770859E-15,0.,1.));
#6786=DIRECTION('ref_axis',(-1.,0.,-1.85037170770859E-15));
#6787=DIRECTION('',(1.85037170770859E-15,0.,-1.));
#6788=DIRECTION('center_axis',(-1.85037170770859E-15,0.,1.));
#6789=DIRECTION('ref_axis',(-1.,0.,-1.85037170770859E-15));
#6790=DIRECTION('',(-1.85037170770859E-15,0.,1.));
#6791=DIRECTION('',(-1.85037170770859E-15,0.,1.));
#6792=DIRECTION('center_axis',(-1.,6.72862439166761E-17,-1.85037170770859E-15));
#6793=DIRECTION('ref_axis',(-6.72862439166761E-17,-1.,0.));
#6794=DIRECTION('center_axis',(0.,1.,0.));
#6795=DIRECTION('ref_axis',(-1.,0.,0.));
#6796=DIRECTION('',(-1.85037170770859E-15,0.,1.));
#6797=DIRECTION('center_axis',(-1.85037170770859E-15,0.,1.));
#6798=DIRECTION('ref_axis',(1.,-1.22464679914735E-16,1.85037170770859E-15));
#6799=DIRECTION('',(-1.85037170770859E-15,0.,1.));
#6800=DIRECTION('center_axis',(1.34572487833352E-16,-1.,2.49009124122794E-31));
#6801=DIRECTION('ref_axis',(1.,1.34572487833352E-16,0.));
#6802=DIRECTION('center_axis',(0.,1.,0.));
#6803=DIRECTION('ref_axis',(-1.,0.,0.));
#6804=DIRECTION('',(-1.85037170770859E-15,0.,1.));
#6805=DIRECTION('center_axis',(-1.85037170770859E-15,0.,1.));
#6806=DIRECTION('ref_axis',(1.,-1.22464679914735E-16,1.85037170770859E-15));
#6807=DIRECTION('',(-1.85037170770859E-15,0.,1.));
#6808=DIRECTION('center_axis',(0.,-1.,0.));
#6809=DIRECTION('ref_axis',(1.,0.,0.));
#6810=DIRECTION('center_axis',(5.38289951333409E-16,-1.,9.96036496491177E-31));
#6811=DIRECTION('ref_axis',(1.,5.38289951333409E-16,0.));
#6812=DIRECTION('',(-1.85037170770859E-15,0.,1.));
#6813=DIRECTION('center_axis',(-1.85037170770859E-15,0.,1.));
#6814=DIRECTION('ref_axis',(-1.,0.,-1.85037170770859E-15));
#6815=DIRECTION('',(-1.85037170770859E-15,0.,1.));
#6816=DIRECTION('center_axis',(0.,1.,0.));
#6817=DIRECTION('ref_axis',(-1.,0.,0.));
#6818=DIRECTION('center_axis',(-6.72862439166762E-17,-1.,-1.24504562061397E-31));
#6819=DIRECTION('ref_axis',(1.,-6.72862439166762E-17,0.));
#6820=DIRECTION('',(-1.85037170770859E-15,0.,1.));
#6821=DIRECTION('center_axis',(-1.85037170770859E-15,0.,1.));
#6822=DIRECTION('ref_axis',(-1.,0.,-1.85037170770859E-15));
#6823=DIRECTION('',(-1.85037170770859E-15,0.,1.));
#6824=DIRECTION('center_axis',(6.72862439166762E-17,1.,1.24504562061397E-31));
#6825=DIRECTION('ref_axis',(-1.,6.72862439166762E-17,0.));
#6826=DIRECTION('center_axis',(1.,-6.72862439166761E-17,1.85037170770859E-15));
#6827=DIRECTION('ref_axis',(6.72862439166761E-17,1.,0.));
#6828=DIRECTION('center_axis',(-1.,0.,0.));
#6829=DIRECTION('ref_axis',(0.,-1.,0.));
#6830=DIRECTION('',(0.,0.,1.));
#6831=DIRECTION('',(0.,0.,1.));
#6832=DIRECTION('center_axis',(0.,-1.,0.));
#6833=DIRECTION('ref_axis',(1.,0.,0.));
#6834=DIRECTION('',(-1.,0.,0.));
#6835=DIRECTION('',(0.,0.,-1.));
#6836=DIRECTION('',(-1.,0.,0.));
#6837=DIRECTION('',(1.,0.,0.));
#6838=DIRECTION('',(0.,0.,-1.));
#6839=DIRECTION('',(-1.,0.,0.));
#6840=DIRECTION('',(0.,0.,1.));
#6841=DIRECTION('',(1.,0.,0.));
#6842=DIRECTION('',(0.,0.,-1.));
#6843=DIRECTION('',(-1.,0.,0.));
#6844=DIRECTION('',(0.,0.,1.));
#6845=DIRECTION('',(-1.,0.,0.));
#6846=DIRECTION('',(0.,0.,1.));
#6847=DIRECTION('',(1.,0.,0.));
#6848=DIRECTION('',(0.,0.,1.));
#6849=DIRECTION('',(1.,0.,0.));
#6850=DIRECTION('',(0.,0.,-1.));
#6851=DIRECTION('',(1.,0.,0.));
#6852=DIRECTION('',(0.,0.,-1.));
#6853=DIRECTION('',(-1.,0.,0.));
#6854=DIRECTION('center_axis',(0.,-1.,0.));
#6855=DIRECTION('ref_axis',(1.,0.,0.));
#6856=DIRECTION('',(0.,0.,-1.));
#6857=DIRECTION('center_axis',(1.,0.,0.));
#6858=DIRECTION('ref_axis',(0.,1.,0.));
#6859=DIRECTION('center_axis',(-1.,0.,0.));
#6860=DIRECTION('ref_axis',(0.,1.,0.));
#6861=DIRECTION('',(-1.,0.,0.));
#6862=DIRECTION('center_axis',(1.,0.,0.));
#6863=DIRECTION('ref_axis',(0.,1.,0.));
#6864=DIRECTION('center_axis',(1.,0.,0.));
#6865=DIRECTION('ref_axis',(0.,1.,0.));
#6866=DIRECTION('center_axis',(1.,0.,0.));
#6867=DIRECTION('ref_axis',(0.,1.,0.));
#6868=DIRECTION('',(-1.,0.,0.));
#6869=DIRECTION('center_axis',(1.,0.,0.));
#6870=DIRECTION('ref_axis',(0.,1.,0.));
#6871=DIRECTION('center_axis',(1.,0.,0.));
#6872=DIRECTION('ref_axis',(0.,0.,-1.));
#6873=DIRECTION('',(0.,0.,-1.));
#6874=DIRECTION('center_axis',(1.,0.,0.));
#6875=DIRECTION('ref_axis',(0.,1.,0.));
#6876=DIRECTION('center_axis',(-1.,0.,0.));
#6877=DIRECTION('ref_axis',(0.,1.,0.));
#6878=DIRECTION('',(-1.,0.,0.));
#6879=DIRECTION('center_axis',(1.,0.,0.));
#6880=DIRECTION('ref_axis',(0.,1.,0.));
#6881=DIRECTION('center_axis',(1.,0.,0.));
#6882=DIRECTION('ref_axis',(0.,1.,0.));
#6883=DIRECTION('center_axis',(1.,0.,0.));
#6884=DIRECTION('ref_axis',(0.,1.,0.));
#6885=DIRECTION('',(-1.,0.,0.));
#6886=DIRECTION('center_axis',(1.,0.,0.));
#6887=DIRECTION('ref_axis',(0.,1.,0.));
#6888=DIRECTION('center_axis',(1.,0.,0.));
#6889=DIRECTION('ref_axis',(0.,0.,-1.));
#6890=DIRECTION('center_axis',(0.,0.,1.));
#6891=DIRECTION('ref_axis',(0.707106781186548,-0.707106781186548,0.));
#6892=DIRECTION('center_axis',(0.,0.,-1.));
#6893=DIRECTION('ref_axis',(0.707106781186548,-0.707106781186548,0.));
#6894=DIRECTION('',(0.,0.,-1.));
#6895=DIRECTION('',(0.,0.,1.));
#6896=DIRECTION('center_axis',(0.,-1.,0.));
#6897=DIRECTION('ref_axis',(1.,0.,0.));
#6898=DIRECTION('',(1.,0.,0.));
#6899=DIRECTION('',(0.,0.,1.));
#6900=DIRECTION('',(-1.,0.,0.));
#6901=DIRECTION('',(0.,0.,1.));
#6902=DIRECTION('',(1.,0.,0.));
#6903=DIRECTION('',(0.,0.,-1.));
#6904=DIRECTION('',(0.,0.,-1.));
#6905=DIRECTION('',(-1.,0.,0.));
#6906=DIRECTION('',(0.,0.,1.));
#6907=DIRECTION('',(1.,0.,0.));
#6908=DIRECTION('center_axis',(0.,0.,1.));
#6909=DIRECTION('ref_axis',(1.,0.,0.));
#6910=DIRECTION('',(-5.9211894646675E-17,1.,0.));
#6911=DIRECTION('',(-1.,0.,0.));
#6912=DIRECTION('',(0.,-1.,0.));
#6913=DIRECTION('',(-1.,0.,0.));
#6914=DIRECTION('',(-2.368475785867E-16,-1.,0.));
#6915=DIRECTION('center_axis',(0.,0.,-1.));
#6916=DIRECTION('ref_axis',(-0.707106781186551,-0.707106781186544,0.));
#6917=DIRECTION('center_axis',(0.,0.,1.));
#6918=DIRECTION('ref_axis',(-0.707106781186551,-0.707106781186544,0.));
#6919=DIRECTION('',(0.,0.,-1.));
#6920=DIRECTION('center_axis',(-1.,2.368475785867E-16,0.));
#6921=DIRECTION('ref_axis',(-2.368475785867E-16,-1.,0.));
#6922=DIRECTION('',(0.,0.,-1.));
#6923=DIRECTION('',(0.,0.,-1.));
#6924=DIRECTION('',(2.368475785867E-16,1.,0.));
#6925=DIRECTION('',(0.,0.,1.));
#6926=DIRECTION('',(-2.368475785867E-16,-1.,0.));
#6927=DIRECTION('center_axis',(1.,0.,0.));
#6928=DIRECTION('ref_axis',(0.,-1.,0.));
#6929=DIRECTION('',(0.,1.,0.));
#6930=DIRECTION('',(0.,0.,-1.));
#6931=DIRECTION('',(0.,-1.,0.));
#6932=DIRECTION('center_axis',(-1.,0.,0.));
#6933=DIRECTION('ref_axis',(0.,1.,0.));
#6934=DIRECTION('',(0.,1.,0.));
#6935=DIRECTION('',(0.,0.,-1.));
#6936=DIRECTION('',(0.,-1.,0.));
#6937=DIRECTION('center_axis',(0.707106781186544,-2.49367625790951E-15,
-0.707106781186551));
#6938=DIRECTION('ref_axis',(-0.707106781186551,0.,-0.707106781186544));
#6939=DIRECTION('',(0.707106781186551,-2.35513868802549E-15,0.707106781186544));
#6940=DIRECTION('',(3.52659078410344E-15,1.,0.));
#6941=DIRECTION('',(0.,-1.,0.));
#6942=DIRECTION('',(3.52659078410344E-15,1.,0.));
#6943=DIRECTION('center_axis',(3.33066907387521E-15,1.,0.));
#6944=DIRECTION('ref_axis',(1.,-3.33066907387521E-15,0.));
#6945=DIRECTION('',(-1.,3.33066907387521E-15,0.));
#6946=DIRECTION('center_axis',(-0.707106781186544,4.61791899612873E-17,
-0.707106781186551));
#6947=DIRECTION('ref_axis',(-0.707106781186551,0.,0.707106781186544));
#6948=DIRECTION('',(0.707106781186551,-6.28036983473513E-15,-0.707106781186544));
#6949=DIRECTION('',(6.53072367426563E-17,1.,0.));
#6950=DIRECTION('center_axis',(8.88178419700126E-15,1.,0.));
#6951=DIRECTION('ref_axis',(1.,-8.88178419700126E-15,0.));
#6952=DIRECTION('',(-1.,8.88178419700126E-15,0.));
#6953=DIRECTION('center_axis',(1.,0.,0.));
#6954=DIRECTION('ref_axis',(0.,0.,-1.));
#6955=DIRECTION('',(0.,1.,0.));
#6956=DIRECTION('',(0.,0.,1.));
#6957=DIRECTION('center_axis',(0.,0.,1.));
#6958=DIRECTION('ref_axis',(1.,0.,0.));
#6959=DIRECTION('center_axis',(-1.,0.,0.));
#6960=DIRECTION('ref_axis',(0.,-1.,0.));
#6961=DIRECTION('center_axis',(0.,0.,-1.));
#6962=DIRECTION('ref_axis',(1.,0.,0.));
#6963=DIRECTION('',(-0.999999999999819,6.00631327823684E-7,0.));
#6964=DIRECTION('center_axis',(0.,0.,-1.));
#6965=DIRECTION('ref_axis',(1.,0.,0.));
#6966=DIRECTION('',(0.999999999999819,-6.00631328412426E-7,0.));
#6967=DIRECTION('center_axis',(0.,0.,1.));
#6968=DIRECTION('ref_axis',(1.,0.,0.));
#6969=DIRECTION('center_axis',(-6.00631327823684E-7,-0.99999999999982,0.));
#6970=DIRECTION('ref_axis',(-0.999999999999819,6.00631327823684E-7,0.));
#6971=DIRECTION('',(-0.999999999999819,6.00631327823684E-7,0.));
#6972=DIRECTION('',(0.,0.,-1.));
#6973=DIRECTION('center_axis',(0.,0.,-1.));
#6974=DIRECTION('ref_axis',(1.,0.,0.));
#6975=DIRECTION('',(0.,0.,1.));
#6976=DIRECTION('center_axis',(0.,0.,1.));
#6977=DIRECTION('ref_axis',(1.,0.,0.));
#6978=DIRECTION('center_axis',(6.00631328412426E-7,0.99999999999982,0.));
#6979=DIRECTION('ref_axis',(0.999999999999819,-6.00631328412426E-7,0.));
#6980=DIRECTION('',(0.,0.,-1.));
#6981=DIRECTION('',(0.999999999999819,-6.00631328412426E-7,0.));
#6982=DIRECTION('center_axis',(0.,0.,-1.));
#6983=DIRECTION('ref_axis',(-0.99999999999982,6.00631324109881E-7,0.));
#6984=DIRECTION('center_axis',(0.,0.,-1.));
#6985=DIRECTION('ref_axis',(1.,0.,0.));
#6986=DIRECTION('center_axis',(0.,0.,-1.));
#6987=DIRECTION('ref_axis',(1.,0.,0.));
#6988=DIRECTION('center_axis',(0.,0.,-1.));
#6989=DIRECTION('ref_axis',(1.,0.,0.));
#6990=DIRECTION('',(1.,3.55362985118822E-16,0.));
#6991=DIRECTION('center_axis',(0.,0.,-1.));
#6992=DIRECTION('ref_axis',(1.,0.,0.));
#6993=DIRECTION('',(8.88178419700125E-16,-1.,0.));
#6994=DIRECTION('',(1.,-1.58603289232165E-16,0.));
#6995=DIRECTION('center_axis',(0.,0.,1.));
#6996=DIRECTION('ref_axis',(1.,0.,0.));
#6997=DIRECTION('center_axis',(0.,0.,-1.));
#6998=DIRECTION('ref_axis',(1.,0.,0.));
#6999=DIRECTION('center_axis',(0.,0.,1.));
#7000=DIRECTION('ref_axis',(1.,0.,0.));
#7001=DIRECTION('',(0.,0.,1.));
#7002=DIRECTION('center_axis',(0.,0.,-1.));
#7003=DIRECTION('ref_axis',(-0.169101978725762,-0.985598559653489,0.));
#7004=DIRECTION('',(0.,0.,-1.));
#7005=DIRECTION('center_axis',(0.,0.,-1.));
#7006=DIRECTION('ref_axis',(1.,0.,0.));
#7007=DIRECTION('',(0.,0.,-1.));
#7008=DIRECTION('center_axis',(1.,8.88178419700125E-16,0.));
#7009=DIRECTION('ref_axis',(8.88178419700125E-16,-1.,0.));
#7010=DIRECTION('',(8.88178419700125E-16,-1.,0.));
#7011=DIRECTION('',(0.,0.,-1.));
#7012=DIRECTION('center_axis',(1.58603289232165E-16,1.,0.));
#7013=DIRECTION('ref_axis',(1.,-1.58603289232165E-16,0.));
#7014=DIRECTION('',(1.,-1.58603289232165E-16,0.));
#7015=DIRECTION('center_axis',(0.,0.,-1.));
#7016=DIRECTION('ref_axis',(1.,0.,0.));
#7017=DIRECTION('',(-1.,-3.55362985118822E-16,0.));
#7018=DIRECTION('center_axis',(1.,0.,0.));
#7019=DIRECTION('ref_axis',(0.,0.,-1.));
#7020=DIRECTION('center_axis',(1.,0.,0.));
#7021=DIRECTION('ref_axis',(0.,1.,0.));
#7022=DIRECTION('center_axis',(-1.,0.,0.));
#7023=DIRECTION('ref_axis',(0.,1.,0.));
#7024=DIRECTION('',(-1.,0.,0.));
#7025=DIRECTION('center_axis',(1.,0.,0.));
#7026=DIRECTION('ref_axis',(0.,1.,0.));
#7027=DIRECTION('center_axis',(1.,0.,0.));
#7028=DIRECTION('ref_axis',(0.,1.,0.));
#7029=DIRECTION('center_axis',(1.,0.,0.));
#7030=DIRECTION('ref_axis',(0.,1.,0.));
#7031=DIRECTION('',(-1.,0.,0.));
#7032=DIRECTION('center_axis',(1.,0.,0.));
#7033=DIRECTION('ref_axis',(0.,1.,0.));
#7034=DIRECTION('center_axis',(1.,0.,0.));
#7035=DIRECTION('ref_axis',(0.,1.,0.));
#7036=DIRECTION('center_axis',(-1.,0.,0.));
#7037=DIRECTION('ref_axis',(0.,1.,0.));
#7038=DIRECTION('',(-1.,0.,0.));
#7039=DIRECTION('center_axis',(1.,0.,0.));
#7040=DIRECTION('ref_axis',(0.,1.,0.));
#7041=DIRECTION('center_axis',(1.,0.,0.));
#7042=DIRECTION('ref_axis',(0.,1.,0.));
#7043=DIRECTION('center_axis',(1.,0.,0.));
#7044=DIRECTION('ref_axis',(0.,1.,0.));
#7045=DIRECTION('',(-1.,0.,0.));
#7046=DIRECTION('center_axis',(1.,0.,0.));
#7047=DIRECTION('ref_axis',(0.,1.,0.));
#7048=DIRECTION('center_axis',(1.,0.,0.));
#7049=DIRECTION('ref_axis',(0.,0.,-1.));
#7050=DIRECTION('center_axis',(1.,0.,0.));
#7051=DIRECTION('ref_axis',(0.,1.,0.));
#7052=DIRECTION('center_axis',(-1.,0.,0.));
#7053=DIRECTION('ref_axis',(0.,1.,0.));
#7054=DIRECTION('',(-1.,0.,0.));
#7055=DIRECTION('center_axis',(1.,0.,0.));
#7056=DIRECTION('ref_axis',(0.,1.,0.));
#7057=DIRECTION('center_axis',(1.,0.,0.));
#7058=DIRECTION('ref_axis',(0.,1.,0.));
#7059=DIRECTION('center_axis',(1.,0.,0.));
#7060=DIRECTION('ref_axis',(0.,1.,0.));
#7061=DIRECTION('',(-1.,0.,0.));
#7062=DIRECTION('center_axis',(1.,0.,0.));
#7063=DIRECTION('ref_axis',(0.,1.,0.));
#7064=DIRECTION('center_axis',(1.,0.,0.));
#7065=DIRECTION('ref_axis',(0.,0.,-1.));
#7066=DIRECTION('center_axis',(1.,0.,0.));
#7067=DIRECTION('ref_axis',(0.,1.,0.));
#7068=DIRECTION('center_axis',(-1.,0.,0.));
#7069=DIRECTION('ref_axis',(0.,1.,0.));
#7070=DIRECTION('',(-1.,0.,0.));
#7071=DIRECTION('center_axis',(1.,0.,0.));
#7072=DIRECTION('ref_axis',(0.,1.,0.));
#7073=DIRECTION('center_axis',(1.,0.,0.));
#7074=DIRECTION('ref_axis',(0.,1.,0.));
#7075=DIRECTION('center_axis',(1.,0.,0.));
#7076=DIRECTION('ref_axis',(0.,1.,0.));
#7077=DIRECTION('',(-1.,0.,0.));
#7078=DIRECTION('center_axis',(1.,0.,0.));
#7079=DIRECTION('ref_axis',(0.,1.,0.));
#7080=DIRECTION('center_axis',(1.,0.,0.));
#7081=DIRECTION('ref_axis',(0.,0.,-1.));
#7082=DIRECTION('center_axis',(1.,0.,0.));
#7083=DIRECTION('ref_axis',(0.,1.,0.));
#7084=DIRECTION('center_axis',(-1.,0.,0.));
#7085=DIRECTION('ref_axis',(0.,1.,0.));
#7086=DIRECTION('',(-1.,0.,0.));
#7087=DIRECTION('center_axis',(1.,0.,0.));
#7088=DIRECTION('ref_axis',(0.,1.,0.));
#7089=DIRECTION('center_axis',(1.,0.,0.));
#7090=DIRECTION('ref_axis',(0.,1.,0.));
#7091=DIRECTION('center_axis',(1.,0.,0.));
#7092=DIRECTION('ref_axis',(0.,1.,0.));
#7093=DIRECTION('',(-1.,0.,0.));
#7094=DIRECTION('center_axis',(1.,0.,0.));
#7095=DIRECTION('ref_axis',(0.,1.,0.));
#7096=DIRECTION('center_axis',(1.,0.,0.));
#7097=DIRECTION('ref_axis',(0.,0.,-1.));
#7098=DIRECTION('center_axis',(0.,-0.707106781186549,0.707106781186546));
#7099=DIRECTION('ref_axis',(1.,0.,0.));
#7100=DIRECTION('',(0.,-0.707106781186546,-0.707106781186549));
#7101=DIRECTION('',(-1.,0.,0.));
#7102=DIRECTION('center_axis',(1.,0.,0.));
#7103=DIRECTION('ref_axis',(0.,0.,-1.));
#7104=DIRECTION('',(0.,-1.,0.));
#7105=DIRECTION('',(0.,0.,-1.));
#7106=DIRECTION('',(0.,1.,0.));
#7107=DIRECTION('',(0.,0.,-1.));
#7108=DIRECTION('center_axis',(0.,-0.70710678118655,-0.707106781186545));
#7109=DIRECTION('ref_axis',(-1.,0.,0.));
#7110=DIRECTION('',(0.,-0.707106781186545,0.70710678118655));
#7111=DIRECTION('',(1.,0.,0.));
#7112=DIRECTION('center_axis',(-1.,0.,0.));
#7113=DIRECTION('ref_axis',(0.,0.,1.));
#7114=DIRECTION('',(0.,-1.,0.));
#7115=DIRECTION('',(0.,0.,1.));
#7116=DIRECTION('',(0.,1.,0.));
#7117=DIRECTION('',(0.,0.,1.));
#7118=DIRECTION('center_axis',(0.,-1.,0.));
#7119=DIRECTION('ref_axis',(0.,0.,-1.));
#7120=DIRECTION('',(-1.,0.,0.));
#7121=DIRECTION('',(1.,0.,0.));
#7122=DIRECTION('center_axis',(0.,-1.,0.));
#7123=DIRECTION('ref_axis',(0.,0.,-1.));
#7124=DIRECTION('',(1.,0.,0.));
#7125=DIRECTION('',(-1.,0.,0.));
#7126=DIRECTION('center_axis',(0.,0.,-1.));
#7127=DIRECTION('ref_axis',(1.,0.,0.));
#7128=DIRECTION('center_axis',(0.,0.,1.));
#7129=DIRECTION('ref_axis',(-1.,0.,0.));
#7130=DIRECTION('center_axis',(-1.,0.,0.));
#7131=DIRECTION('ref_axis',(0.,0.,1.));
#7132=DIRECTION('',(0.,0.,-1.));
#7133=DIRECTION('',(0.,1.,0.));
#7134=DIRECTION('',(0.,0.,-1.));
#7135=DIRECTION('',(0.,1.,0.));
#7136=DIRECTION('center_axis',(0.,0.,-1.));
#7137=DIRECTION('ref_axis',(-1.,0.,0.));
#7138=DIRECTION('',(1.,0.,0.));
#7139=DIRECTION('',(1.,0.,0.));
#7140=DIRECTION('',(1.,0.,0.));
#7141=DIRECTION('',(0.,1.,0.));
#7142=DIRECTION('center_axis',(1.,0.,0.));
#7143=DIRECTION('ref_axis',(0.,0.,-1.));
#7144=DIRECTION('',(0.,0.,1.));
#7145=DIRECTION('',(0.,0.,1.));
#7146=DIRECTION('',(0.,1.,0.));
#7147=DIRECTION('center_axis',(0.,0.,1.));
#7148=DIRECTION('ref_axis',(1.,0.,0.));
#7149=DIRECTION('',(-1.,0.,0.));
#7150=DIRECTION('',(-1.,0.,0.));
#7151=DIRECTION('',(-1.,0.,0.));
#7152=DIRECTION('center_axis',(1.,0.,0.));
#7153=DIRECTION('ref_axis',(0.,0.,-1.));
#7154=DIRECTION('',(0.,1.,0.));
#7155=DIRECTION('',(0.,0.,-1.));
#7156=DIRECTION('',(0.,1.,0.));
#7157=DIRECTION('center_axis',(0.,0.,-1.));
#7158=DIRECTION('ref_axis',(-1.,0.,0.));
#7159=DIRECTION('',(0.,1.,0.));
#7160=DIRECTION('',(-1.,0.,0.));
#7161=DIRECTION('center_axis',(1.,0.,0.));
#7162=DIRECTION('ref_axis',(0.,0.,-1.));
#7163=DIRECTION('',(0.,1.,0.));
#7164=DIRECTION('',(0.,0.,-1.));
#7165=DIRECTION('center_axis',(0.,0.,1.));
#7166=DIRECTION('ref_axis',(1.,0.,0.));
#7167=DIRECTION('',(0.,1.,0.));
#7168=DIRECTION('',(1.,0.,0.));
#7169=DIRECTION('center_axis',(1.,0.,0.));
#7170=DIRECTION('ref_axis',(0.,0.,-1.));
#7171=DIRECTION('',(0.,1.,0.));
#7172=DIRECTION('',(0.,0.,-1.));
#7173=DIRECTION('center_axis',(0.,0.,1.));
#7174=DIRECTION('ref_axis',(1.,0.,0.));
#7175=DIRECTION('',(0.,1.,0.));
#7176=DIRECTION('',(1.,0.,0.));
#7177=DIRECTION('center_axis',(-1.,0.,0.));
#7178=DIRECTION('ref_axis',(0.,0.,1.));
#7179=DIRECTION('',(0.,1.,0.));
#7180=DIRECTION('',(0.,0.,1.));
#7181=DIRECTION('center_axis',(0.,0.,1.));
#7182=DIRECTION('ref_axis',(1.,0.,0.));
#7183=DIRECTION('',(0.,1.,0.));
#7184=DIRECTION('',(1.,0.,0.));
#7185=DIRECTION('center_axis',(-1.,0.,0.));
#7186=DIRECTION('ref_axis',(0.,0.,1.));
#7187=DIRECTION('',(0.,1.,0.));
#7188=DIRECTION('',(0.,0.,1.));
#7189=DIRECTION('center_axis',(0.,0.,-1.));
#7190=DIRECTION('ref_axis',(-1.,0.,0.));
#7191=DIRECTION('',(0.,1.,0.));
#7192=DIRECTION('',(-1.,0.,0.));
#7193=DIRECTION('center_axis',(-1.,0.,0.));
#7194=DIRECTION('ref_axis',(0.,0.,1.));
#7195=DIRECTION('',(0.,1.,0.));
#7196=DIRECTION('',(0.,0.,1.));
#7197=DIRECTION('center_axis',(0.,0.,-1.));
#7198=DIRECTION('ref_axis',(-1.,0.,0.));
#7199=DIRECTION('',(-1.,0.,0.));
#7200=DIRECTION('center_axis',(0.,1.,0.));
#7201=DIRECTION('ref_axis',(0.,0.,1.));
#7202=DIRECTION('center_axis',(1.,0.,0.));
#7203=DIRECTION('ref_axis',(0.,0.,-1.));
#7204=DIRECTION('',(0.,1.,0.));
#7205=DIRECTION('',(0.,0.,-1.));
#7206=DIRECTION('',(0.,1.,0.));
#7207=DIRECTION('',(0.,0.,1.));
#7208=DIRECTION('',(0.,1.,0.));
#7209=DIRECTION('',(0.,0.,1.));
#7210=DIRECTION('center_axis',(1.,0.,0.));
#7211=DIRECTION('ref_axis',(0.,0.,-1.));
#7212=DIRECTION('',(0.,-1.,0.));
#7213=DIRECTION('',(0.,0.,1.));
#7214=DIRECTION('',(0.,1.,0.));
#7215=DIRECTION('',(0.,0.,1.));
#7216=DIRECTION('',(0.,1.,0.));
#7217=DIRECTION('',(0.,0.,-1.));
#7218=DIRECTION('center_axis',(0.,-1.,0.));
#7219=DIRECTION('ref_axis',(1.,0.,0.));
#7220=DIRECTION('',(1.,0.,0.));
#7221=DIRECTION('',(0.,0.,1.));
#7222=DIRECTION('',(-1.,0.,0.));
#7223=DIRECTION('',(-1.,0.,0.));
#7224=DIRECTION('',(0.,0.,-1.));
#7225=DIRECTION('',(-1.,0.,0.));
#7226=DIRECTION('center_axis',(0.,0.,-1.));
#7227=DIRECTION('ref_axis',(-1.,0.,0.));
#7228=DIRECTION('',(1.,0.,0.));
#7229=DIRECTION('',(0.,1.,0.));
#7230=DIRECTION('',(-1.,0.,0.));
#7231=DIRECTION('center_axis',(0.,-1.,0.));
#7232=DIRECTION('ref_axis',(0.,0.,1.));
#7233=DIRECTION('',(0.,0.,-1.));
#7234=DIRECTION('',(-1.,0.,0.));
#7235=DIRECTION('',(0.,0.,1.));
#7236=DIRECTION('',(1.,0.,0.));
#7237=DIRECTION('',(0.,0.,1.));
#7238=DIRECTION('',(-1.,0.,0.));
#7239=DIRECTION('',(1.,0.,0.));
#7240=DIRECTION('',(0.,0.,-1.));
#7241=DIRECTION('center_axis',(0.,-1.,0.));
#7242=DIRECTION('ref_axis',(-1.,0.,0.));
#7243=DIRECTION('center_axis',(0.,-1.,0.));
#7244=DIRECTION('ref_axis',(-1.,0.,0.));
#7245=DIRECTION('',(0.,0.,-1.));
#7246=DIRECTION('',(1.,0.,0.));
#7247=DIRECTION('',(0.,0.,1.));
#7248=DIRECTION('',(1.,0.,0.));
#7249=DIRECTION('',(0.,0.,1.));
#7250=DIRECTION('',(-1.,0.,0.));
#7251=DIRECTION('',(0.,0.,1.));
#7252=DIRECTION('',(-1.,0.,0.));
#7253=DIRECTION('',(-1.,0.,0.));
#7254=DIRECTION('',(0.,0.,-1.));
#7255=DIRECTION('',(-1.,0.,0.));
#7256=DIRECTION('',(0.,0.,-1.));
#7257=DIRECTION('',(1.,0.,0.));
#7258=DIRECTION('center_axis',(1.,0.,0.));
#7259=DIRECTION('ref_axis',(0.,0.,-1.));
#7260=DIRECTION('',(0.,1.,0.));
#7261=DIRECTION('',(0.,0.,-1.));
#7262=DIRECTION('',(0.,1.,0.));
#7263=DIRECTION('center_axis',(0.,0.,1.));
#7264=DIRECTION('ref_axis',(1.,0.,0.));
#7265=DIRECTION('',(-1.,0.,0.));
#7266=DIRECTION('',(0.,1.,0.));
#7267=DIRECTION('center_axis',(0.,0.,-1.));
#7268=DIRECTION('ref_axis',(-1.,0.,0.));
#7269=DIRECTION('',(0.,1.,0.));
#7270=DIRECTION('',(-1.,0.,0.));
#7271=DIRECTION('center_axis',(0.,1.,0.));
#7272=DIRECTION('ref_axis',(0.,0.,1.));
#7273=DIRECTION('',(0.,0.,1.));
#7274=DIRECTION('',(1.,0.,0.));
#7275=DIRECTION('center_axis',(0.,0.,1.));
#7276=DIRECTION('ref_axis',(1.,0.,0.));
#7277=DIRECTION('',(0.,1.,0.));
#7278=DIRECTION('center_axis',(-1.,0.,0.));
#7279=DIRECTION('ref_axis',(0.,0.,1.));
#7280=DIRECTION('',(0.,1.,0.));
#7281=DIRECTION('',(0.,1.,0.));
#7282=DIRECTION('center_axis',(1.,0.,0.));
#7283=DIRECTION('ref_axis',(0.,0.,-1.));
#7284=DIRECTION('center_axis',(0.,1.,0.));
#7285=DIRECTION('ref_axis',(0.,0.,1.));
#7286=DIRECTION('center_axis',(-1.,0.,0.));
#7287=DIRECTION('ref_axis',(0.,0.,1.));
#7288=DIRECTION('',(0.,1.,0.));
#7289=DIRECTION('',(0.,0.,1.));
#7290=DIRECTION('',(0.,1.,0.));
#7291=DIRECTION('center_axis',(0.,0.,-1.));
#7292=DIRECTION('ref_axis',(-1.,0.,0.));
#7293=DIRECTION('',(-1.,0.,0.));
#7294=DIRECTION('',(0.,1.,0.));
#7295=DIRECTION('center_axis',(0.,0.,-1.));
#7296=DIRECTION('ref_axis',(1.,0.,0.));
#7297=DIRECTION('',(0.,-1.,0.));
#7298=DIRECTION('',(1.,0.,0.));
#7299=DIRECTION('',(0.,-1.,0.));
#7300=DIRECTION('',(1.,0.,0.));
#7301=DIRECTION('center_axis',(1.,0.,0.));
#7302=DIRECTION('ref_axis',(0.,0.,-1.));
#7303=DIRECTION('',(0.,1.,0.));
#7304=DIRECTION('',(0.,0.,1.));
#7305=DIRECTION('',(0.,1.,0.));
#7306=DIRECTION('center_axis',(0.,0.,1.));
#7307=DIRECTION('ref_axis',(1.,0.,0.));
#7308=DIRECTION('',(1.,0.,0.));
#7309=DIRECTION('',(0.,1.,0.));
#7310=DIRECTION('center_axis',(-1.,0.,0.));
#7311=DIRECTION('ref_axis',(0.,0.,1.));
#7312=DIRECTION('',(0.,1.,0.));
#7313=DIRECTION('',(0.,0.,-1.));
#7314=DIRECTION('',(0.,1.,0.));
#7315=DIRECTION('center_axis',(0.,0.,-1.));
#7316=DIRECTION('ref_axis',(-1.,0.,0.));
#7317=DIRECTION('',(1.,0.,0.));
#7318=DIRECTION('center_axis',(1.,0.,0.));
#7319=DIRECTION('ref_axis',(0.,0.,-1.));
#7320=DIRECTION('',(0.,0.,-1.));
#7321=DIRECTION('',(0.,1.,0.));
#7322=DIRECTION('center_axis',(0.,0.,1.));
#7323=DIRECTION('ref_axis',(1.,0.,0.));
#7324=DIRECTION('',(1.,0.,0.));
#7325=DIRECTION('center_axis',(0.,0.,-1.));
#7326=DIRECTION('ref_axis',(1.,0.,0.));
#7327=DIRECTION('',(1.,0.,0.));
#7328=DIRECTION('',(0.,1.,0.));
#7329=DIRECTION('',(1.,0.,0.));
#7330=DIRECTION('center_axis',(0.,1.,0.));
#7331=DIRECTION('ref_axis',(-1.,0.,0.));
#7332=DIRECTION('center_axis',(0.,1.,0.));
#7333=DIRECTION('ref_axis',(-1.,0.,0.));
#7334=DIRECTION('',(0.,-1.,0.));
#7335=DIRECTION('center_axis',(0.,1.,0.));
#7336=DIRECTION('ref_axis',(-1.,0.,0.));
#7337=DIRECTION('center_axis',(0.,-1.,0.));
#7338=DIRECTION('ref_axis',(-1.,0.,0.));
#7339=DIRECTION('',(0.,-1.,0.));
#7340=DIRECTION('center_axis',(0.,-1.,0.));
#7341=DIRECTION('ref_axis',(-1.,0.,0.));
#7342=DIRECTION('center_axis',(0.,1.,0.));
#7343=DIRECTION('ref_axis',(-1.,0.,0.));
#7344=DIRECTION('center_axis',(0.707106781186548,0.707106781186548,0.));
#7345=DIRECTION('ref_axis',(0.,0.,-1.));
#7346=DIRECTION('',(-0.707106781186548,0.707106781186548,0.));
#7347=DIRECTION('',(0.,0.,1.));
#7348=DIRECTION('',(0.707106781186548,-0.707106781186548,0.));
#7349=DIRECTION('center_axis',(0.,0.,1.));
#7350=DIRECTION('ref_axis',(1.,0.,0.));
#7351=DIRECTION('',(1.,0.,0.));
#7352=DIRECTION('',(0.,1.,0.));
#7353=DIRECTION('',(-1.,0.,0.));
#7354=DIRECTION('center_axis',(0.,1.,0.));
#7355=DIRECTION('ref_axis',(-1.,0.,0.));
#7356=DIRECTION('',(-1.,0.,0.));
#7357=DIRECTION('',(0.,0.,1.));
#7358=DIRECTION('center_axis',(0.,1.,0.));
#7359=DIRECTION('ref_axis',(-1.,0.,0.));
#7360=DIRECTION('',(0.,0.,1.));
#7361=DIRECTION('center_axis',(0.,-1.,0.));
#7362=DIRECTION('ref_axis',(-1.,0.,0.));
#7363=DIRECTION('center_axis',(-1.,0.,0.));
#7364=DIRECTION('ref_axis',(0.,0.,1.));
#7365=DIRECTION('',(0.,1.,0.));
#7366=DIRECTION('',(0.,1.,0.));
#7367=DIRECTION('center_axis',(0.,1.,0.));
#7368=DIRECTION('ref_axis',(-1.,0.,0.));
#7369=DIRECTION('',(0.,1.,0.));
#7370=DIRECTION('center_axis',(0.,1.,0.));
#7371=DIRECTION('ref_axis',(-1.,0.,0.));
#7372=DIRECTION('',(0.,-1.,0.));
#7373=DIRECTION('center_axis',(0.,-1.,0.));
#7374=DIRECTION('ref_axis',(-1.,0.,0.));
#7375=DIRECTION('center_axis',(-1.,0.,0.));
#7376=DIRECTION('ref_axis',(0.,0.,1.));
#7377=DIRECTION('center_axis',(0.,1.,0.));
#7378=DIRECTION('ref_axis',(-1.,0.,0.));
#7379=DIRECTION('',(1.,0.,0.));
#7380=DIRECTION('',(3.41607084500048E-17,0.,1.));
#7381=DIRECTION('',(0.,0.,-1.));
#7382=DIRECTION('center_axis',(0.,0.,1.));
#7383=DIRECTION('ref_axis',(1.,0.,0.));
#7384=DIRECTION('',(-1.,0.,0.));
#7385=DIRECTION('',(1.,0.,0.));
#7386=DIRECTION('',(-1.,0.,0.));
#7387=DIRECTION('',(0.,1.,0.));
#7388=DIRECTION('center_axis',(0.,1.,0.));
#7389=DIRECTION('ref_axis',(-1.,0.,0.));
#7390=DIRECTION('',(3.41607084500048E-17,0.,1.));
#7391=DIRECTION('',(0.,0.,-1.));
#7392=DIRECTION('center_axis',(0.,1.,0.));
#7393=DIRECTION('ref_axis',(0.,0.,1.));
#7394=DIRECTION('',(0.,0.,-1.));
#7395=DIRECTION('',(1.,0.,0.));
#7396=DIRECTION('',(0.,0.,-1.));
#7397=DIRECTION('center_axis',(0.,1.,0.));
#7398=DIRECTION('ref_axis',(0.,0.,1.));
#7399=DIRECTION('',(3.41607084500048E-17,0.,1.));
#7400=DIRECTION('',(1.,0.,0.));
#7401=DIRECTION('center_axis',(1.,0.,0.));
#7402=DIRECTION('ref_axis',(0.,0.,-1.));
#7403=DIRECTION('',(0.,-1.,0.));
#7404=DIRECTION('center_axis',(0.,0.,-1.));
#7405=DIRECTION('ref_axis',(-1.,0.,0.));
#7406=DIRECTION('center_axis',(0.,0.998364164470369,-0.0571751265969882));
#7407=DIRECTION('ref_axis',(0.,-0.0571751265969882,-0.998364164470369));
#7408=DIRECTION('',(3.41048271494049E-17,0.0571751265969882,0.998364164470369));
#7409=DIRECTION('',(1.,0.,0.));
#7410=DIRECTION('',(1.,0.,0.));
#7411=DIRECTION('',(1.,0.,0.));
#7412=DIRECTION('',(0.,-0.0571751265969882,-0.998364164470369));
#7413=DIRECTION('center_axis',(0.,-1.,0.));
#7414=DIRECTION('ref_axis',(0.,0.,-1.));
#7415=DIRECTION('',(3.41607084500048E-17,0.,1.));
#7416=DIRECTION('',(0.,0.,-1.));
#7417=DIRECTION('',(0.,0.,1.));
#7418=DIRECTION('',(-1.,0.,0.));
#7419=DIRECTION('',(0.,0.,-1.));
#7420=DIRECTION('center_axis',(1.,0.,-3.41607084500048E-17));
#7421=DIRECTION('ref_axis',(3.41607084500048E-17,0.,1.));
#7422=DIRECTION('center_axis',(1.,0.,0.));
#7423=DIRECTION('ref_axis',(0.,0.,-1.));
#7424=DIRECTION('',(0.,1.,0.));
#7425=DIRECTION('',(0.,1.,0.));
#7426=DIRECTION('center_axis',(0.,0.,-1.));
#7427=DIRECTION('ref_axis',(-1.,0.,0.));
#7428=DIRECTION('',(0.,1.,0.));
#7429=DIRECTION('center_axis',(0.,0.,1.));
#7430=DIRECTION('ref_axis',(0.,1.,0.));
#7431=DIRECTION('',(0.,1.,0.));
#7432=DIRECTION('',(-1.,0.,0.));
#7433=DIRECTION('center_axis',(0.,1.,0.));
#7434=DIRECTION('ref_axis',(0.,0.,-1.));
#7435=DIRECTION('',(0.,0.,-1.));
#7436=DIRECTION('center_axis',(-1.,0.,0.));
#7437=DIRECTION('ref_axis',(0.,0.,1.));
#7438=DIRECTION('',(0.,0.,1.));
#7439=DIRECTION('',(0.,1.,0.));
#7440=DIRECTION('',(0.,0.,-1.));
#7441=DIRECTION('',(0.,-1.,0.));
#7442=DIRECTION('center_axis',(0.,0.,-1.));
#7443=DIRECTION('ref_axis',(0.,1.,0.));
#7444=DIRECTION('',(1.,0.,0.));
#7445=DIRECTION('',(1.,0.,0.));
#7446=DIRECTION('center_axis',(0.,1.,0.));
#7447=DIRECTION('ref_axis',(0.,0.,1.));
#7448=DIRECTION('',(1.,0.,0.));
#7449=DIRECTION('center_axis',(0.,-1.,0.));
#7450=DIRECTION('ref_axis',(0.,0.,-1.));
#7451=DIRECTION('',(1.,0.,0.));
#7452=DIRECTION('center_axis',(0.,0.,1.));
#7453=DIRECTION('ref_axis',(0.,-1.,0.));
#7454=DIRECTION('center_axis',(0.,-1.,0.));
#7455=DIRECTION('ref_axis',(0.,0.,-1.));
#7456=DIRECTION('',(0.,0.,-1.));
#7457=DIRECTION('center_axis',(1.,0.,0.));
#7458=DIRECTION('ref_axis',(0.,0.,-1.));
#7459=DIRECTION('',(0.,0.,1.));
#7460=DIRECTION('center_axis',(0.,1.,0.));
#7461=DIRECTION('ref_axis',(-1.,0.,0.));
#7462=DIRECTION('',(0.,0.,1.));
#7463=DIRECTION('center_axis',(-1.,0.,0.));
#7464=DIRECTION('ref_axis',(0.,0.,-1.));
#7465=DIRECTION('center_axis',(-1.,0.,0.));
#7466=DIRECTION('ref_axis',(0.,0.,1.));
#7467=DIRECTION('',(0.,1.,0.));
#7468=DIRECTION('center_axis',(0.,0.,1.));
#7469=DIRECTION('ref_axis',(1.,0.,0.));
#7470=DIRECTION('center_axis',(0.,0.,1.));
#7471=DIRECTION('ref_axis',(0.,1.,0.));
#7472=DIRECTION('',(-5.9211894646675E-17,1.,0.));
#7473=DIRECTION('center_axis',(0.,0.,-1.));
#7474=DIRECTION('ref_axis',(0.,-1.,0.));
#7475=DIRECTION('',(5.9211894646675E-17,-1.,0.));
#7476=DIRECTION('center_axis',(1.,5.9211894646675E-17,0.));
#7477=DIRECTION('ref_axis',(-5.9211894646675E-17,1.,0.));
#7478=DIRECTION('center_axis',(0.,0.,-1.));
#7479=DIRECTION('ref_axis',(1.,0.,0.));
#7480=DIRECTION('center_axis',(0.,0.,1.));
#7481=DIRECTION('ref_axis',(1.,0.,0.));
#7482=DIRECTION('',(0.,0.,1.));
#7483=DIRECTION('center_axis',(0.,0.,-1.));
#7484=DIRECTION('ref_axis',(1.,0.,0.));
#7485=DIRECTION('center_axis',(0.,0.,-1.));
#7486=DIRECTION('ref_axis',(1.,0.,0.));
#7487=DIRECTION('center_axis',(0.,0.,-1.));
#7488=DIRECTION('ref_axis',(1.,0.,0.));
#7489=DIRECTION('center_axis',(0.,0.,-1.));
#7490=DIRECTION('ref_axis',(1.,0.,0.));
#7491=DIRECTION('center_axis',(0.,0.,-1.));
#7492=DIRECTION('ref_axis',(1.,0.,0.));
#7493=DIRECTION('center_axis',(0.,0.,-1.));
#7494=DIRECTION('ref_axis',(1.,0.,0.));
#7495=DIRECTION('center_axis',(0.,-1.,0.));
#7496=DIRECTION('ref_axis',(0.,0.,-1.));
#7497=DIRECTION('',(1.,0.,0.));
#7498=DIRECTION('',(2.33731163078981E-16,0.,1.));
#7499=DIRECTION('',(-1.,0.,0.));
#7500=DIRECTION('',(0.,0.,-1.));
#7501=DIRECTION('center_axis',(0.,-1.,0.));
#7502=DIRECTION('ref_axis',(1.,0.,0.));
#7503=DIRECTION('',(-1.,0.,0.));
#7504=DIRECTION('',(0.,0.,-1.));
#7505=DIRECTION('',(1.,0.,0.));
#7506=DIRECTION('',(0.,0.,1.));
#7507=DIRECTION('',(0.,0.,-1.));
#7508=DIRECTION('',(-1.,0.,0.));
#7509=DIRECTION('',(3.28954970259304E-15,0.,-1.));
#7510=DIRECTION('',(-1.,0.,0.));
#7511=DIRECTION('',(0.,0.,-1.));
#7512=DIRECTION('',(-1.,0.,0.));
#7513=DIRECTION('',(1.,0.,0.));
#7514=DIRECTION('',(0.,0.,-1.));
#7515=DIRECTION('',(1.,0.,0.));
#7516=DIRECTION('',(8.22387425648263E-16,0.,-1.));
#7517=DIRECTION('',(1.,0.,0.));
#7518=DIRECTION('',(0.,0.,-1.));
#7519=DIRECTION('',(0.,0.,1.));
#7520=DIRECTION('',(1.,0.,0.));
#7521=DIRECTION('',(0.,0.,1.));
#7522=DIRECTION('',(1.,0.,0.));
#7523=DIRECTION('',(0.,0.,1.));
#7524=DIRECTION('',(1.,0.,0.));
#7525=DIRECTION('',(-2.33731163078981E-16,0.,-1.));
#7526=DIRECTION('',(-1.,0.,0.));
#7527=DIRECTION('',(0.,0.,-1.));
#7528=DIRECTION('',(-1.,0.,0.));
#7529=DIRECTION('',(3.28954970259304E-15,0.,-1.));
#7530=DIRECTION('',(-1.,0.,0.));
#7531=DIRECTION('',(0.,0.,1.));
#7532=DIRECTION('',(-1.,0.,0.));
#7533=DIRECTION('',(-4.00080369234291E-16,0.,1.));
#7534=DIRECTION('',(-1.,0.,0.));
#7535=DIRECTION('',(0.,0.,1.));
#7536=DIRECTION('',(1.,0.,0.));
#7537=DIRECTION('',(-4.00080369234291E-16,0.,1.));
#7538=DIRECTION('',(1.,0.,0.));
#7539=DIRECTION('',(0.,0.,1.));
#7540=DIRECTION('',(1.,0.,0.));
#7541=DIRECTION('',(8.22387425648263E-16,0.,-1.));
#7542=DIRECTION('',(1.,0.,0.));
#7543=DIRECTION('',(0.,0.,-1.));
#7544=DIRECTION('',(1.,0.,0.));
#7545=DIRECTION('',(-1.,0.,0.));
#7546=DIRECTION('',(0.,0.,1.));
#7547=DIRECTION('',(-1.,0.,0.));
#7548=DIRECTION('',(0.,0.,1.));
#7549=DIRECTION('',(-1.,0.,0.));
#7550=DIRECTION('',(0.,0.,1.));
#7551=DIRECTION('center_axis',(0.,1.,0.));
#7552=DIRECTION('ref_axis',(0.,0.,1.));
#7553=DIRECTION('',(-1.,0.,0.));
#7554=DIRECTION('',(0.,0.,1.));
#7555=DIRECTION('',(1.,0.,0.));
#7556=DIRECTION('',(-2.33731163078981E-16,0.,-1.));
#7557=DIRECTION('center_axis',(0.,1.,0.));
#7558=DIRECTION('ref_axis',(0.,0.,1.));
#7559=DIRECTION('',(1.,0.,0.));
#7560=DIRECTION('',(3.28954970259304E-15,0.,-1.));
#7561=DIRECTION('',(1.,0.,0.));
#7562=DIRECTION('',(0.,0.,1.));
#7563=DIRECTION('center_axis',(0.,1.,0.));
#7564=DIRECTION('ref_axis',(0.,0.,1.));
#7565=DIRECTION('',(0.,0.,-1.));
#7566=DIRECTION('',(-1.,0.,0.));
#7567=DIRECTION('',(4.00080369234291E-16,0.,-1.));
#7568=DIRECTION('',(1.,0.,0.));
#7569=DIRECTION('center_axis',(0.,1.,0.));
#7570=DIRECTION('ref_axis',(0.,0.,1.));
#7571=DIRECTION('',(2.33731163078981E-16,0.,1.));
#7572=DIRECTION('',(1.,0.,0.));
#7573=DIRECTION('',(0.,0.,1.));
#7574=DIRECTION('',(-1.,0.,0.));
#7575=DIRECTION('center_axis',(0.,0.,-1.));
#7576=DIRECTION('ref_axis',(-1.,0.,0.));
#7577=DIRECTION('',(0.,-1.,0.));
#7578=DIRECTION('',(-1.,0.,0.));
#7579=DIRECTION('',(0.,1.,0.));
#7580=DIRECTION('center_axis',(0.,0.,-1.));
#7581=DIRECTION('ref_axis',(-1.,0.,0.));
#7582=DIRECTION('',(0.,1.,0.));
#7583=DIRECTION('',(0.,1.,0.));
#7584=DIRECTION('center_axis',(0.,0.,1.));
#7585=DIRECTION('ref_axis',(1.,0.,0.));
#7586=DIRECTION('',(0.,1.,0.));
#7587=DIRECTION('',(0.,-1.,0.));
#7588=DIRECTION('',(1.,0.,0.));
#7589=DIRECTION('center_axis',(1.,0.,8.22387425648263E-16));
#7590=DIRECTION('ref_axis',(8.22387425648263E-16,0.,-1.));
#7591=DIRECTION('',(0.,-1.,0.));
#7592=DIRECTION('',(8.22387425648263E-16,0.,-1.));
#7593=DIRECTION('',(0.,1.,0.));
#7594=DIRECTION('center_axis',(1.,0.,8.22387425648263E-16));
#7595=DIRECTION('ref_axis',(8.22387425648263E-16,0.,-1.));
#7596=DIRECTION('',(0.,1.,0.));
#7597=DIRECTION('',(0.,1.,0.));
#7598=DIRECTION('',(8.22387425648263E-16,0.,-1.));
#7599=DIRECTION('center_axis',(-1.,0.,0.));
#7600=DIRECTION('ref_axis',(0.,0.,1.));
#7601=DIRECTION('',(0.,1.,0.));
#7602=DIRECTION('',(0.,-1.,0.));
#7603=DIRECTION('',(0.,0.,1.));
#7604=DIRECTION('center_axis',(0.,0.,1.));
#7605=DIRECTION('ref_axis',(1.,0.,0.));
#7606=DIRECTION('',(0.,-1.,0.));
#7607=DIRECTION('',(1.,0.,0.));
#7608=DIRECTION('',(0.,1.,0.));
#7609=DIRECTION('center_axis',(0.,0.,1.));
#7610=DIRECTION('ref_axis',(1.,0.,0.));
#7611=DIRECTION('',(0.,1.,0.));
#7612=DIRECTION('',(0.,1.,0.));
#7613=DIRECTION('center_axis',(0.,0.,-1.));
#7614=DIRECTION('ref_axis',(-1.,0.,0.));
#7615=DIRECTION('',(0.,1.,0.));
#7616=DIRECTION('',(0.,-1.,0.));
#7617=DIRECTION('',(-1.,0.,0.));
#7618=DIRECTION('center_axis',(-1.,0.,0.));
#7619=DIRECTION('ref_axis',(0.,0.,1.));
#7620=DIRECTION('',(0.,-1.,0.));
#7621=DIRECTION('',(0.,0.,1.));
#7622=DIRECTION('',(0.,1.,0.));
#7623=DIRECTION('center_axis',(-1.,0.,0.));
#7624=DIRECTION('ref_axis',(0.,0.,1.));
#7625=DIRECTION('',(0.,1.,0.));
#7626=DIRECTION('',(0.,1.,0.));
#7627=DIRECTION('center_axis',(0.,1.,0.));
#7628=DIRECTION('ref_axis',(0.,0.,1.));
#7629=DIRECTION('',(-1.,0.,0.));
#7630=DIRECTION('',(3.28954970259304E-15,0.,-1.));
#7631=DIRECTION('',(1.,0.,0.));
#7632=DIRECTION('center_axis',(0.,1.,0.));
#7633=DIRECTION('ref_axis',(0.,0.,1.));
#7634=DIRECTION('',(0.,0.,1.));
#7635=DIRECTION('',(0.,0.,-1.));
#7636=DIRECTION('center_axis',(0.,1.,0.));
#7637=DIRECTION('ref_axis',(0.,0.,1.));
#7638=DIRECTION('',(1.,0.,0.));
#7639=DIRECTION('',(-1.,0.,0.));
#7640=DIRECTION('center_axis',(0.,1.,0.));
#7641=DIRECTION('ref_axis',(0.,0.,1.));
#7642=DIRECTION('',(0.,0.,-1.));
#7643=DIRECTION('',(0.,0.,1.));
#7644=DIRECTION('center_axis',(1.,0.,3.28954970259304E-15));
#7645=DIRECTION('ref_axis',(3.28954970259304E-15,0.,-1.));
#7646=DIRECTION('',(0.,1.,0.));
#7647=DIRECTION('',(0.,-1.,0.));
#7648=DIRECTION('center_axis',(0.,0.,1.));
#7649=DIRECTION('ref_axis',(1.,0.,0.));
#7650=DIRECTION('',(0.,-1.,0.));
#7651=DIRECTION('',(0.,1.,0.));
#7652=DIRECTION('center_axis',(1.,0.,-2.33731163078981E-16));
#7653=DIRECTION('ref_axis',(-2.33731163078981E-16,0.,-1.));
#7654=DIRECTION('',(0.,-1.,0.));
#7655=DIRECTION('',(0.,-1.,0.));
#7656=DIRECTION('center_axis',(-1.,0.,0.));
#7657=DIRECTION('ref_axis',(0.,0.,1.));
#7658=DIRECTION('',(0.,-1.,0.));
#7659=DIRECTION('',(0.,0.,1.));
#7660=DIRECTION('',(0.,1.,0.));
#7661=DIRECTION('center_axis',(0.,0.,1.));
#7662=DIRECTION('ref_axis',(1.,0.,0.));
#7663=DIRECTION('',(0.,-1.,0.));
#7664=DIRECTION('',(-1.,0.,0.));
#7665=DIRECTION('center_axis',(-1.,0.,0.));
#7666=DIRECTION('ref_axis',(0.,0.,1.));
#7667=DIRECTION('',(0.,-1.,0.));
#7668=DIRECTION('',(0.,1.,0.));
#7669=DIRECTION('center_axis',(0.,0.,-1.));
#7670=DIRECTION('ref_axis',(-1.,0.,0.));
#7671=DIRECTION('',(0.,-1.,0.));
#7672=DIRECTION('center_axis',(0.,0.,-1.));
#7673=DIRECTION('ref_axis',(-1.,0.,0.));
#7674=DIRECTION('',(0.,1.,0.));
#7675=DIRECTION('center_axis',(1.,0.,3.28954970259304E-15));
#7676=DIRECTION('ref_axis',(3.28954970259304E-15,0.,-1.));
#7677=DIRECTION('',(0.,-1.,0.));
#7678=DIRECTION('center_axis',(0.,1.,0.));
#7679=DIRECTION('ref_axis',(0.,0.,1.));
#7680=DIRECTION('',(-1.,0.,0.));
#7681=DIRECTION('center_axis',(-1.,0.,0.));
#7682=DIRECTION('ref_axis',(0.,0.,1.));
#7683=DIRECTION('',(0.,1.,0.));
#7684=DIRECTION('',(0.,0.,1.));
#7685=DIRECTION('',(0.,1.,0.));
#7686=DIRECTION('center_axis',(0.,0.,-1.));
#7687=DIRECTION('ref_axis',(-1.,0.,0.));
#7688=DIRECTION('',(0.,1.,0.));
#7689=DIRECTION('',(-1.,0.,0.));
#7690=DIRECTION('center_axis',(1.,0.,4.00080369234291E-16));
#7691=DIRECTION('ref_axis',(4.00080369234291E-16,0.,-1.));
#7692=DIRECTION('',(0.,1.,0.));
#7693=DIRECTION('',(4.00080369234291E-16,0.,-1.));
#7694=DIRECTION('center_axis',(0.,0.,1.));
#7695=DIRECTION('ref_axis',(1.,0.,0.));
#7696=DIRECTION('',(1.,0.,0.));
#7697=DIRECTION('center_axis',(-1.,0.,0.));
#7698=DIRECTION('ref_axis',(0.,0.,1.));
#7699=DIRECTION('',(0.,1.,0.));
#7700=DIRECTION('',(0.,0.,1.));
#7701=DIRECTION('',(0.,1.,0.));
#7702=DIRECTION('center_axis',(0.,0.,-1.));
#7703=DIRECTION('ref_axis',(-1.,0.,0.));
#7704=DIRECTION('',(-1.,0.,0.));
#7705=DIRECTION('',(0.,1.,0.));
#7706=DIRECTION('center_axis',(1.,0.,0.));
#7707=DIRECTION('ref_axis',(0.,0.,-1.));
#7708=DIRECTION('',(0.,0.,-1.));
#7709=DIRECTION('',(0.,1.,0.));
#7710=DIRECTION('center_axis',(0.,0.,1.));
#7711=DIRECTION('ref_axis',(1.,0.,0.));
#7712=DIRECTION('',(1.,0.,0.));
#7713=DIRECTION('center_axis',(0.,1.,0.));
#7714=DIRECTION('ref_axis',(0.,0.,1.));
#7715=DIRECTION('center_axis',(0.,0.,-1.));
#7716=DIRECTION('ref_axis',(-1.,0.,0.));
#7717=DIRECTION('',(0.,1.,0.));
#7718=DIRECTION('',(-1.,0.,0.));
#7719=DIRECTION('',(0.,1.,0.));
#7720=DIRECTION('center_axis',(-1.,0.,0.));
#7721=DIRECTION('ref_axis',(0.,0.,1.));
#7722=DIRECTION('',(0.,0.,1.));
#7723=DIRECTION('',(0.,1.,0.));
#7724=DIRECTION('center_axis',(0.,0.,1.));
#7725=DIRECTION('ref_axis',(1.,0.,0.));
#7726=DIRECTION('',(1.,0.,0.));
#7727=DIRECTION('',(0.,1.,0.));
#7728=DIRECTION('center_axis',(1.,0.,0.));
#7729=DIRECTION('ref_axis',(0.,0.,-1.));
#7730=DIRECTION('',(0.,0.,-1.));
#7731=DIRECTION('center_axis',(-1.,0.,0.));
#7732=DIRECTION('ref_axis',(0.,0.,1.));
#7733=DIRECTION('',(0.,1.,0.));
#7734=DIRECTION('',(0.,0.,1.));
#7735=DIRECTION('',(0.,1.,0.));
#7736=DIRECTION('center_axis',(0.,0.,-1.));
#7737=DIRECTION('ref_axis',(-1.,0.,0.));
#7738=DIRECTION('',(-1.,0.,0.));
#7739=DIRECTION('',(0.,1.,0.));
#7740=DIRECTION('center_axis',(1.,0.,0.));
#7741=DIRECTION('ref_axis',(0.,0.,-1.));
#7742=DIRECTION('',(0.,0.,-1.));
#7743=DIRECTION('',(0.,1.,0.));
#7744=DIRECTION('center_axis',(0.,0.,1.));
#7745=DIRECTION('ref_axis',(1.,0.,0.));
#7746=DIRECTION('',(1.,0.,0.));
#7747=DIRECTION('center_axis',(0.,1.,0.));
#7748=DIRECTION('ref_axis',(0.,0.,1.));
#7749=DIRECTION('',(0.,0.,1.));
#7750=DIRECTION('',(1.,0.,0.));
#7751=DIRECTION('center_axis',(0.,0.,1.));
#7752=DIRECTION('ref_axis',(1.,0.,0.));
#7753=CARTESIAN_POINT('',(0.,0.,0.));
#7754=CARTESIAN_POINT('',(0.,0.,0.));
#7755=CARTESIAN_POINT('Origin',(19.375,-72.8,198.3));
#7756=CARTESIAN_POINT('',(-35.,-72.,199.1));
#7757=CARTESIAN_POINT('',(-35.,-73.6,197.5));
#7758=CARTESIAN_POINT('',(-35.,-122.3,148.8));
#7759=CARTESIAN_POINT('',(37.5,-72.,199.1));
#7760=CARTESIAN_POINT('',(37.5,-72.,199.1));
#7761=CARTESIAN_POINT('',(37.5,-73.6,197.5));
#7762=CARTESIAN_POINT('',(37.5,-86.05,185.05));
#7763=CARTESIAN_POINT('',(37.5,-73.6,197.5));
#7764=CARTESIAN_POINT('Origin',(-35.,-72.5,0.));
#7765=CARTESIAN_POINT('',(-35.,-4.,197.5));
#7766=CARTESIAN_POINT('',(-35.,-72.,197.5));
#7767=CARTESIAN_POINT('',(-35.,-4.,196.));
#7768=CARTESIAN_POINT('',(-35.,-4.,98.75));
#7769=CARTESIAN_POINT('',(-35.,0.99999999999997,196.));
#7770=CARTESIAN_POINT('',(-35.,-71.75,196.));
#7771=CARTESIAN_POINT('',(-35.,0.999999999999981,192.5));
#7772=CARTESIAN_POINT('',(-35.,0.99999999999997,98.));
#7773=CARTESIAN_POINT('',(-35.,4.99999999999998,192.5));
#7774=CARTESIAN_POINT('',(-35.,-35.75,192.5));
#7775=CARTESIAN_POINT('',(-35.,4.99999999999998,190.5));
#7776=CARTESIAN_POINT('',(-35.,4.99999999999998,96.25));
#7777=CARTESIAN_POINT('',(-35.,0.999999999999981,190.5));
#7778=CARTESIAN_POINT('',(-35.,-35.75,190.5));
#7779=CARTESIAN_POINT('',(-35.,0.99999999999997,4.00000000000002));
#7780=CARTESIAN_POINT('',(-35.,0.99999999999997,98.));
#7781=CARTESIAN_POINT('',(-35.,72.5,4.));
#7782=CARTESIAN_POINT('',(-35.,-36.125,4.));
#7783=CARTESIAN_POINT('',(-35.,72.5,200.));
#7784=CARTESIAN_POINT('',(-35.,72.5,0.));
#7785=CARTESIAN_POINT('',(-35.,-72.,200.));
#7786=CARTESIAN_POINT('',(-35.,-72.5,200.));
#7787=CARTESIAN_POINT('',(-35.,-72.,0.));
#7788=CARTESIAN_POINT('',(-35.,49.,140.465974894865));
#7789=CARTESIAN_POINT('Origin',(-35.,52.,140.465974894865));
#7790=CARTESIAN_POINT('',(-35.,16.9999999999997,24.097454960004));
#7791=CARTESIAN_POINT('Origin',(-35.,19.9999999999997,24.097454960004));
#7792=CARTESIAN_POINT('',(-35.,58.4999999999997,84.4999999999994));
#7793=CARTESIAN_POINT('Origin',(-35.,61.4999999999997,84.4999999999994));
#7794=CARTESIAN_POINT('',(-35.,2.99999999999965,66.7999999999994));
#7795=CARTESIAN_POINT('Origin',(-35.,5.99999999999965,66.7999999999994));
#7796=CARTESIAN_POINT('',(-35.,58.4999999999997,49.097454960004));
#7797=CARTESIAN_POINT('Origin',(-35.,61.4999999999997,49.097454960004));
#7798=CARTESIAN_POINT('',(-35.,16.9999999999997,109.5));
#7799=CARTESIAN_POINT('Origin',(-35.,19.9999999999997,109.5));
#7800=CARTESIAN_POINT('',(-35.,49.,130.865974894865));
#7801=CARTESIAN_POINT('Origin',(-35.,52.,130.865974894865));
#7802=CARTESIAN_POINT('Origin',(37.5,-72.,0.));
#7803=CARTESIAN_POINT('',(-33.5000000000001,-72.,197.5));
#7804=CARTESIAN_POINT('',(36.,-72.,197.5));
#7805=CARTESIAN_POINT('',(1.24999999999999,-72.,197.5));
#7806=CARTESIAN_POINT('',(37.5,-72.,196.));
#7807=CARTESIAN_POINT('',(86.125,-72.,147.375));
#7808=CARTESIAN_POINT('',(37.5,-72.,133.8));
#7809=CARTESIAN_POINT('',(37.5,-72.,0.));
#7810=CARTESIAN_POINT('',(20.5,-72.,133.8));
#7811=CARTESIAN_POINT('',(1.24999999999999,-72.,133.8));
#7812=CARTESIAN_POINT('',(20.5,-72.,186.2));
#7813=CARTESIAN_POINT('',(20.5,-72.,28.1));
#7814=CARTESIAN_POINT('',(-33.5,-72.,186.2));
#7815=CARTESIAN_POINT('',(29.,-72.,186.2));
#7816=CARTESIAN_POINT('',(-33.5,-72.,133.8));
#7817=CARTESIAN_POINT('',(-33.5,-72.,93.1));
#7818=CARTESIAN_POINT('',(-35.,-72.,133.8));
#7819=CARTESIAN_POINT('',(1.24999999999999,-72.,133.8));
#7820=CARTESIAN_POINT('',(-35.,-72.,196.));
#7821=CARTESIAN_POINT('',(-35.,-72.,0.));
#7822=CARTESIAN_POINT('',(-65.4999999999999,-72.,165.500000000001));
#7823=CARTESIAN_POINT('Origin',(37.5,-72.,0.));
#7824=CARTESIAN_POINT('',(37.5,-72.,200.));
#7825=CARTESIAN_POINT('',(37.5,-72.,200.));
#7826=CARTESIAN_POINT('',(37.5,-72.,0.));
#7827=CARTESIAN_POINT('Origin',(-7.99999990314246,72.5,16.));
#7828=CARTESIAN_POINT('',(-1.99999990314247,70.5,16.));
#7829=CARTESIAN_POINT('',(-1.99999990314247,74.,16.));
#7830=CARTESIAN_POINT('',(-1.99999990314247,72.5,16.));
#7831=CARTESIAN_POINT('',(-7.99999990314247,70.5,16.));
#7832=CARTESIAN_POINT('',(-6.49999990314247,70.5,16.));
#7833=CARTESIAN_POINT('',(-7.99999990314247,74.,16.));
#7834=CARTESIAN_POINT('',(-7.99999990314247,72.5,16.));
#7835=CARTESIAN_POINT('',(15.0000001937151,74.,16.));
#7836=CARTESIAN_POINT('Origin',(-4.99999990314247,70.5,16.5));
#7837=CARTESIAN_POINT('',(-1.99999990314247,70.5,16.5));
#7838=CARTESIAN_POINT('',(-1.99999990314247,70.5,18.));
#7839=CARTESIAN_POINT('',(-7.99999990314247,70.5,16.5));
#7840=CARTESIAN_POINT('',(-3.49999990314247,70.5,16.5));
#7841=CARTESIAN_POINT('',(-7.99999990314247,70.5,15.));
#7842=CARTESIAN_POINT('Origin',(-1.99999990314247,72.5,15.));
#7843=CARTESIAN_POINT('',(-1.99999990314247,74.,17.));
#7844=CARTESIAN_POINT('',(-1.99999990314247,74.,13.));
#7845=CARTESIAN_POINT('',(-1.99999990314247,72.3,17.));
#7846=CARTESIAN_POINT('',(-1.99999990314247,72.5,17.));
#7847=CARTESIAN_POINT('',(-1.99999990314247,72.3,18.));
#7848=CARTESIAN_POINT('',(-1.99999990314247,72.3,15.75));
#7849=CARTESIAN_POINT('',(-1.99999990314247,72.,18.));
#7850=CARTESIAN_POINT('',(-1.99999990314247,72.5,18.));
#7851=CARTESIAN_POINT('',(-1.99999990314247,71.,17.));
#7852=CARTESIAN_POINT('Origin',(-1.99999990314247,72.5,119.));
#7853=CARTESIAN_POINT('',(-7.99999990314246,70.5,119.));
#7854=CARTESIAN_POINT('',(-7.99999990314246,74.,119.));
#7855=CARTESIAN_POINT('',(-7.99999990314246,72.5,119.));
#7856=CARTESIAN_POINT('',(-1.99999990314246,70.5,119.));
#7857=CARTESIAN_POINT('',(-3.49999990314247,70.5,119.));
#7858=CARTESIAN_POINT('',(-1.99999990314246,74.,119.));
#7859=CARTESIAN_POINT('',(-1.99999990314246,72.5,119.));
#7860=CARTESIAN_POINT('',(-25.,74.,119.));
#7861=CARTESIAN_POINT('Origin',(-4.99999990314246,70.5,118.5));
#7862=CARTESIAN_POINT('',(-7.99999990314246,70.5,118.5));
#7863=CARTESIAN_POINT('',(-7.99999990314246,70.5,120.));
#7864=CARTESIAN_POINT('',(-1.99999990314246,70.5,118.5));
#7865=CARTESIAN_POINT('',(-6.49999990314246,70.5,118.5));
#7866=CARTESIAN_POINT('',(-1.99999990314246,70.5,117.));
#7867=CARTESIAN_POINT('Origin',(-7.99999990314246,72.5,120.));
#7868=CARTESIAN_POINT('',(-7.99999990314246,74.,118.));
#7869=CARTESIAN_POINT('',(-7.99999990314246,74.,122.));
#7870=CARTESIAN_POINT('',(-7.99999990314246,72.3,118.));
#7871=CARTESIAN_POINT('',(-7.99999990314246,72.5,118.));
#7872=CARTESIAN_POINT('',(-7.99999990314246,72.3,117.));
#7873=CARTESIAN_POINT('',(-7.99999990314246,72.3,119.25));
#7874=CARTESIAN_POINT('',(-7.99999990314246,72.,117.));
#7875=CARTESIAN_POINT('',(-7.99999990314246,72.5,117.));
#7876=CARTESIAN_POINT('',(-7.99999990314246,71.,118.));
#7877=CARTESIAN_POINT('Origin',(37.,-47.5,12.));
#7878=CARTESIAN_POINT('',(36.5,-41.5,12.));
#7879=CARTESIAN_POINT('Origin',(36.5,-47.5,12.));
#7880=CARTESIAN_POINT('',(37.5,-40.5,12.));
#7881=CARTESIAN_POINT('',(37.,-41.,12.));
#7882=CARTESIAN_POINT('Origin',(37.5,-47.5,12.));
#7883=CARTESIAN_POINT('Origin',(36.5,-47.5,12.));
#7884=CARTESIAN_POINT('',(36.5,-42.3,12.));
#7885=CARTESIAN_POINT('Origin',(36.5,-47.5,12.));
#7886=CARTESIAN_POINT('Origin',(37.,2.49999999999998,12.));
#7887=CARTESIAN_POINT('',(36.5,8.49999999999998,12.));
#7888=CARTESIAN_POINT('Origin',(36.5,2.49999999999998,12.));
#7889=CARTESIAN_POINT('',(37.5,9.49999999999998,12.));
#7890=CARTESIAN_POINT('',(37.,8.99999999999998,12.));
#7891=CARTESIAN_POINT('Origin',(37.5,2.49999999999998,12.));
#7892=CARTESIAN_POINT('Origin',(36.5,2.49999999999998,12.));
#7893=CARTESIAN_POINT('',(36.5,7.69999999999998,12.));
#7894=CARTESIAN_POINT('Origin',(36.5,2.49999999999998,12.));
#7895=CARTESIAN_POINT('Origin',(37.,52.5,12.));
#7896=CARTESIAN_POINT('',(36.5,58.5,12.));
#7897=CARTESIAN_POINT('Origin',(36.5,52.5,12.));
#7898=CARTESIAN_POINT('',(37.5,59.5,12.));
#7899=CARTESIAN_POINT('',(37.,59.,12.));
#7900=CARTESIAN_POINT('Origin',(37.5,52.5,12.));
#7901=CARTESIAN_POINT('Origin',(36.5,52.5,12.));
#7902=CARTESIAN_POINT('',(36.5,57.7,12.));
#7903=CARTESIAN_POINT('Origin',(36.5,52.5,12.));
#7904=CARTESIAN_POINT('Origin',(37.,-47.5,188.));
#7905=CARTESIAN_POINT('',(36.5,-41.5,188.));
#7906=CARTESIAN_POINT('Origin',(36.5,-47.5,188.));
#7907=CARTESIAN_POINT('',(37.5,-40.5,188.));
#7908=CARTESIAN_POINT('',(37.,-41.,188.));
#7909=CARTESIAN_POINT('Origin',(37.5,-47.5,188.));
#7910=CARTESIAN_POINT('Origin',(36.5,-47.5,188.));
#7911=CARTESIAN_POINT('',(36.5,-42.3,188.));
#7912=CARTESIAN_POINT('Origin',(36.5,-47.5,188.));
#7913=CARTESIAN_POINT('Origin',(37.,52.5,188.));
#7914=CARTESIAN_POINT('',(36.5,58.5,188.));
#7915=CARTESIAN_POINT('Origin',(36.5,52.5,188.));
#7916=CARTESIAN_POINT('',(37.5,59.5,188.));
#7917=CARTESIAN_POINT('',(37.,59.,188.));
#7918=CARTESIAN_POINT('Origin',(37.5,52.5,188.));
#7919=CARTESIAN_POINT('Origin',(36.5,52.5,188.));
#7920=CARTESIAN_POINT('',(36.5,57.7,188.));
#7921=CARTESIAN_POINT('Origin',(36.5,52.5,188.));
#7922=CARTESIAN_POINT('Origin',(40.,-67.5,20.));
#7923=CARTESIAN_POINT('',(40.,-67.5,20.));
#7924=CARTESIAN_POINT('',(37.5,-67.5,20.));
#7925=CARTESIAN_POINT('',(40.,-67.5,20.));
#7926=CARTESIAN_POINT('',(37.5,-67.5,125.8));
#7927=CARTESIAN_POINT('',(37.5,-67.5,10.));
#7928=CARTESIAN_POINT('',(37.5,-67.5,133.8));
#7929=CARTESIAN_POINT('',(37.5,-67.5,10.));
#7930=CARTESIAN_POINT('',(37.5,-67.5,180.));
#7931=CARTESIAN_POINT('',(37.5,-67.5,10.));
#7932=CARTESIAN_POINT('',(40.,-67.5,180.));
#7933=CARTESIAN_POINT('',(40.,-67.5,180.));
#7934=CARTESIAN_POINT('',(40.,-67.5,10.));
#7935=CARTESIAN_POINT('Origin',(-8.88178419700125E-15,-1.77635683940025E-14,
0.));
#7936=CARTESIAN_POINT('',(39.,-75.,0.));
#7937=CARTESIAN_POINT('',(40.,-74.,0.));
#7938=CARTESIAN_POINT('Origin',(39.,-74.,0.));
#7939=CARTESIAN_POINT('',(-39.,-75.,0.));
#7940=CARTESIAN_POINT('',(40.,-75.,0.));
#7941=CARTESIAN_POINT('',(-40.,-74.,0.));
#7942=CARTESIAN_POINT('Origin',(-39.,-74.,0.));
#7943=CARTESIAN_POINT('',(-40.,4.99999999999997,3.5527136788005E-14));
#7944=CARTESIAN_POINT('',(-40.,-75.,0.));
#7945=CARTESIAN_POINT('',(-37.,4.99999999999997,3.5527136788005E-14));
#7946=CARTESIAN_POINT('',(-20.,4.99999999999997,0.));
#7947=CARTESIAN_POINT('',(-37.,75.,-4.59242549680257E-15));
#7948=CARTESIAN_POINT('',(-37.,20.,0.));
#7949=CARTESIAN_POINT('',(40.,75.,0.));
#7950=CARTESIAN_POINT('',(-40.,75.,0.));
#7951=CARTESIAN_POINT('',(40.,75.,0.));
#7952=CARTESIAN_POINT('',(37.5,72.5,0.));
#7953=CARTESIAN_POINT('',(37.5,-72.,0.));
#7954=CARTESIAN_POINT('',(37.5,72.5,0.));
#7955=CARTESIAN_POINT('',(-35.,72.5,0.));
#7956=CARTESIAN_POINT('',(-37.5,72.5,0.));
#7957=CARTESIAN_POINT('',(-35.,-72.,0.));
#7958=CARTESIAN_POINT('',(-35.,-72.5,0.));
#7959=CARTESIAN_POINT('',(37.5,-72.,0.));
#7960=CARTESIAN_POINT('Origin',(37.5,-47.5,12.));
#7961=CARTESIAN_POINT('',(37.5,-42.3,12.));
#7962=CARTESIAN_POINT('',(37.5,-42.3,12.));
#7963=CARTESIAN_POINT('Origin',(37.5,-47.5,12.));
#7964=CARTESIAN_POINT('Origin',(37.5,72.5,0.));
#7965=CARTESIAN_POINT('',(37.5,-72.,37.2));
#7966=CARTESIAN_POINT('',(37.5,-71.,37.2));
#7967=CARTESIAN_POINT('',(37.5,-0.250000000000008,37.2));
#7968=CARTESIAN_POINT('',(37.5,-71.,67.5999999999999));
#7969=CARTESIAN_POINT('',(37.5,-71.,19.6));
#7970=CARTESIAN_POINT('',(37.5,-72.,67.5999999999999));
#7971=CARTESIAN_POINT('',(37.5,0.249999999999981,67.5999999999999));
#7972=CARTESIAN_POINT('',(37.5,-72.,125.8));
#7973=CARTESIAN_POINT('',(37.5,-72.,0.));
#7974=CARTESIAN_POINT('',(37.5,0.249999999999981,125.8));
#7975=CARTESIAN_POINT('',(37.5,72.5,20.));
#7976=CARTESIAN_POINT('',(37.5,72.5,20.));
#7977=CARTESIAN_POINT('',(37.5,72.5,4.00000000000014));
#7978=CARTESIAN_POINT('',(37.5,72.5,0.));
#7979=CARTESIAN_POINT('',(37.5,-72.,4.00000000000014));
#7980=CARTESIAN_POINT('',(37.5,36.375,4.00000000000014));
#7981=CARTESIAN_POINT('',(37.5,-72.,0.));
#7982=CARTESIAN_POINT('Origin',(37.5,-47.5,188.));
#7983=CARTESIAN_POINT('',(37.5,-42.3,188.));
#7984=CARTESIAN_POINT('',(37.5,-42.3,188.));
#7985=CARTESIAN_POINT('Origin',(37.5,-47.5,188.));
#7986=CARTESIAN_POINT('Origin',(37.5,72.5,0.));
#7987=CARTESIAN_POINT('',(37.5,72.5,200.));
#7988=CARTESIAN_POINT('',(37.5,72.5,200.));
#7989=CARTESIAN_POINT('',(37.5,72.5,180.));
#7990=CARTESIAN_POINT('',(37.5,72.5,0.));
#7991=CARTESIAN_POINT('',(37.5,2.49999999999999,180.));
#7992=CARTESIAN_POINT('',(37.5,0.249999999999981,133.8));
#7993=CARTESIAN_POINT('',(37.5,-4.00000000000001,196.));
#7994=CARTESIAN_POINT('',(37.5,17.25,196.));
#7995=CARTESIAN_POINT('',(37.5,-4.00000000000001,197.5));
#7996=CARTESIAN_POINT('',(37.5,-4.00000000000001,98.75));
#7997=CARTESIAN_POINT('',(37.5,-72.,197.5));
#7998=CARTESIAN_POINT('',(37.5,-3.00000195205237,192.5));
#7999=CARTESIAN_POINT('',(37.5,-3.00000195205237,190.5));
#8000=CARTESIAN_POINT('',(37.5,-3.00000195205238,96.25));
#8001=CARTESIAN_POINT('',(37.5,2.9999980479487,190.5));
#8002=CARTESIAN_POINT('',(37.5,36.2499992492107,190.5));
#8003=CARTESIAN_POINT('',(37.5,2.9999980479487,192.5));
#8004=CARTESIAN_POINT('',(37.5,2.9999980479487,96.25));
#8005=CARTESIAN_POINT('',(37.5,36.2499992492107,192.5));
#8006=CARTESIAN_POINT('Origin',(37.5,2.49999999999998,12.));
#8007=CARTESIAN_POINT('',(37.5,7.69999999999998,12.));
#8008=CARTESIAN_POINT('',(37.5,7.69999999999998,12.));
#8009=CARTESIAN_POINT('Origin',(37.5,2.49999999999998,12.));
#8010=CARTESIAN_POINT('Origin',(37.5,72.5,0.));
#8011=CARTESIAN_POINT('Origin',(37.5,52.5,188.));
#8012=CARTESIAN_POINT('',(37.5,57.7,188.));
#8013=CARTESIAN_POINT('',(37.5,57.7,188.));
#8014=CARTESIAN_POINT('Origin',(37.5,52.5,188.));
#8015=CARTESIAN_POINT('Origin',(37.5,72.5,0.));
#8016=CARTESIAN_POINT('Origin',(37.5,52.5,12.));
#8017=CARTESIAN_POINT('',(37.5,57.7,12.));
#8018=CARTESIAN_POINT('',(37.5,57.7,12.));
#8019=CARTESIAN_POINT('Origin',(37.5,52.5,12.));
#8020=CARTESIAN_POINT('Origin',(37.5,72.5,0.));
#8021=CARTESIAN_POINT('Origin',(1.25,-72.,17.5));
#8022=CARTESIAN_POINT('',(15.25,-72.,31.5));
#8023=CARTESIAN_POINT('',(-12.75,-72.,31.5));
#8024=CARTESIAN_POINT('',(1.25,-72.,31.5));
#8025=CARTESIAN_POINT('',(15.25,-58.,17.5));
#8026=CARTESIAN_POINT('Origin',(15.25,-72.,17.5));
#8027=CARTESIAN_POINT('',(-12.75,-58.,17.5));
#8028=CARTESIAN_POINT('',(15.25,-58.,17.5));
#8029=CARTESIAN_POINT('Origin',(-12.75,-72.,17.5));
#8030=CARTESIAN_POINT('Origin',(1.25,-72.,17.5));
#8031=CARTESIAN_POINT('',(-11.75,-72.,30.5));
#8032=CARTESIAN_POINT('',(14.25,-72.,30.5));
#8033=CARTESIAN_POINT('',(1.25,-72.,30.5));
#8034=CARTESIAN_POINT('',(-11.75,-59.,17.5));
#8035=CARTESIAN_POINT('Origin',(-11.75,-72.,17.5));
#8036=CARTESIAN_POINT('',(14.25,-59.,17.5));
#8037=CARTESIAN_POINT('',(-11.75,-59.,17.5));
#8038=CARTESIAN_POINT('Origin',(14.25,-72.,17.5));
#8039=CARTESIAN_POINT('Origin',(37.5,-72.,0.));
#8040=CARTESIAN_POINT('',(-11.75,-72.,4.00000000000005));
#8041=CARTESIAN_POINT('',(-11.75,-72.,1.25));
#8042=CARTESIAN_POINT('',(14.25,-72.,4.00000000000002));
#8043=CARTESIAN_POINT('',(14.25,-72.,1.25));
#8044=CARTESIAN_POINT('',(12.25,-72.,4.00000000000009));
#8045=CARTESIAN_POINT('',(19.375,-72.,4.00000000000011));
#8046=CARTESIAN_POINT('',(12.25,-72.,28.5));
#8047=CARTESIAN_POINT('',(12.25,-72.,1.25));
#8048=CARTESIAN_POINT('',(-9.75000000000001,-72.,28.5));
#8049=CARTESIAN_POINT('',(1.25,-72.,28.5));
#8050=CARTESIAN_POINT('',(-9.75000000000001,-72.,4.00000000000005));
#8051=CARTESIAN_POINT('',(-9.75000000000001,-72.,1.25));
#8052=CARTESIAN_POINT('',(19.375,-72.,4.00000000000011));
#8053=CARTESIAN_POINT('Origin',(1.25,-72.,17.5));
#8054=CARTESIAN_POINT('',(12.25,-61.,17.5));
#8055=CARTESIAN_POINT('Origin',(12.25,-72.,17.5));
#8056=CARTESIAN_POINT('',(-9.75,-61.,17.5));
#8057=CARTESIAN_POINT('',(-9.75,-61.,17.5));
#8058=CARTESIAN_POINT('Origin',(-9.75,-72.,17.5));
#8059=CARTESIAN_POINT('Origin',(1.25,-72.,17.5));
#8060=CARTESIAN_POINT('',(-8.75000000000001,-72.,27.5));
#8061=CARTESIAN_POINT('',(11.25,-72.,27.5));
#8062=CARTESIAN_POINT('',(1.25,-72.,27.5));
#8063=CARTESIAN_POINT('',(-8.75,-62.,17.5));
#8064=CARTESIAN_POINT('Origin',(-8.75,-72.,17.5));
#8065=CARTESIAN_POINT('',(11.25,-62.,17.5));
#8066=CARTESIAN_POINT('',(-8.75,-62.,17.5));
#8067=CARTESIAN_POINT('Origin',(11.25,-72.,17.5));
#8068=CARTESIAN_POINT('Origin',(37.5,-72.,0.));
#8069=CARTESIAN_POINT('',(-8.75,-72.,4.00000000000005));
#8070=CARTESIAN_POINT('',(-8.75,-72.,1.25));
#8071=CARTESIAN_POINT('',(11.25,-72.,4.00000000000002));
#8072=CARTESIAN_POINT('',(11.25,-72.,1.25));
#8073=CARTESIAN_POINT('',(19.375,-72.,4.00000000000011));
#8074=CARTESIAN_POINT('Origin',(7.25,-62.,2.5));
#8075=CARTESIAN_POINT('',(7.25,-62.,2.5));
#8076=CARTESIAN_POINT('',(7.25,-61.,2.5));
#8077=CARTESIAN_POINT('',(7.25,-30.875,2.50000000000008));
#8078=CARTESIAN_POINT('',(7.25,-62.,6.));
#8079=CARTESIAN_POINT('',(7.25,-62.,2.5));
#8080=CARTESIAN_POINT('',(7.25,-61.,6.));
#8081=CARTESIAN_POINT('',(7.25,-61.,6.));
#8082=CARTESIAN_POINT('',(7.25,-61.,2.5));
#8083=CARTESIAN_POINT('Origin',(-4.75000000000001,-61.,2.5));
#8084=CARTESIAN_POINT('',(-4.75000000000001,-61.,2.5));
#8085=CARTESIAN_POINT('',(-4.75000000000001,-62.,2.5));
#8086=CARTESIAN_POINT('',(-4.75000000000001,-30.375,2.50000000000006));
#8087=CARTESIAN_POINT('',(-4.75000000000001,-61.,6.));
#8088=CARTESIAN_POINT('',(-4.75000000000001,-61.,2.5));
#8089=CARTESIAN_POINT('',(-4.75000000000001,-62.,6.));
#8090=CARTESIAN_POINT('',(-4.75000000000001,-62.,6.));
#8091=CARTESIAN_POINT('',(-4.75000000000001,-62.,2.5));
#8092=CARTESIAN_POINT('Origin',(1.25,-61.5,6.));
#8093=CARTESIAN_POINT('',(6.75,-61.,6.));
#8094=CARTESIAN_POINT('',(-3.75,-62.,6.));
#8095=CARTESIAN_POINT('Origin',(-4.75000000000001,-58.,2.5));
#8096=CARTESIAN_POINT('',(-4.75000000000001,-58.,2.5));
#8097=CARTESIAN_POINT('',(-4.75000000000001,-59.,2.5));
#8098=CARTESIAN_POINT('',(-4.75000000000001,-28.875,2.50000000000006));
#8099=CARTESIAN_POINT('',(-4.75000000000001,-58.,6.));
#8100=CARTESIAN_POINT('',(-4.75000000000001,-58.,2.5));
#8101=CARTESIAN_POINT('',(-4.75000000000001,-59.,6.));
#8102=CARTESIAN_POINT('',(-4.75000000000001,-59.,6.));
#8103=CARTESIAN_POINT('',(-4.75000000000001,-59.,2.5));
#8104=CARTESIAN_POINT('Origin',(7.25,-59.,2.5));
#8105=CARTESIAN_POINT('',(7.25,-59.,2.5));
#8106=CARTESIAN_POINT('',(7.25,-58.,2.5));
#8107=CARTESIAN_POINT('',(7.25,-29.375,2.50000000000008));
#8108=CARTESIAN_POINT('',(7.25,-59.,6.));
#8109=CARTESIAN_POINT('',(7.25,-59.,2.5));
#8110=CARTESIAN_POINT('',(7.25,-58.,6.));
#8111=CARTESIAN_POINT('',(7.25,-59.,6.));
#8112=CARTESIAN_POINT('',(7.25,-58.,2.5));
#8113=CARTESIAN_POINT('Origin',(1.25,-58.5,6.));
#8114=CARTESIAN_POINT('',(-5.25,-59.,6.));
#8115=CARTESIAN_POINT('',(8.25,-58.,6.));
#8116=CARTESIAN_POINT('Origin',(-8.75,-62.,2.5));
#8117=CARTESIAN_POINT('',(11.25,-62.,2.5));
#8118=CARTESIAN_POINT('',(-8.75,-62.,2.5));
#8119=CARTESIAN_POINT('',(11.25,-62.,2.5));
#8120=CARTESIAN_POINT('',(-8.75,-62.,2.5));
#8121=CARTESIAN_POINT('',(-8.75,-62.,2.5));
#8122=CARTESIAN_POINT('',(-8.75,-62.,2.5));
#8123=CARTESIAN_POINT('Origin',(15.25,-58.,2.5));
#8124=CARTESIAN_POINT('',(-12.75,-58.,2.5));
#8125=CARTESIAN_POINT('',(15.25,-58.,2.5));
#8126=CARTESIAN_POINT('',(-12.75,-58.,2.5));
#8127=CARTESIAN_POINT('',(15.25,-58.,2.5));
#8128=CARTESIAN_POINT('',(15.25,-58.,2.5));
#8129=CARTESIAN_POINT('',(15.25,-58.,2.5));
#8130=CARTESIAN_POINT('Origin',(1.25,0.249999999999977,2.50000000000007));
#8131=CARTESIAN_POINT('',(-35.,-72.,2.50000000000014));
#8132=CARTESIAN_POINT('',(37.5,-72.,2.50000000000014));
#8133=CARTESIAN_POINT('',(19.375,-72.,2.50000000000011));
#8134=CARTESIAN_POINT('',(-35.,72.5,2.5));
#8135=CARTESIAN_POINT('',(-35.,-36.125,2.5));
#8136=CARTESIAN_POINT('',(37.5,72.5,2.50000000000014));
#8137=CARTESIAN_POINT('',(-18.125,72.5,2.50000000000003));
#8138=CARTESIAN_POINT('',(37.5,36.375,2.50000000000014));
#8139=CARTESIAN_POINT('',(-8.75,-70.,2.5));
#8140=CARTESIAN_POINT('',(-8.75,-72.,2.5));
#8141=CARTESIAN_POINT('',(11.25,-70.,2.5));
#8142=CARTESIAN_POINT('',(35.5,-70.,2.5));
#8143=CARTESIAN_POINT('',(11.25,-62.,2.5));
#8144=CARTESIAN_POINT('',(12.25,-61.,2.5));
#8145=CARTESIAN_POINT('',(-9.75,-61.,2.5));
#8146=CARTESIAN_POINT('',(12.25,-70.,2.5));
#8147=CARTESIAN_POINT('',(12.25,-61.,2.5));
#8148=CARTESIAN_POINT('',(14.25,-70.,2.5));
#8149=CARTESIAN_POINT('',(35.5,-70.,2.5));
#8150=CARTESIAN_POINT('',(14.25,-59.,2.5));
#8151=CARTESIAN_POINT('',(14.25,-59.,2.5));
#8152=CARTESIAN_POINT('',(-11.75,-59.,2.5));
#8153=CARTESIAN_POINT('',(15.25,-70.,2.5));
#8154=CARTESIAN_POINT('',(15.25,-72.,2.5));
#8155=CARTESIAN_POINT('',(35.5,-70.,2.5));
#8156=CARTESIAN_POINT('',(35.5,-70.,2.5));
#8157=CARTESIAN_POINT('',(35.5,-39.75,2.5));
#8158=CARTESIAN_POINT('',(35.5,70.5,2.5));
#8159=CARTESIAN_POINT('',(27.25,-39.75,2.5));
#8160=CARTESIAN_POINT('',(27.25,-39.75,2.5));
#8161=CARTESIAN_POINT('',(27.25,-33.75,2.5));
#8162=CARTESIAN_POINT('Origin',(27.25,-36.75,2.5));
#8163=CARTESIAN_POINT('',(35.5,-33.75,2.5));
#8164=CARTESIAN_POINT('',(27.25,-33.75,2.5));
#8165=CARTESIAN_POINT('',(35.5,-2.75000000000003,2.5));
#8166=CARTESIAN_POINT('',(35.5,70.5,2.5));
#8167=CARTESIAN_POINT('',(27.25,-2.75000000000002,2.5));
#8168=CARTESIAN_POINT('',(27.25,-2.75000000000002,2.5));
#8169=CARTESIAN_POINT('',(27.25,3.24999999999998,2.5));
#8170=CARTESIAN_POINT('Origin',(27.25,0.249999999999977,2.5));
#8171=CARTESIAN_POINT('',(35.5,3.24999999999998,2.5));
#8172=CARTESIAN_POINT('',(27.25,3.24999999999998,2.5));
#8173=CARTESIAN_POINT('',(35.5,70.5,2.5));
#8174=CARTESIAN_POINT('',(35.5,70.5,2.5));
#8175=CARTESIAN_POINT('',(4.25,70.5,2.5));
#8176=CARTESIAN_POINT('',(-33.,70.5,2.5));
#8177=CARTESIAN_POINT('',(4.25,62.25,2.5));
#8178=CARTESIAN_POINT('',(4.25,62.25,2.5));
#8179=CARTESIAN_POINT('',(-1.75,62.25,2.5));
#8180=CARTESIAN_POINT('Origin',(1.25,62.25,2.5));
#8181=CARTESIAN_POINT('',(-1.75,70.5,2.5));
#8182=CARTESIAN_POINT('',(-1.75,62.25,2.5));
#8183=CARTESIAN_POINT('',(-33.,70.5,2.5));
#8184=CARTESIAN_POINT('',(-33.,70.5,2.5));
#8185=CARTESIAN_POINT('',(-33.,3.25000114738941,2.5));
#8186=CARTESIAN_POINT('',(-33.,-70.,2.5));
#8187=CARTESIAN_POINT('',(-24.75,3.25000114738941,2.5));
#8188=CARTESIAN_POINT('',(-24.75,3.25000114738941,2.5));
#8189=CARTESIAN_POINT('',(-24.75,-2.7499988526106,2.5));
#8190=CARTESIAN_POINT('Origin',(-24.75,0.250001147389405,2.5));
#8191=CARTESIAN_POINT('',(-33.,-2.7499988526106,2.5));
#8192=CARTESIAN_POINT('',(-24.75,-2.7499988526106,2.5));
#8193=CARTESIAN_POINT('',(-33.,-33.75,2.5));
#8194=CARTESIAN_POINT('',(-33.,-70.,2.5));
#8195=CARTESIAN_POINT('',(-24.75,-33.75,2.5));
#8196=CARTESIAN_POINT('',(-24.75,-33.75,2.5));
#8197=CARTESIAN_POINT('',(-24.75,-39.75,2.5));
#8198=CARTESIAN_POINT('Origin',(-24.75,-36.75,2.5));
#8199=CARTESIAN_POINT('',(-33.,-39.75,2.5));
#8200=CARTESIAN_POINT('',(-24.75,-39.75,2.5));
#8201=CARTESIAN_POINT('',(-33.,-70.,2.5));
#8202=CARTESIAN_POINT('',(-33.,-70.,2.5));
#8203=CARTESIAN_POINT('',(-12.75,-70.,2.5));
#8204=CARTESIAN_POINT('',(35.5,-70.,2.5));
#8205=CARTESIAN_POINT('',(-12.75,-58.,2.5));
#8206=CARTESIAN_POINT('',(-11.75,-59.,2.5));
#8207=CARTESIAN_POINT('',(-11.75,-59.,2.5));
#8208=CARTESIAN_POINT('',(-11.75,-70.,2.5));
#8209=CARTESIAN_POINT('',(-11.75,-72.,2.5));
#8210=CARTESIAN_POINT('',(-9.75,-70.,2.5));
#8211=CARTESIAN_POINT('',(35.5,-70.,2.5));
#8212=CARTESIAN_POINT('',(-9.75,-61.,2.5));
#8213=CARTESIAN_POINT('',(-9.75,-72.,2.5));
#8214=CARTESIAN_POINT('',(-9.75,-61.,2.5));
#8215=CARTESIAN_POINT('',(-23.5,0.250001147389405,2.5));
#8216=CARTESIAN_POINT('Origin',(-24.75,0.250001147389405,2.5));
#8217=CARTESIAN_POINT('',(28.5,-36.75,2.5));
#8218=CARTESIAN_POINT('Origin',(27.25,-36.75,2.5));
#8219=CARTESIAN_POINT('',(28.5,0.249999999999977,2.5));
#8220=CARTESIAN_POINT('Origin',(27.25,0.249999999999977,2.5));
#8221=CARTESIAN_POINT('',(-23.5,-36.75,2.5));
#8222=CARTESIAN_POINT('Origin',(-24.75,-36.75,2.5));
#8223=CARTESIAN_POINT('',(2.5,62.25,2.5));
#8224=CARTESIAN_POINT('Origin',(1.25,62.25,2.5));
#8225=CARTESIAN_POINT('Origin',(11.25,-62.,2.5));
#8226=CARTESIAN_POINT('',(11.25,-71.5,4.00000000000002));
#8227=CARTESIAN_POINT('',(11.25,-68.375,0.875000000000006));
#8228=CARTESIAN_POINT('',(11.25,-30.5,4.00000000000002));
#8229=CARTESIAN_POINT('Origin',(-9.75,-61.,2.5));
#8230=CARTESIAN_POINT('',(-9.75,-71.5,4.00000000000002));
#8231=CARTESIAN_POINT('',(-9.75,-68.1250000000001,0.625000000000007));
#8232=CARTESIAN_POINT('',(-9.75000000000001,-30.,4.00000000000002));
#8233=CARTESIAN_POINT('',(-9.75,-61.,2.5));
#8234=CARTESIAN_POINT('Origin',(12.25,-61.,2.5));
#8235=CARTESIAN_POINT('',(12.25,-61.,2.5));
#8236=CARTESIAN_POINT('Origin',(12.25,-72.,2.5));
#8237=CARTESIAN_POINT('',(12.25,-71.5,4.00000000000002));
#8238=CARTESIAN_POINT('',(12.25,-70.875,3.37500000000001));
#8239=CARTESIAN_POINT('',(12.25,-35.5,4.00000000000002));
#8240=CARTESIAN_POINT('Origin',(-8.75,-72.,2.5));
#8241=CARTESIAN_POINT('',(-8.75,-71.5,4.00000000000002));
#8242=CARTESIAN_POINT('',(-8.75,-70.875,3.37500000000001));
#8243=CARTESIAN_POINT('',(-8.75000000000001,-35.5,4.00000000000002));
#8244=CARTESIAN_POINT('Origin',(0.249999999999984,-70.75,3.25000000000001));
#8245=CARTESIAN_POINT('',(14.25,-71.5,4.00000000000002));
#8246=CARTESIAN_POINT('',(0.249999999999984,-71.5,4.00000000000002));
#8247=CARTESIAN_POINT('',(14.25,-67.6250000000001,0.125000000000004));
#8248=CARTESIAN_POINT('Origin',(0.249999999999984,-70.75,3.25000000000001));
#8249=CARTESIAN_POINT('',(-11.75,-71.5,4.00000000000002));
#8250=CARTESIAN_POINT('',(-11.75,-70.875,3.37500000000001));
#8251=CARTESIAN_POINT('',(0.249999999999984,-71.5,4.00000000000002));
#8252=CARTESIAN_POINT('Origin',(-35.,0.99999999999997,4.00000000000002));
#8253=CARTESIAN_POINT('',(14.25,-29.,4.00000000000002));
#8254=CARTESIAN_POINT('Origin',(-35.,0.99999999999997,4.00000000000002));
#8255=CARTESIAN_POINT('',(-11.75,-35.5,4.00000000000002));
#8256=CARTESIAN_POINT('Origin',(-11.75,-72.,2.5));
#8257=CARTESIAN_POINT('',(-11.75,-59.,2.5));
#8258=CARTESIAN_POINT('Origin',(15.25,-72.,2.5));
#8259=CARTESIAN_POINT('',(15.25,-71.5,4.00000000000002));
#8260=CARTESIAN_POINT('',(15.25,-72.,4.0000000000001));
#8261=CARTESIAN_POINT('',(15.25,-35.5,4.00000000000002));
#8262=CARTESIAN_POINT('',(15.25,-70.875,3.37500000000001));
#8263=CARTESIAN_POINT('',(15.25,-72.,1.25));
#8264=CARTESIAN_POINT('Origin',(-12.75,-58.,2.5));
#8265=CARTESIAN_POINT('',(-12.75,-72.,4.00000000000002));
#8266=CARTESIAN_POINT('',(-12.75,-71.5,4.00000000000002));
#8267=CARTESIAN_POINT('',(-12.75,-28.5,4.00000000000002));
#8268=CARTESIAN_POINT('',(-12.75,-72.,1.25));
#8269=CARTESIAN_POINT('',(-12.75,-67.3750000000001,-0.124999999999991));
#8270=CARTESIAN_POINT('Origin',(14.25,-59.,2.5));
#8271=CARTESIAN_POINT('',(14.25,-59.,2.5));
#8272=CARTESIAN_POINT('Origin',(-11.75,-59.,2.5));
#8273=CARTESIAN_POINT('Origin',(37.5,-72.,0.));
#8274=CARTESIAN_POINT('',(-35.,-72.,4.00000000000014));
#8275=CARTESIAN_POINT('',(19.375,-72.,4.00000000000011));
#8276=CARTESIAN_POINT('',(-35.,-72.,37.2));
#8277=CARTESIAN_POINT('',(-35.,-72.,0.));
#8278=CARTESIAN_POINT('',(13.75,-72.,37.2));
#8279=CARTESIAN_POINT('',(19.375,-72.,4.00000000000011));
#8280=CARTESIAN_POINT('Origin',(-35.,0.99999999999997,4.00000000000002));
#8281=CARTESIAN_POINT('',(-34.5,-71.5,4.00000000000002));
#8282=CARTESIAN_POINT('',(0.249999999999984,-71.5,4.00000000000002));
#8283=CARTESIAN_POINT('',(-34.5,-39.75,4.00000000000002));
#8284=CARTESIAN_POINT('',(-34.5,-34.5,4.00000000000002));
#8285=CARTESIAN_POINT('',(-24.75,-39.75,4.));
#8286=CARTESIAN_POINT('',(-24.75,-39.75,4.));
#8287=CARTESIAN_POINT('',(-24.75,-33.75,4.));
#8288=CARTESIAN_POINT('Origin',(-24.75,-36.75,4.));
#8289=CARTESIAN_POINT('',(-34.5,-33.75,4.00000000000002));
#8290=CARTESIAN_POINT('',(-24.75,-33.75,4.));
#8291=CARTESIAN_POINT('',(-34.5,-2.7499988526106,4.00000000000002));
#8292=CARTESIAN_POINT('',(-34.5,-16.375,4.00000000000002));
#8293=CARTESIAN_POINT('',(-24.75,-2.74999885261059,4.));
#8294=CARTESIAN_POINT('',(-24.75,-2.7499988526106,4.));
#8295=CARTESIAN_POINT('',(-24.75,3.2500011473894,4.));
#8296=CARTESIAN_POINT('Origin',(-24.75,0.250001147389405,4.));
#8297=CARTESIAN_POINT('',(-34.5,3.25000114738941,4.00000000000002));
#8298=CARTESIAN_POINT('',(-24.75,3.25000114738941,4.));
#8299=CARTESIAN_POINT('',(-34.5,72.,4.00000000000002));
#8300=CARTESIAN_POINT('',(-34.5,2.12500057369469,4.00000000000002));
#8301=CARTESIAN_POINT('',(-1.75,72.,4.00000000000002));
#8302=CARTESIAN_POINT('',(-34.,72.,4.00000000000002));
#8303=CARTESIAN_POINT('',(-1.75,62.25,4.));
#8304=CARTESIAN_POINT('',(-1.75,62.25,4.));
#8305=CARTESIAN_POINT('',(4.25,62.25,4.));
#8306=CARTESIAN_POINT('Origin',(1.25,62.25,4.));
#8307=CARTESIAN_POINT('',(4.25,72.,4.00000000000002));
#8308=CARTESIAN_POINT('',(4.25,62.25,4.));
#8309=CARTESIAN_POINT('',(37.,72.,4.00000000000002));
#8310=CARTESIAN_POINT('',(-15.375,72.,4.00000000000002));
#8311=CARTESIAN_POINT('',(37.,3.24999999999998,4.00000000000002));
#8312=CARTESIAN_POINT('',(37.,35.75,4.00000000000002));
#8313=CARTESIAN_POINT('',(27.25,3.24999999999998,4.));
#8314=CARTESIAN_POINT('',(27.25,3.24999999999998,4.));
#8315=CARTESIAN_POINT('',(27.25,-2.75000000000002,4.));
#8316=CARTESIAN_POINT('Origin',(27.25,0.249999999999977,4.));
#8317=CARTESIAN_POINT('',(37.,-2.75000000000003,4.00000000000002));
#8318=CARTESIAN_POINT('',(27.25,-2.75000000000002,4.));
#8319=CARTESIAN_POINT('',(37.,-33.75,4.00000000000002));
#8320=CARTESIAN_POINT('',(37.,-0.875000000000026,4.00000000000002));
#8321=CARTESIAN_POINT('',(27.25,-33.75,4.));
#8322=CARTESIAN_POINT('',(27.25,-33.75,4.));
#8323=CARTESIAN_POINT('',(27.25,-39.75,4.));
#8324=CARTESIAN_POINT('Origin',(27.25,-36.75,4.));
#8325=CARTESIAN_POINT('',(37.,-39.75,4.00000000000002));
#8326=CARTESIAN_POINT('',(27.25,-39.75,4.));
#8327=CARTESIAN_POINT('',(37.,-71.5,4.00000000000002));
#8328=CARTESIAN_POINT('',(37.,-19.375,4.00000000000002));
#8329=CARTESIAN_POINT('',(0.249999999999984,-71.5,4.00000000000002));
#8330=CARTESIAN_POINT('',(-18.125,72.5,4.00000000000003));
#8331=CARTESIAN_POINT('',(-39.,0.99999999999997,4.00000000000002));
#8332=CARTESIAN_POINT('',(-35.,0.99999999999997,4.00000000000002));
#8333=CARTESIAN_POINT('',(-39.,-71.,4.00000000000002));
#8334=CARTESIAN_POINT('',(-39.,-71.,4.00000000000002));
#8335=CARTESIAN_POINT('',(-35.,-71.,4.00000000000002));
#8336=CARTESIAN_POINT('',(-35.,-71.,4.00000000000002));
#8337=CARTESIAN_POINT('',(-35.,-36.125,4.));
#8338=CARTESIAN_POINT('',(-23.5,0.250001147389405,4.));
#8339=CARTESIAN_POINT('Origin',(-24.75,0.250001147389405,4.));
#8340=CARTESIAN_POINT('',(28.5,-36.75,4.));
#8341=CARTESIAN_POINT('Origin',(27.25,-36.75,4.));
#8342=CARTESIAN_POINT('',(28.5,0.249999999999977,4.));
#8343=CARTESIAN_POINT('Origin',(27.25,0.249999999999977,4.));
#8344=CARTESIAN_POINT('',(-23.5,-36.75,4.));
#8345=CARTESIAN_POINT('Origin',(-24.75,-36.75,4.));
#8346=CARTESIAN_POINT('',(2.5,62.25,4.));
#8347=CARTESIAN_POINT('Origin',(1.25,62.25,4.));
#8348=CARTESIAN_POINT('Origin',(-35.,0.99999999999997,4.00000000000002));
#8349=CARTESIAN_POINT('',(0.249999999999984,-71.5,4.00000000000002));
#8350=CARTESIAN_POINT('Origin',(0.249999999999984,-70.75,3.25000000000001));
#8351=CARTESIAN_POINT('',(37.,-71.5,4.00000000000002));
#8352=CARTESIAN_POINT('Origin',(0.249999999999984,-70.75,3.25000000000001));
#8353=CARTESIAN_POINT('',(-34.5,-71.5,4.00000000000002));
#8354=CARTESIAN_POINT('Origin',(-10.,-73.,37.2));
#8355=CARTESIAN_POINT('',(-35.,-71.,37.2));
#8356=CARTESIAN_POINT('',(-35.,-72.75,37.2));
#8357=CARTESIAN_POINT('',(-10.,-71.,37.2));
#8358=CARTESIAN_POINT('Origin',(-35.,-72.5,0.));
#8359=CARTESIAN_POINT('',(-35.,-71.,2.00000000000001));
#8360=CARTESIAN_POINT('Origin',(37.5,72.5,0.));
#8361=CARTESIAN_POINT('Origin',(-34.,71.25,3.25000000000001));
#8362=CARTESIAN_POINT('',(-1.75,70.875,2.87500000000002));
#8363=CARTESIAN_POINT('',(-34.5,72.,4.00000000000002));
#8364=CARTESIAN_POINT('Origin',(-33.75,2.12500057369469,3.25000000000001));
#8365=CARTESIAN_POINT('',(-31.3125,3.25000114738941,0.812500000000005));
#8366=CARTESIAN_POINT('Origin',(36.25,35.75,3.25000000000001));
#8367=CARTESIAN_POINT('',(35.875,3.24999999999998,2.875));
#8368=CARTESIAN_POINT('',(37.,72.,4.00000000000002));
#8369=CARTESIAN_POINT('Origin',(-15.375,71.25,3.25000000000001));
#8370=CARTESIAN_POINT('',(4.25000000000001,68.8125,0.812500000000014));
#8371=CARTESIAN_POINT('Origin',(-33.75,-16.375,3.25000000000001));
#8372=CARTESIAN_POINT('',(-31.3125,-33.75,0.812500000000005));
#8373=CARTESIAN_POINT('',(-33.375,-2.7499988526106,2.87500000000001));
#8374=CARTESIAN_POINT('Origin',(36.25,-0.875000000000026,3.25000000000001));
#8375=CARTESIAN_POINT('',(33.8125,-2.75000000000003,0.812500000000005));
#8376=CARTESIAN_POINT('',(35.875,-33.75,2.875));
#8377=CARTESIAN_POINT('Origin',(-33.75,-34.5,3.25000000000001));
#8378=CARTESIAN_POINT('',(-33.375,-39.75,2.87500000000001));
#8379=CARTESIAN_POINT('Origin',(0.249999999999984,-70.75,3.25000000000001));
#8380=CARTESIAN_POINT('Origin',(36.25,-19.375,3.25000000000001));
#8381=CARTESIAN_POINT('',(33.8125,-39.75,0.812500000000008));
#8382=CARTESIAN_POINT('Origin',(1.25,62.25,2.5));
#8383=CARTESIAN_POINT('',(2.5,62.25,2.5));
#8384=CARTESIAN_POINT('Origin',(-24.75,-36.75,2.5));
#8385=CARTESIAN_POINT('',(-23.5,-36.75,2.5));
#8386=CARTESIAN_POINT('Origin',(27.25,0.249999999999977,2.5));
#8387=CARTESIAN_POINT('',(28.5,0.249999999999977,2.5));
#8388=CARTESIAN_POINT('Origin',(27.25,-36.75,2.5));
#8389=CARTESIAN_POINT('',(28.5,-36.75,2.5));
#8390=CARTESIAN_POINT('Origin',(-24.75,0.250001147389405,2.5));
#8391=CARTESIAN_POINT('',(-23.5,0.250001147389405,2.5));
#8392=CARTESIAN_POINT('Origin',(1.25,62.25,2.5));
#8393=CARTESIAN_POINT('',(4.25,62.25,2.5));
#8394=CARTESIAN_POINT('',(-1.75,62.25,2.5));
#8395=CARTESIAN_POINT('Origin',(-1.75,70.5,2.5));
#8396=CARTESIAN_POINT('Origin',(-24.75,3.25000114738941,2.5));
#8397=CARTESIAN_POINT('',(-24.75,3.25000114738941,2.5));
#8398=CARTESIAN_POINT('Origin',(-24.75,0.250001147389405,2.5));
#8399=CARTESIAN_POINT('',(-24.75,-2.7499988526106,2.5));
#8400=CARTESIAN_POINT('Origin',(-33.,-2.7499988526106,2.5));
#8401=CARTESIAN_POINT('Origin',(-24.75,-33.75,2.5));
#8402=CARTESIAN_POINT('',(-24.75,-33.75,2.5));
#8403=CARTESIAN_POINT('Origin',(-24.75,-36.75,2.5));
#8404=CARTESIAN_POINT('',(-24.75,-39.75,2.5));
#8405=CARTESIAN_POINT('Origin',(-33.,-39.75,2.5));
#8406=CARTESIAN_POINT('Origin',(27.25,-39.75,2.5));
#8407=CARTESIAN_POINT('',(27.25,-39.75,2.5));
#8408=CARTESIAN_POINT('Origin',(27.25,-36.75,2.5));
#8409=CARTESIAN_POINT('',(27.25,-33.75,2.5));
#8410=CARTESIAN_POINT('Origin',(35.5,-33.75,2.5));
#8411=CARTESIAN_POINT('Origin',(27.25,-2.75000000000002,2.5));
#8412=CARTESIAN_POINT('',(27.25,-2.75000000000002,2.5));
#8413=CARTESIAN_POINT('Origin',(27.25,0.249999999999977,2.5));
#8414=CARTESIAN_POINT('',(27.25,3.24999999999998,2.5));
#8415=CARTESIAN_POINT('Origin',(35.5,3.24999999999998,2.5));
#8416=CARTESIAN_POINT('Origin',(4.25,62.25,2.5));
#8417=CARTESIAN_POINT('Origin',(37.5,72.5,0.));
#8418=CARTESIAN_POINT('',(37.5,72.5,0.));
#8419=CARTESIAN_POINT('',(37.5,-72.,0.));
#8420=CARTESIAN_POINT('Origin',(-37.5,72.5,0.));
#8421=CARTESIAN_POINT('',(40.,72.5,20.));
#8422=CARTESIAN_POINT('',(40.,72.5,20.));
#8423=CARTESIAN_POINT('',(40.,72.5,180.));
#8424=CARTESIAN_POINT('',(40.,72.5,90.));
#8425=CARTESIAN_POINT('',(40.,72.5,180.));
#8426=CARTESIAN_POINT('',(-37.5,72.5,200.));
#8427=CARTESIAN_POINT('',(3.00000000000002,72.5,182.5));
#8428=CARTESIAN_POINT('',(3.00000000000002,72.5,180.5));
#8429=CARTESIAN_POINT('',(3.00000000000002,72.5,91.25));
#8430=CARTESIAN_POINT('',(-0.49999999999998,72.5,180.5));
#8431=CARTESIAN_POINT('',(-18.125,72.5,180.5));
#8432=CARTESIAN_POINT('',(-0.49999999999998,72.5,182.5));
#8433=CARTESIAN_POINT('',(-0.49999999999998,72.5,91.25));
#8434=CARTESIAN_POINT('',(-18.125,72.5,182.5));
#8435=CARTESIAN_POINT('',(9.68575342152889E-8,72.5,15.));
#8436=CARTESIAN_POINT('',(9.68575342152889E-8,72.5,13.));
#8437=CARTESIAN_POINT('',(9.68575353255119E-8,72.5,7.5));
#8438=CARTESIAN_POINT('',(-9.99999990314247,72.5,13.));
#8439=CARTESIAN_POINT('',(-18.7499999515712,72.5,13.));
#8440=CARTESIAN_POINT('',(-9.99999990314247,72.5,15.));
#8441=CARTESIAN_POINT('',(-9.99999990314246,72.5,6.5));
#8442=CARTESIAN_POINT('',(-25.,72.5,15.));
#8443=CARTESIAN_POINT('',(-23.7499999515712,72.5,15.));
#8444=CARTESIAN_POINT('',(-25.,72.5,120.));
#8445=CARTESIAN_POINT('',(-25.,72.5,7.5));
#8446=CARTESIAN_POINT('',(-9.99999990314246,72.5,120.));
#8447=CARTESIAN_POINT('',(-31.25,72.5,120.));
#8448=CARTESIAN_POINT('',(-9.99999990314246,72.5,122.));
#8449=CARTESIAN_POINT('',(-9.99999990314246,72.5,60.));
#8450=CARTESIAN_POINT('',(9.68575356030676E-8,72.5,122.));
#8451=CARTESIAN_POINT('',(-23.7499999515712,72.5,122.));
#8452=CARTESIAN_POINT('',(9.68575356030676E-8,72.5,120.));
#8453=CARTESIAN_POINT('',(9.68575353255119E-8,72.5,61.));
#8454=CARTESIAN_POINT('',(15.0000001937151,72.5,120.));
#8455=CARTESIAN_POINT('',(-18.7499999515712,72.5,120.));
#8456=CARTESIAN_POINT('',(15.0000001937151,72.5,15.));
#8457=CARTESIAN_POINT('',(15.0000001937151,72.5,60.));
#8458=CARTESIAN_POINT('',(-11.2499999031425,72.5,15.));
#8459=CARTESIAN_POINT('Origin',(-37.5,72.5,0.));
#8460=CARTESIAN_POINT('',(-35.,72.5,0.));
#8461=CARTESIAN_POINT('Origin',(-35.,52.,130.865974894865));
#8462=CARTESIAN_POINT('',(-27.,50.25,130.865974894865));
#8463=CARTESIAN_POINT('Origin',(-27.,52.,130.865974894865));
#8464=CARTESIAN_POINT('',(-35.,50.25,130.865974894865));
#8465=CARTESIAN_POINT('',(-35.,50.25,130.865974894865));
#8466=CARTESIAN_POINT('Origin',(-35.,52.,130.865974894865));
#8467=CARTESIAN_POINT('Origin',(-35.,52.,130.865974894865));
#8468=CARTESIAN_POINT('',(-27.,49.,130.865974894865));
#8469=CARTESIAN_POINT('Origin',(-27.,52.,130.865974894865));
#8470=CARTESIAN_POINT('',(-35.,49.,130.865974894865));
#8471=CARTESIAN_POINT('Origin',(-27.,52.,130.865974894865));
#8472=CARTESIAN_POINT('Origin',(-35.,-72.5,0.));
#8473=CARTESIAN_POINT('',(-35.,-72.,0.));
#8474=CARTESIAN_POINT('Origin',(-35.,52.,140.465974894865));
#8475=CARTESIAN_POINT('',(-27.,50.25,140.465974894865));
#8476=CARTESIAN_POINT('Origin',(-27.,52.,140.465974894865));
#8477=CARTESIAN_POINT('',(-35.,50.25,140.465974894865));
#8478=CARTESIAN_POINT('',(-35.,50.25,140.465974894865));
#8479=CARTESIAN_POINT('Origin',(-35.,52.,140.465974894865));
#8480=CARTESIAN_POINT('Origin',(-35.,52.,140.465974894865));
#8481=CARTESIAN_POINT('',(-27.,49.,140.465974894865));
#8482=CARTESIAN_POINT('Origin',(-27.,52.,140.465974894865));
#8483=CARTESIAN_POINT('',(-35.,49.,140.465974894865));
#8484=CARTESIAN_POINT('Origin',(-27.,52.,140.465974894865));
#8485=CARTESIAN_POINT('Origin',(-35.,-72.5,0.));
#8486=CARTESIAN_POINT('Origin',(39.,-74.,0.));
#8487=CARTESIAN_POINT('',(40.,-74.,200.));
#8488=CARTESIAN_POINT('',(39.,-75.,200.));
#8489=CARTESIAN_POINT('Origin',(39.,-74.,200.));
#8490=CARTESIAN_POINT('',(39.,-75.,0.));
#8491=CARTESIAN_POINT('',(40.,-74.,0.));
#8492=CARTESIAN_POINT('Origin',(-40.,-75.,0.));
#8493=CARTESIAN_POINT('',(-39.,-75.,200.));
#8494=CARTESIAN_POINT('',(40.,-75.,200.));
#8495=CARTESIAN_POINT('',(-39.,-75.,0.));
#8496=CARTESIAN_POINT('',(17.,-75.,59.2));
#8497=CARTESIAN_POINT('',(-30.,-75.,59.2));
#8498=CARTESIAN_POINT('',(-11.5,-75.,59.2));
#8499=CARTESIAN_POINT('',(-30.,-75.,140.8));
#8500=CARTESIAN_POINT('',(-30.,-75.,29.6));
#8501=CARTESIAN_POINT('',(17.,-75.,140.8));
#8502=CARTESIAN_POINT('',(-35.,-75.,140.8));
#8503=CARTESIAN_POINT('',(17.,-75.,70.4));
#8504=CARTESIAN_POINT('',(-10.,-75.,56.2));
#8505=CARTESIAN_POINT('',(-10.,-75.,39.2));
#8506=CARTESIAN_POINT('',(-10.,-75.,28.1));
#8507=CARTESIAN_POINT('',(-30.,-75.,39.2));
#8508=CARTESIAN_POINT('',(-25.,-75.,39.2));
#8509=CARTESIAN_POINT('',(-30.,-75.,56.2));
#8510=CARTESIAN_POINT('',(-30.,-75.,19.6));
#8511=CARTESIAN_POINT('',(-35.,-75.,56.2));
#8512=CARTESIAN_POINT('Origin',(-8.88178419700125E-15,-1.77635683940025E-14,
200.));
#8513=CARTESIAN_POINT('',(40.,75.,200.));
#8514=CARTESIAN_POINT('',(40.,75.,200.));
#8515=CARTESIAN_POINT('',(-37.,75.,200.));
#8516=CARTESIAN_POINT('',(-40.,75.,200.));
#8517=CARTESIAN_POINT('',(-37.,4.99999999999997,200.));
#8518=CARTESIAN_POINT('',(-37.,20.,200.));
#8519=CARTESIAN_POINT('',(-40.,4.99999999999997,200.));
#8520=CARTESIAN_POINT('',(-20.,4.99999999999997,200.));
#8521=CARTESIAN_POINT('',(-40.,-74.,200.));
#8522=CARTESIAN_POINT('',(-40.,-75.,200.));
#8523=CARTESIAN_POINT('Origin',(-39.,-74.,200.));
#8524=CARTESIAN_POINT('Origin',(-39.,-74.,0.));
#8525=CARTESIAN_POINT('',(-40.,-74.,0.));
#8526=CARTESIAN_POINT('Origin',(-40.,75.,0.));
#8527=CARTESIAN_POINT('',(-40.,4.99999999999997,100.));
#8528=CARTESIAN_POINT('',(-40.,-65.,190.));
#8529=CARTESIAN_POINT('',(-40.,-65.,10.));
#8530=CARTESIAN_POINT('',(-40.,-65.,95.));
#8531=CARTESIAN_POINT('',(-40.,-5.00000000000003,10.));
#8532=CARTESIAN_POINT('',(-40.,4.99999999999998,10.));
#8533=CARTESIAN_POINT('',(-40.,-5.00000000000003,190.));
#8534=CARTESIAN_POINT('',(-40.,-5.00000000000002,5.));
#8535=CARTESIAN_POINT('',(-40.,35.,190.));
#8536=CARTESIAN_POINT('Origin',(3.00000000000002,73.5,182.5));
#8537=CARTESIAN_POINT('',(3.00000000000002,69.5,182.5));
#8538=CARTESIAN_POINT('',(3.00000000000002,69.5,182.5));
#8539=CARTESIAN_POINT('',(3.00000000000002,69.5,180.5));
#8540=CARTESIAN_POINT('',(3.00000000000002,69.5,182.5));
#8541=CARTESIAN_POINT('',(3.00000000000002,69.5,180.5));
#8542=CARTESIAN_POINT('Origin',(-0.49999999999998,69.5,182.5));
#8543=CARTESIAN_POINT('',(-0.49999999999998,69.5,180.5));
#8544=CARTESIAN_POINT('',(-0.49999999999998,73.5,180.5));
#8545=CARTESIAN_POINT('',(-0.49999999999998,69.5,182.5));
#8546=CARTESIAN_POINT('',(-0.49999999999998,69.5,182.5));
#8547=CARTESIAN_POINT('',(-0.49999999999998,73.5,182.5));
#8548=CARTESIAN_POINT('Origin',(-34.25,-37.5,196.75));
#8549=CARTESIAN_POINT('',(-33.4999999999999,-4.,197.5));
#8550=CARTESIAN_POINT('',(-34.2499999999999,-4.,196.75));
#8551=CARTESIAN_POINT('',(-33.5000000000001,-72.,197.5));
#8552=CARTESIAN_POINT('',(-35.,-71.,196.));
#8553=CARTESIAN_POINT('',(-35.,-55.25,196.));
#8554=CARTESIAN_POINT('',(-35.,-37.5,196.));
#8555=CARTESIAN_POINT('Origin',(-35.,-4.,197.5));
#8556=CARTESIAN_POINT('',(-33.4999999999999,-4.00000000000001,197.5));
#8557=CARTESIAN_POINT('Origin',(36.75,-55.,196.75));
#8558=CARTESIAN_POINT('',(36.,-4.,197.5));
#8559=CARTESIAN_POINT('',(36.3750000000001,-4.00000000000001,197.125));
#8560=CARTESIAN_POINT('',(36.,-72.,197.5));
#8561=CARTESIAN_POINT('Origin',(36.,-4.,197.5));
#8562=CARTESIAN_POINT('',(37.5,-4.00000000000001,197.5));
#8563=CARTESIAN_POINT('Origin',(-35.,-72.5,0.));
#8564=CARTESIAN_POINT('',(-35.,-71.,133.8));
#8565=CARTESIAN_POINT('',(-35.,-72.25,133.8));
#8566=CARTESIAN_POINT('',(-35.,-71.,2.00000000000001));
#8567=CARTESIAN_POINT('Origin',(1.24999999999999,-38.,197.5));
#8568=CARTESIAN_POINT('Origin',(37.5,72.5,0.));
#8569=CARTESIAN_POINT('Origin',(35.25,-1.50157860812072E-6,190.5));
#8570=CARTESIAN_POINT('',(34.2499981981061,-2.99999999999947,190.5));
#8571=CARTESIAN_POINT('',(39.25,-3.0000030031572,190.5));
#8572=CARTESIAN_POINT('',(34.250001801894,2.99999999999944,190.5));
#8573=CARTESIAN_POINT('Origin',(34.25,-1.77635683940025E-14,190.5));
#8574=CARTESIAN_POINT('',(34.250001801894,2.99999999999944,190.5));
#8575=CARTESIAN_POINT('',(33.,-1.76104875705166E-14,190.5));
#8576=CARTESIAN_POINT('Origin',(34.25,-1.77635683940025E-14,190.5));
#8577=CARTESIAN_POINT('Origin',(39.25,-3.0000030031572,192.5));
#8578=CARTESIAN_POINT('',(34.2499981981061,-2.99999999999947,192.5));
#8579=CARTESIAN_POINT('',(39.25,-3.0000030031572,192.5));
#8580=CARTESIAN_POINT('',(34.2499981981061,-2.99999999999947,192.5));
#8581=CARTESIAN_POINT('Origin',(34.25,-1.77635683940025E-14,192.5));
#8582=CARTESIAN_POINT('',(33.,-1.76104875705166E-14,192.5));
#8583=CARTESIAN_POINT('',(33.,-1.76104875441091E-14,192.5));
#8584=CARTESIAN_POINT('Origin',(34.25,-1.77635683940025E-14,192.5));
#8585=CARTESIAN_POINT('Origin',(34.250001801894,2.99999999999944,192.5));
#8586=CARTESIAN_POINT('',(34.250001801894,2.99999999999944,192.5));
#8587=CARTESIAN_POINT('',(34.250001801894,2.99999999999944,192.5));
#8588=CARTESIAN_POINT('',(34.250001801894,2.99999999999944,192.5));
#8589=CARTESIAN_POINT('Origin',(34.25,-1.77635683940025E-14,192.5));
#8590=CARTESIAN_POINT('Origin',(34.25,-1.77635683940025E-14,192.5));
#8591=CARTESIAN_POINT('Origin',(35.25,-1.50157860812072E-6,192.5));
#8592=CARTESIAN_POINT('Origin',(-32.25,0.999999999999983,192.5));
#8593=CARTESIAN_POINT('',(-34.5784271247462,0.99999999999998,192.5));
#8594=CARTESIAN_POINT('',(-35.75,0.999999999999981,192.5));
#8595=CARTESIAN_POINT('',(-28.75,-1.77635683940025E-14,192.5));
#8596=CARTESIAN_POINT('Origin',(-31.75,-1.77635683940025E-14,192.5));
#8597=CARTESIAN_POINT('',(-28.75,4.99999999999998,192.5));
#8598=CARTESIAN_POINT('',(-28.75,4.99999999999998,192.5));
#8599=CARTESIAN_POINT('',(-35.75,4.99999999999998,192.5));
#8600=CARTESIAN_POINT('',(-33.,-1.76104875705166E-14,192.5));
#8601=CARTESIAN_POINT('Origin',(-31.75,-1.77635683940025E-14,192.5));
#8602=CARTESIAN_POINT('Origin',(-31.75,-1.77635683940025E-14,192.5));
#8603=CARTESIAN_POINT('',(-33.,-1.76104875705166E-14,190.5));
#8604=CARTESIAN_POINT('Origin',(-31.75,-1.77635683940025E-14,190.5));
#8605=CARTESIAN_POINT('',(-33.,-1.76104875441091E-14,192.5));
#8606=CARTESIAN_POINT('Origin',(-31.75,-1.77635683940025E-14,192.5));
#8607=CARTESIAN_POINT('',(-34.5784271247462,0.99999999999998,190.5));
#8608=CARTESIAN_POINT('',(-34.5784271247462,0.99999999999998,192.5));
#8609=CARTESIAN_POINT('',(-28.75,-1.77635683940025E-14,190.5));
#8610=CARTESIAN_POINT('Origin',(-31.75,-1.77635683940025E-14,190.5));
#8611=CARTESIAN_POINT('',(-28.75,-1.77635683940025E-14,192.5));
#8612=CARTESIAN_POINT('Origin',(-28.75,4.99999999999998,192.5));
#8613=CARTESIAN_POINT('',(-28.75,4.99999999999998,190.5));
#8614=CARTESIAN_POINT('',(-28.75,4.99999999999998,190.5));
#8615=CARTESIAN_POINT('',(-28.75,4.99999999999998,192.5));
#8616=CARTESIAN_POINT('Origin',(-35.75,4.99999999999998,192.5));
#8617=CARTESIAN_POINT('',(-35.75,4.99999999999998,190.5));
#8618=CARTESIAN_POINT('Origin',(-32.25,0.999999999999983,190.5));
#8619=CARTESIAN_POINT('',(-35.75,0.999999999999981,190.5));
#8620=CARTESIAN_POINT('Origin',(-35.,-72.5,0.));
#8621=CARTESIAN_POINT('Origin',(-35.,19.9999999999997,24.097454960004));
#8622=CARTESIAN_POINT('',(-30.,18.2499999999997,24.097454960004));
#8623=CARTESIAN_POINT('Origin',(-30.,19.9999999999997,24.097454960004));
#8624=CARTESIAN_POINT('',(-35.,18.2499999999997,24.097454960004));
#8625=CARTESIAN_POINT('',(-35.,18.2499999999997,24.097454960004));
#8626=CARTESIAN_POINT('Origin',(-35.,19.9999999999997,24.097454960004));
#8627=CARTESIAN_POINT('Origin',(-35.,19.9999999999997,24.097454960004));
#8628=CARTESIAN_POINT('',(-30.,16.9999999999997,24.097454960004));
#8629=CARTESIAN_POINT('Origin',(-30.,19.9999999999997,24.097454960004));
#8630=CARTESIAN_POINT('',(-35.,16.9999999999997,24.097454960004));
#8631=CARTESIAN_POINT('Origin',(-30.,19.9999999999997,24.097454960004));
#8632=CARTESIAN_POINT('Origin',(-35.,19.9999999999997,109.5));
#8633=CARTESIAN_POINT('',(-30.,18.2499999999997,109.5));
#8634=CARTESIAN_POINT('Origin',(-30.,19.9999999999997,109.5));
#8635=CARTESIAN_POINT('',(-35.,18.2499999999997,109.5));
#8636=CARTESIAN_POINT('',(-35.,18.2499999999997,109.5));
#8637=CARTESIAN_POINT('Origin',(-35.,19.9999999999997,109.5));
#8638=CARTESIAN_POINT('Origin',(-35.,19.9999999999997,109.5));
#8639=CARTESIAN_POINT('',(-30.,16.9999999999997,109.5));
#8640=CARTESIAN_POINT('Origin',(-30.,19.9999999999997,109.5));
#8641=CARTESIAN_POINT('',(-35.,16.9999999999997,109.5));
#8642=CARTESIAN_POINT('Origin',(-30.,19.9999999999997,109.5));
#8643=CARTESIAN_POINT('Origin',(-35.,-72.5,0.));
#8644=CARTESIAN_POINT('Origin',(-35.,61.4999999999997,84.4999999999994));
#8645=CARTESIAN_POINT('',(-30.,59.7499999999997,84.4999999999994));
#8646=CARTESIAN_POINT('Origin',(-30.,61.4999999999997,84.4999999999994));
#8647=CARTESIAN_POINT('',(-35.,59.7499999999997,84.4999999999994));
#8648=CARTESIAN_POINT('',(-35.,59.7499999999997,84.4999999999994));
#8649=CARTESIAN_POINT('Origin',(-35.,61.4999999999997,84.4999999999994));
#8650=CARTESIAN_POINT('Origin',(-35.,61.4999999999997,84.4999999999994));
#8651=CARTESIAN_POINT('',(-30.,58.4999999999997,84.4999999999994));
#8652=CARTESIAN_POINT('Origin',(-30.,61.4999999999997,84.4999999999994));
#8653=CARTESIAN_POINT('',(-35.,58.4999999999997,84.4999999999994));
#8654=CARTESIAN_POINT('Origin',(-30.,61.4999999999997,84.4999999999994));
#8655=CARTESIAN_POINT('Origin',(-35.,-72.5,0.));
#8656=CARTESIAN_POINT('Origin',(-35.,61.4999999999997,49.097454960004));
#8657=CARTESIAN_POINT('',(-30.,59.7499999999997,49.097454960004));
#8658=CARTESIAN_POINT('Origin',(-30.,61.4999999999997,49.097454960004));
#8659=CARTESIAN_POINT('',(-35.,59.7499999999997,49.097454960004));
#8660=CARTESIAN_POINT('',(-35.,59.7499999999997,49.097454960004));
#8661=CARTESIAN_POINT('Origin',(-35.,61.4999999999997,49.097454960004));
#8662=CARTESIAN_POINT('Origin',(-35.,61.4999999999997,49.097454960004));
#8663=CARTESIAN_POINT('',(-30.,58.4999999999997,49.097454960004));
#8664=CARTESIAN_POINT('Origin',(-30.,61.4999999999997,49.097454960004));
#8665=CARTESIAN_POINT('',(-35.,58.4999999999997,49.097454960004));
#8666=CARTESIAN_POINT('Origin',(-30.,61.4999999999997,49.097454960004));
#8667=CARTESIAN_POINT('Origin',(-35.,-72.5,0.));
#8668=CARTESIAN_POINT('Origin',(-35.,5.99999999999965,66.7999999999994));
#8669=CARTESIAN_POINT('',(-30.,4.24999999999965,66.7999999999994));
#8670=CARTESIAN_POINT('Origin',(-30.,5.99999999999965,66.7999999999994));
#8671=CARTESIAN_POINT('',(-35.,4.24999999999965,66.7999999999994));
#8672=CARTESIAN_POINT('',(-35.,4.24999999999965,66.7999999999994));
#8673=CARTESIAN_POINT('Origin',(-35.,5.99999999999965,66.7999999999994));
#8674=CARTESIAN_POINT('Origin',(-35.,5.99999999999965,66.7999999999994));
#8675=CARTESIAN_POINT('',(-30.,2.99999999999965,66.7999999999994));
#8676=CARTESIAN_POINT('Origin',(-30.,5.99999999999965,66.7999999999994));
#8677=CARTESIAN_POINT('',(-35.,2.99999999999965,66.7999999999994));
#8678=CARTESIAN_POINT('Origin',(-30.,5.99999999999965,66.7999999999994));
#8679=CARTESIAN_POINT('Origin',(-35.,-72.5,0.));
#8680=CARTESIAN_POINT('Origin',(-3.49999990314247,71.25,17.25));
#8681=CARTESIAN_POINT('',(-7.99999990314247,72.,18.));
#8682=CARTESIAN_POINT('',(-7.99999990314247,71.5,17.5));
#8683=CARTESIAN_POINT('',(-3.49999990314247,72.,18.));
#8684=CARTESIAN_POINT('Origin',(-7.99999990314247,72.5,17.));
#8685=CARTESIAN_POINT('',(-7.99999990314247,72.3,18.));
#8686=CARTESIAN_POINT('',(-7.99999990314247,72.5,18.));
#8687=CARTESIAN_POINT('',(-7.99999990314247,72.3,17.));
#8688=CARTESIAN_POINT('',(-7.99999990314247,72.3,16.75));
#8689=CARTESIAN_POINT('',(-7.99999990314247,74.,17.));
#8690=CARTESIAN_POINT('',(-7.99999990314247,72.5,17.));
#8691=CARTESIAN_POINT('',(-7.99999990314247,74.,17.));
#8692=CARTESIAN_POINT('Origin',(-6.49999990314246,71.25,117.75));
#8693=CARTESIAN_POINT('',(-1.99999990314246,72.,117.));
#8694=CARTESIAN_POINT('',(-1.99999990314246,71.5,117.5));
#8695=CARTESIAN_POINT('',(-6.49999990314246,72.,117.));
#8696=CARTESIAN_POINT('Origin',(-1.99999990314246,72.5,118.));
#8697=CARTESIAN_POINT('',(-1.99999990314246,72.3,117.));
#8698=CARTESIAN_POINT('',(-1.99999990314246,72.5,117.));
#8699=CARTESIAN_POINT('',(-1.99999990314246,72.3,118.));
#8700=CARTESIAN_POINT('',(-1.99999990314246,72.3,118.25));
#8701=CARTESIAN_POINT('',(-1.99999990314246,74.,118.));
#8702=CARTESIAN_POINT('',(-1.99999990314246,72.5,118.));
#8703=CARTESIAN_POINT('',(-1.99999990314246,74.,118.));
#8704=CARTESIAN_POINT('Origin',(-4.99999990314246,72.3,118.5));
#8705=CARTESIAN_POINT('',(-30.25,72.3,118.));
#8706=CARTESIAN_POINT('',(-6.49999990314246,72.3,117.));
#8707=CARTESIAN_POINT('Origin',(-4.99999990314247,72.3,16.5));
#8708=CARTESIAN_POINT('',(-12.2499999031425,72.3,17.));
#8709=CARTESIAN_POINT('',(-3.49999990314247,72.3,18.));
#8710=CARTESIAN_POINT('Origin',(-7.99999990314246,72.5,117.));
#8711=CARTESIAN_POINT('Origin',(-1.99999990314247,72.5,18.));
#8712=CARTESIAN_POINT('Origin',(-23.,72.5,17.));
#8713=CARTESIAN_POINT('',(-23.,75.,118.));
#8714=CARTESIAN_POINT('',(-23.,75.,17.));
#8715=CARTESIAN_POINT('',(-23.,75.,8.5));
#8716=CARTESIAN_POINT('',(-23.,74.,118.));
#8717=CARTESIAN_POINT('',(-23.,72.5,118.));
#8718=CARTESIAN_POINT('',(-23.,74.,17.));
#8719=CARTESIAN_POINT('',(-23.,74.,17.));
#8720=CARTESIAN_POINT('',(-23.,72.5,17.));
#8721=CARTESIAN_POINT('Origin',(13.0000001937151,72.5,17.));
#8722=CARTESIAN_POINT('',(13.0000001937151,75.,17.));
#8723=CARTESIAN_POINT('',(26.5000000968576,75.,17.));
#8724=CARTESIAN_POINT('',(13.0000001937151,74.,17.));
#8725=CARTESIAN_POINT('',(13.0000001937151,74.,17.));
#8726=CARTESIAN_POINT('',(13.0000001937151,74.,17.));
#8727=CARTESIAN_POINT('',(13.0000001937151,72.5,17.));
#8728=CARTESIAN_POINT('Origin',(13.0000001937151,72.5,118.));
#8729=CARTESIAN_POINT('',(13.0000001937151,75.,118.));
#8730=CARTESIAN_POINT('',(13.0000001937151,75.,59.));
#8731=CARTESIAN_POINT('',(13.0000001937151,74.,118.));
#8732=CARTESIAN_POINT('',(13.0000001937151,74.,118.));
#8733=CARTESIAN_POINT('',(13.0000001937151,72.5,118.));
#8734=CARTESIAN_POINT('Origin',(-23.,72.5,118.));
#8735=CARTESIAN_POINT('',(8.49999999999999,75.,118.));
#8736=CARTESIAN_POINT('',(-23.,74.,118.));
#8737=CARTESIAN_POINT('',(-23.,74.,118.));
#8738=CARTESIAN_POINT('Origin',(9.68575342152889E-8,72.5,15.));
#8739=CARTESIAN_POINT('',(9.68575342152889E-8,74.,15.));
#8740=CARTESIAN_POINT('',(9.68575342152889E-8,72.5,15.));
#8741=CARTESIAN_POINT('',(9.68575342152889E-8,74.,13.));
#8742=CARTESIAN_POINT('',(9.68575342152889E-8,74.,13.));
#8743=CARTESIAN_POINT('',(9.68575342152889E-8,72.5,13.));
#8744=CARTESIAN_POINT('Origin',(15.0000001937151,72.5,15.));
#8745=CARTESIAN_POINT('',(15.0000001937151,74.,15.));
#8746=CARTESIAN_POINT('',(15.0000001937151,72.5,15.));
#8747=CARTESIAN_POINT('',(15.0000001937151,74.,15.));
#8748=CARTESIAN_POINT('Origin',(15.0000001937151,72.5,120.));
#8749=CARTESIAN_POINT('',(15.0000001937151,74.,120.));
#8750=CARTESIAN_POINT('',(15.0000001937151,72.5,120.));
#8751=CARTESIAN_POINT('',(15.0000001937151,74.,120.));
#8752=CARTESIAN_POINT('Origin',(9.68575353255119E-8,72.5,120.));
#8753=CARTESIAN_POINT('',(9.68575356030676E-8,74.,120.));
#8754=CARTESIAN_POINT('',(9.68575356030676E-8,72.5,120.));
#8755=CARTESIAN_POINT('',(-25.,74.,120.));
#8756=CARTESIAN_POINT('Origin',(9.68575356030676E-8,72.5,122.));
#8757=CARTESIAN_POINT('',(9.68575356030676E-8,74.,122.));
#8758=CARTESIAN_POINT('',(9.68575356030676E-8,72.5,122.));
#8759=CARTESIAN_POINT('',(9.68575356030676E-8,74.,122.));
#8760=CARTESIAN_POINT('Origin',(-9.99999990314246,72.5,122.));
#8761=CARTESIAN_POINT('',(-9.99999990314246,74.,122.));
#8762=CARTESIAN_POINT('',(-9.99999990314246,72.5,122.));
#8763=CARTESIAN_POINT('',(-1.99999990314246,74.,122.));
#8764=CARTESIAN_POINT('Origin',(-9.99999990314246,72.5,120.));
#8765=CARTESIAN_POINT('',(-9.99999990314246,74.,120.));
#8766=CARTESIAN_POINT('',(-9.99999990314246,72.5,120.));
#8767=CARTESIAN_POINT('',(-9.99999990314246,74.,122.));
#8768=CARTESIAN_POINT('Origin',(-25.,72.5,120.));
#8769=CARTESIAN_POINT('',(-25.,74.,120.));
#8770=CARTESIAN_POINT('',(-25.,72.5,120.));
#8771=CARTESIAN_POINT('',(-25.,74.,120.));
#8772=CARTESIAN_POINT('Origin',(-25.,72.5,15.));
#8773=CARTESIAN_POINT('',(-25.,74.,15.));
#8774=CARTESIAN_POINT('',(-25.,72.5,15.));
#8775=CARTESIAN_POINT('',(-25.,74.,15.));
#8776=CARTESIAN_POINT('Origin',(-9.99999990314247,72.5,15.));
#8777=CARTESIAN_POINT('',(-9.99999990314247,74.,15.));
#8778=CARTESIAN_POINT('',(-9.99999990314247,72.5,15.));
#8779=CARTESIAN_POINT('',(15.0000001937151,74.,15.));
#8780=CARTESIAN_POINT('Origin',(-9.99999990314247,72.5,13.));
#8781=CARTESIAN_POINT('',(-9.99999990314247,74.,13.));
#8782=CARTESIAN_POINT('',(-9.99999990314247,72.5,13.));
#8783=CARTESIAN_POINT('',(-9.99999990314247,74.,13.));
#8784=CARTESIAN_POINT('Origin',(9.68575331050658E-8,72.5,13.));
#8785=CARTESIAN_POINT('',(-7.99999990314247,74.,13.));
#8786=CARTESIAN_POINT('Origin',(-4.99999990314246,74.,67.5));
#8787=CARTESIAN_POINT('Origin',(-18.,-71.,54.7));
#8788=CARTESIAN_POINT('',(-18.,-65.1999985426664,49.7));
#8789=CARTESIAN_POINT('',(-18.,-63.2,49.7));
#8790=CARTESIAN_POINT('',(-18.,-68.1,49.7));
#8791=CARTESIAN_POINT('',(-18.,-63.2,54.7));
#8792=CARTESIAN_POINT('',(-18.,-63.2,54.7));
#8793=CARTESIAN_POINT('',(-18.,-71.,54.7));
#8794=CARTESIAN_POINT('',(-18.,-71.,54.7));
#8795=CARTESIAN_POINT('',(-18.,-71.,52.7));
#8796=CARTESIAN_POINT('',(-18.,-71.,29.35));
#8797=CARTESIAN_POINT('',(-18.,-65.1999985426664,52.7));
#8798=CARTESIAN_POINT('',(-18.,-71.,52.7));
#8799=CARTESIAN_POINT('',(-18.,-65.1999985426664,42.7));
#8800=CARTESIAN_POINT('Origin',(-18.,-71.,54.7));
#8801=CARTESIAN_POINT('',(-18.,-63.2,45.7));
#8802=CARTESIAN_POINT('',(-18.,-65.2,45.7));
#8803=CARTESIAN_POINT('',(-18.,-67.1,45.7));
#8804=CARTESIAN_POINT('',(-18.,-65.1999985426664,42.7));
#8805=CARTESIAN_POINT('',(-18.,-65.1999985426664,42.7));
#8806=CARTESIAN_POINT('',(-18.,-71.,42.7));
#8807=CARTESIAN_POINT('',(-18.,-71.,42.7));
#8808=CARTESIAN_POINT('',(-18.,-71.,40.7));
#8809=CARTESIAN_POINT('',(-18.,-71.,23.35));
#8810=CARTESIAN_POINT('',(-18.,-63.2,40.7));
#8811=CARTESIAN_POINT('',(-18.,-71.,40.7));
#8812=CARTESIAN_POINT('',(-18.,-63.2,54.7));
#8813=CARTESIAN_POINT('Origin',(-21.9999995082617,-65.1999985426664,42.7));
#8814=CARTESIAN_POINT('',(-21.9999995082617,-65.1999985426664,52.7));
#8815=CARTESIAN_POINT('',(-18.4999997541308,-65.1999985426664,52.7));
#8816=CARTESIAN_POINT('',(-21.9999995082617,-65.1999985426664,42.7));
#8817=CARTESIAN_POINT('',(-21.9999995082617,-65.1999985426664,42.7));
#8818=CARTESIAN_POINT('',(-23.4999997541308,-65.1999985426664,42.7));
#8819=CARTESIAN_POINT('',(-15.,-65.2,45.7));
#8820=CARTESIAN_POINT('',(-15.,-65.2,45.7));
#8821=CARTESIAN_POINT('',(-15.,-65.2,49.7));
#8822=CARTESIAN_POINT('',(-15.,-65.2,44.2));
#8823=CARTESIAN_POINT('',(-15.,-65.2,49.7));
#8824=CARTESIAN_POINT('Origin',(-18.,-71.,40.7));
#8825=CARTESIAN_POINT('',(-22.,-71.,40.7));
#8826=CARTESIAN_POINT('',(-26.5,-71.,40.7));
#8827=CARTESIAN_POINT('',(-22.,-63.2,40.7));
#8828=CARTESIAN_POINT('',(-22.,-71.,40.7));
#8829=CARTESIAN_POINT('',(-18.,-63.2,40.7));
#8830=CARTESIAN_POINT('Origin',(-35.,-71.,4.00000000000002));
#8831=CARTESIAN_POINT('',(-17.5,-71.,126.8));
#8832=CARTESIAN_POINT('',(-17.5,-71.,125.8));
#8833=CARTESIAN_POINT('',(-17.5,-71.,64.9));
#8834=CARTESIAN_POINT('',(-35.,-71.,125.8));
#8835=CARTESIAN_POINT('',(-35.,-71.,125.8));
#8836=CARTESIAN_POINT('',(-35.,-71.,67.5999999999999));
#8837=CARTESIAN_POINT('',(-35.,-71.,2.00000000000001));
#8838=CARTESIAN_POINT('',(-35.,-71.,67.5999999999999));
#8839=CARTESIAN_POINT('',(-39.,-71.,196.));
#8840=CARTESIAN_POINT('',(-39.,-71.,196.));
#8841=CARTESIAN_POINT('',(-35.,-71.,196.));
#8842=CARTESIAN_POINT('',(-17.5,-71.,133.8));
#8843=CARTESIAN_POINT('',(37.5,-71.,133.8));
#8844=CARTESIAN_POINT('',(-17.5,-71.,132.8));
#8845=CARTESIAN_POINT('',(-17.5,-71.,68.4));
#8846=CARTESIAN_POINT('Origin',(-17.5,-71.,129.8));
#8847=CARTESIAN_POINT('',(5.27500000000006,-71.,61.8999999999999));
#8848=CARTESIAN_POINT('Origin',(2.27500000000006,-71.,61.8999999999999));
#8849=CARTESIAN_POINT('',(-22.,-71.,42.7));
#8850=CARTESIAN_POINT('',(-22.,-71.,22.35));
#8851=CARTESIAN_POINT('',(-15.,-71.,42.7));
#8852=CARTESIAN_POINT('',(-22.5,-71.,42.7));
#8853=CARTESIAN_POINT('',(-15.,-71.,45.7));
#8854=CARTESIAN_POINT('',(-15.,-71.,45.2));
#8855=CARTESIAN_POINT('',(-13.,-71.,45.7));
#8856=CARTESIAN_POINT('',(-24.,-71.,45.7));
#8857=CARTESIAN_POINT('',(-13.,-71.,49.7));
#8858=CARTESIAN_POINT('',(-13.,-71.,26.85));
#8859=CARTESIAN_POINT('',(-15.,-71.,49.7));
#8860=CARTESIAN_POINT('',(-25.,-71.,49.7));
#8861=CARTESIAN_POINT('',(-15.,-71.,52.7));
#8862=CARTESIAN_POINT('',(-15.,-71.,45.2));
#8863=CARTESIAN_POINT('',(-17.5,-71.,52.7));
#8864=CARTESIAN_POINT('',(-22.,-71.,54.7));
#8865=CARTESIAN_POINT('',(-28.5,-71.,54.7));
#8866=CARTESIAN_POINT('',(-22.,-71.,52.7));
#8867=CARTESIAN_POINT('',(-22.,-71.,28.35));
#8868=CARTESIAN_POINT('',(-25.,-71.,52.7));
#8869=CARTESIAN_POINT('',(-17.5,-71.,52.7));
#8870=CARTESIAN_POINT('',(-25.,-71.,42.7));
#8871=CARTESIAN_POINT('',(-25.,-71.,50.2));
#8872=CARTESIAN_POINT('',(-22.5,-71.,42.7));
#8873=CARTESIAN_POINT('Origin',(-13.,-71.,49.7));
#8874=CARTESIAN_POINT('',(-13.,-63.2,45.7));
#8875=CARTESIAN_POINT('',(-13.,-71.,45.7));
#8876=CARTESIAN_POINT('',(-13.,-63.2,49.7));
#8877=CARTESIAN_POINT('',(-13.,-63.2,45.7));
#8878=CARTESIAN_POINT('',(-13.,-71.,49.7));
#8879=CARTESIAN_POINT('Origin',(-15.,-71.,49.7));
#8880=CARTESIAN_POINT('',(-15.,-63.2,49.7));
#8881=CARTESIAN_POINT('',(-15.,-71.,49.7));
#8882=CARTESIAN_POINT('Origin',(-13.,-71.,45.7));
#8883=CARTESIAN_POINT('',(-15.,-71.,45.7));
#8884=CARTESIAN_POINT('',(-15.,-63.2,45.7));
#8885=CARTESIAN_POINT('Origin',(-14.,-63.2,47.7));
#8886=CARTESIAN_POINT('',(-22.,-63.2,54.7));
#8887=CARTESIAN_POINT('',(-22.,-63.2,40.7));
#8888=CARTESIAN_POINT('',(-22.,-63.2,54.7));
#8889=CARTESIAN_POINT('Origin',(-22.,-71.,54.7));
#8890=CARTESIAN_POINT('',(-22.,-71.,54.7));
#8891=CARTESIAN_POINT('Origin',(-22.,-71.,52.7));
#8892=CARTESIAN_POINT('',(-22.,-71.,42.7));
#8893=CARTESIAN_POINT('',(-22.,-71.,52.7));
#8894=CARTESIAN_POINT('Origin',(-35.,-72.5,0.));
#8895=CARTESIAN_POINT('Origin',(37.5,-72.,0.));
#8896=CARTESIAN_POINT('Origin',(-15.,-75.,42.7));
#8897=CARTESIAN_POINT('',(-15.,-72.,42.7));
#8898=CARTESIAN_POINT('',(-15.,-75.,42.7));
#8899=CARTESIAN_POINT('',(-15.,-72.,52.7));
#8900=CARTESIAN_POINT('',(-15.,-72.,45.2));
#8901=CARTESIAN_POINT('',(-15.,-75.,52.7));
#8902=CARTESIAN_POINT('Origin',(-15.,-75.,52.7));
#8903=CARTESIAN_POINT('',(-25.,-72.,52.7));
#8904=CARTESIAN_POINT('',(-17.5,-72.,52.7));
#8905=CARTESIAN_POINT('',(-25.,-75.,52.7));
#8906=CARTESIAN_POINT('Origin',(-33.5,-72.5,56.2));
#8907=CARTESIAN_POINT('',(-10.,-72.,56.2));
#8908=CARTESIAN_POINT('',(-10.,-74.6,56.2));
#8909=CARTESIAN_POINT('',(-10.,-73.75,56.2));
#8910=CARTESIAN_POINT('',(20.5,-74.6,56.2));
#8911=CARTESIAN_POINT('',(-33.5,-74.6,56.2));
#8912=CARTESIAN_POINT('',(20.5,-72.,56.2));
#8913=CARTESIAN_POINT('',(20.5,-72.5,56.2));
#8914=CARTESIAN_POINT('',(2.,-72.,56.2));
#8915=CARTESIAN_POINT('Origin',(-10.,-75.,56.2));
#8916=CARTESIAN_POINT('',(-10.,-75.,56.2));
#8917=CARTESIAN_POINT('',(-10.,-72.,39.2));
#8918=CARTESIAN_POINT('',(-10.,-72.,28.1));
#8919=CARTESIAN_POINT('',(-10.,-75.,39.2));
#8920=CARTESIAN_POINT('Origin',(-30.,-75.,56.2));
#8921=CARTESIAN_POINT('',(-30.,-74.6,56.2));
#8922=CARTESIAN_POINT('',(-33.5,-74.6,56.2));
#8923=CARTESIAN_POINT('',(-30.,-75.,56.2));
#8924=CARTESIAN_POINT('Origin',(-30.,-75.,39.2));
#8925=CARTESIAN_POINT('',(-30.,-72.,39.2));
#8926=CARTESIAN_POINT('',(-30.,-75.,39.2));
#8927=CARTESIAN_POINT('',(-30.,-72.,56.2));
#8928=CARTESIAN_POINT('',(-30.,-72.,19.6));
#8929=CARTESIAN_POINT('',(-30.,-73.75,56.2));
#8930=CARTESIAN_POINT('Origin',(-10.,-75.,39.2));
#8931=CARTESIAN_POINT('',(13.75,-72.,39.2));
#8932=CARTESIAN_POINT('Origin',(-25.,-75.,52.7));
#8933=CARTESIAN_POINT('',(-25.,-72.,42.7));
#8934=CARTESIAN_POINT('',(-25.,-72.,50.2));
#8935=CARTESIAN_POINT('',(-25.,-75.,42.7));
#8936=CARTESIAN_POINT('Origin',(-25.,-75.,42.7));
#8937=CARTESIAN_POINT('',(-22.5,-72.,42.7));
#8938=CARTESIAN_POINT('Origin',(-33.5,-72.5,56.2));
#8939=CARTESIAN_POINT('',(-33.5,-72.,56.2));
#8940=CARTESIAN_POINT('',(2.,-72.,56.2));
#8941=CARTESIAN_POINT('',(-33.5,-74.6,56.2));
#8942=CARTESIAN_POINT('',(-33.5,-72.5,56.2));
#8943=CARTESIAN_POINT('',(-33.5,-74.6,56.2));
#8944=CARTESIAN_POINT('Origin',(2.27500000000006,-72.,61.8999999999999));
#8945=CARTESIAN_POINT('',(5.27500000000006,-67.,61.8999999999999));
#8946=CARTESIAN_POINT('Origin',(2.27500000000006,-67.,61.8999999999999));
#8947=CARTESIAN_POINT('',(5.27500000000006,-72.,61.8999999999999));
#8948=CARTESIAN_POINT('Origin',(2.27500000000006,-72.,61.8999999999999));
#8949=CARTESIAN_POINT('',(4.02500000000006,-67.,61.8999999999999));
#8950=CARTESIAN_POINT('Origin',(2.27500000000006,-67.,61.8999999999999));
#8951=CARTESIAN_POINT('',(4.02500000000006,-72.,61.8999999999999));
#8952=CARTESIAN_POINT('',(4.02500000000006,-72.,61.8999999999999));
#8953=CARTESIAN_POINT('Origin',(2.27500000000006,-72.,61.8999999999999));
#8954=CARTESIAN_POINT('Origin',(2.27500000000006,-67.,61.8999999999999));
#8955=CARTESIAN_POINT('Origin',(37.25,-67.25,131.8));
#8956=CARTESIAN_POINT('',(37.,-67.,125.8));
#8957=CARTESIAN_POINT('',(38.5,-68.5,125.8));
#8958=CARTESIAN_POINT('',(37.,-67.,133.8));
#8959=CARTESIAN_POINT('',(37.,-67.,131.8));
#8960=CARTESIAN_POINT('',(20.375,-50.375,133.8));
#8961=CARTESIAN_POINT('Origin',(-35.,-72.,133.8));
#8962=CARTESIAN_POINT('',(-17.5,-67.,133.8));
#8963=CARTESIAN_POINT('',(37.5,-67.,133.8));
#8964=CARTESIAN_POINT('',(-17.5,-72.,133.8));
#8965=CARTESIAN_POINT('',(37.5,-72.,133.8));
#8966=CARTESIAN_POINT('Origin',(8.50000000000002,-67.,129.8));
#8967=CARTESIAN_POINT('',(-17.5,-67.,125.8));
#8968=CARTESIAN_POINT('',(-35.,-67.,125.8));
#8969=CARTESIAN_POINT('',(-17.5,-67.,126.8));
#8970=CARTESIAN_POINT('',(-17.5,-67.,125.8));
#8971=CARTESIAN_POINT('',(-17.5,-67.,132.8));
#8972=CARTESIAN_POINT('Origin',(-17.5,-67.,129.8));
#8973=CARTESIAN_POINT('',(-17.5,-67.,125.8));
#8974=CARTESIAN_POINT('',(-15.75,-67.,129.8));
#8975=CARTESIAN_POINT('Origin',(-17.5,-67.,129.8));
#8976=CARTESIAN_POINT('Origin',(-17.5,-72.,125.8));
#8977=CARTESIAN_POINT('',(-17.5,-72.,126.8));
#8978=CARTESIAN_POINT('',(-17.5,-72.,125.8));
#8979=CARTESIAN_POINT('Origin',(-17.5,-72.,129.8));
#8980=CARTESIAN_POINT('',(-17.5,-72.,132.8));
#8981=CARTESIAN_POINT('Origin',(-17.5,-72.,129.8));
#8982=CARTESIAN_POINT('',(-15.75,-72.,129.8));
#8983=CARTESIAN_POINT('',(-15.75,-72.,129.8));
#8984=CARTESIAN_POINT('Origin',(-17.5,-72.,129.8));
#8985=CARTESIAN_POINT('Origin',(-17.5,-72.,132.8));
#8986=CARTESIAN_POINT('Origin',(1.24999999999999,-72.,129.8));
#8987=CARTESIAN_POINT('',(-33.5,-72.,125.8));
#8988=CARTESIAN_POINT('',(20.5,-72.,125.8));
#8989=CARTESIAN_POINT('',(-35.,-72.,125.8));
#8990=CARTESIAN_POINT('',(20.5,-72.,28.1));
#8991=CARTESIAN_POINT('',(-33.5,-72.,93.1));
#8992=CARTESIAN_POINT('Origin',(-35.,-72.,67.5999999999999));
#8993=CARTESIAN_POINT('',(-33.5,-72.,67.5999999999999));
#8994=CARTESIAN_POINT('',(-35.,-72.,67.5999999999999));
#8995=CARTESIAN_POINT('',(1.24999999999999,-72.,67.5999999999999));
#8996=CARTESIAN_POINT('',(20.5,-72.,67.5999999999999));
#8997=CARTESIAN_POINT('',(-35.,-72.,67.5999999999999));
#8998=CARTESIAN_POINT('',(1.24999999999999,-72.,67.5999999999999));
#8999=CARTESIAN_POINT('',(-35.,-72.25,67.5999999999999));
#9000=CARTESIAN_POINT('Origin',(1.24999999999999,-72.,61.8999999999999));
#9001=CARTESIAN_POINT('',(20.5,-72.,28.1));
#9002=CARTESIAN_POINT('',(-33.5,-72.,93.1));
#9003=CARTESIAN_POINT('Origin',(37.5,-72.,0.));
#9004=CARTESIAN_POINT('',(-35.,-72.,125.8));
#9005=CARTESIAN_POINT('',(-35.,-72.,0.));
#9006=CARTESIAN_POINT('',(37.5,-72.,125.8));
#9007=CARTESIAN_POINT('',(-33.5,-72.,93.1));
#9008=CARTESIAN_POINT('Origin',(37.5,-72.,0.));
#9009=CARTESIAN_POINT('',(20.5,-72.,28.1));
#9010=CARTESIAN_POINT('',(37.5,-72.,125.8));
#9011=CARTESIAN_POINT('Origin',(-35.,-72.5,0.));
#9012=CARTESIAN_POINT('',(-35.,-72.25,125.8));
#9013=CARTESIAN_POINT('Origin',(37.5,-72.,125.8));
#9014=CARTESIAN_POINT('Origin',(20.5,-72.,186.2));
#9015=CARTESIAN_POINT('',(20.5,-74.6000035433099,140.800006687641));
#9016=CARTESIAN_POINT('',(20.5,-75.7111210858522,121.398214282216));
#9017=CARTESIAN_POINT('',(17.,-74.6,140.8));
#9018=CARTESIAN_POINT('',(7.,-74.6,140.800068559189));
#9019=CARTESIAN_POINT('',(-30.,-74.6,140.8));
#9020=CARTESIAN_POINT('',(-18.25,-74.6,140.8));
#9021=CARTESIAN_POINT('',(-33.5,-74.6000035433099,140.800006687641));
#9022=CARTESIAN_POINT('',(7.,-74.6,140.800068559189));
#9023=CARTESIAN_POINT('',(-33.5,-72.0008172487754,186.185729600627));
#9024=CARTESIAN_POINT('Origin',(-6.49999999999999,-74.6,121.2));
#9025=CARTESIAN_POINT('',(20.5,-74.6,56.2));
#9026=CARTESIAN_POINT('',(-33.5,-74.6,186.2));
#9027=CARTESIAN_POINT('',(-30.,-74.6,59.2));
#9028=CARTESIAN_POINT('',(-30.,-74.6,90.2));
#9029=CARTESIAN_POINT('',(17.,-74.6,59.2));
#9030=CARTESIAN_POINT('',(5.25,-74.6,59.2));
#9031=CARTESIAN_POINT('',(17.,-74.6,131.));
#9032=CARTESIAN_POINT('Origin',(20.5,-72.5,56.2));
#9033=CARTESIAN_POINT('Origin',(17.,-75.,140.8));
#9034=CARTESIAN_POINT('',(17.,-75.,59.2));
#9035=CARTESIAN_POINT('',(17.,-75.,140.8));
#9036=CARTESIAN_POINT('Origin',(17.,-75.,59.2));
#9037=CARTESIAN_POINT('',(-30.,-75.,59.2));
#9038=CARTESIAN_POINT('Origin',(-35.,-71.,196.));
#9039=CARTESIAN_POINT('',(-39.,0.99999999999997,196.));
#9040=CARTESIAN_POINT('',(-39.,0.99999999999997,196.));
#9041=CARTESIAN_POINT('',(-35.,0.99999999999997,196.));
#9042=CARTESIAN_POINT('Origin',(-35.,0.99999999999997,196.));
#9043=CARTESIAN_POINT('',(-39.,0.99999999999997,4.00000000000002));
#9044=CARTESIAN_POINT('Origin',(-39.,-35.,100.));
#9045=CARTESIAN_POINT('',(-39.,-5.00000000000003,10.));
#9046=CARTESIAN_POINT('',(-39.,-5.00000000000003,190.));
#9047=CARTESIAN_POINT('',(-39.,-5.00000000000003,55.));
#9048=CARTESIAN_POINT('',(-39.,-65.,10.));
#9049=CARTESIAN_POINT('',(-39.,-50.,10.));
#9050=CARTESIAN_POINT('',(-39.,-65.,190.));
#9051=CARTESIAN_POINT('',(-39.,-65.,145.));
#9052=CARTESIAN_POINT('',(-39.,-20.,190.));
#9053=CARTESIAN_POINT('Origin',(-40.,-65.,10.));
#9054=CARTESIAN_POINT('',(-40.,-5.00000000000003,10.));
#9055=CARTESIAN_POINT('',(-40.,-65.,10.));
#9056=CARTESIAN_POINT('Origin',(-40.,-5.00000000000003,10.));
#9057=CARTESIAN_POINT('',(-40.,-5.00000000000003,190.));
#9058=CARTESIAN_POINT('Origin',(-40.,-65.,190.));
#9059=CARTESIAN_POINT('',(-40.,-65.,190.));
#9060=CARTESIAN_POINT('Origin',(-40.,-5.00000000000003,190.));
#9061=CARTESIAN_POINT('Origin',(-40.,4.99999999999997,200.));
#9062=CARTESIAN_POINT('',(-37.,4.99999999999997,200.));
#9063=CARTESIAN_POINT('Origin',(-37.,40.,100.));
#9064=CARTESIAN_POINT('',(-37.,75.,50.));
#9065=CARTESIAN_POINT('Origin',(40.,75.,0.));
#9066=CARTESIAN_POINT('',(40.,75.,0.));
#9067=CARTESIAN_POINT('Origin',(-33.5,-72.5,186.2));
#9068=CARTESIAN_POINT('Origin',(-30.,-75.,59.2));
#9069=CARTESIAN_POINT('',(-30.,-75.,140.8));
#9070=CARTESIAN_POINT('Origin',(-30.,-75.,140.8));
#9071=CARTESIAN_POINT('Origin',(40.,-67.5,180.));
#9072=CARTESIAN_POINT('',(40.,-71.25,180.));
#9073=CARTESIAN_POINT('Origin',(40.,72.5,20.));
#9074=CARTESIAN_POINT('',(40.,-1.25000000000002,20.));
#9075=CARTESIAN_POINT('Origin',(40.,-75.,0.));
#9076=CARTESIAN_POINT('Origin',(1.25000000000002,69.5,182.5));
#9077=CARTESIAN_POINT('',(1.77635683940025E-14,69.5,180.5));
#9078=CARTESIAN_POINT('Origin',(1.25000000000002,69.5,180.5));
#9079=CARTESIAN_POINT('',(1.77635683940025E-14,69.5,182.5));
#9080=CARTESIAN_POINT('',(1.77635683940025E-14,69.5,182.5));
#9081=CARTESIAN_POINT('Origin',(1.25000000000002,69.5,182.5));
#9082=CARTESIAN_POINT('Origin',(1.25000000000002,69.5,182.5));
#9083=CARTESIAN_POINT('Origin',(1.25000000000002,69.5,182.5));
#9084=CARTESIAN_POINT('Origin',(1.25000000000002,69.5,180.5));
#9085=CARTESIAN_POINT('Origin',(1.25000000000002,68.625,180.5));
#9086=CARTESIAN_POINT('Origin',(1.25000000000002,68.625,182.5));
#9087=CARTESIAN_POINT('Origin',(-20.,-75.5,47.7));
#9088=CARTESIAN_POINT('',(-24.75,-75.5,42.95));
#9089=CARTESIAN_POINT('',(-15.25,-75.5,42.95));
#9090=CARTESIAN_POINT('',(-21.,-75.5,42.95));
#9091=CARTESIAN_POINT('',(-15.25,-75.5,52.45));
#9092=CARTESIAN_POINT('',(-15.25,-75.5,42.95));
#9093=CARTESIAN_POINT('',(-24.75,-75.5,52.45));
#9094=CARTESIAN_POINT('',(-15.25,-75.5,52.45));
#9095=CARTESIAN_POINT('',(-24.75,-75.5,52.45));
#9096=CARTESIAN_POINT('Origin',(-20.,-75.,47.7));
#9097=CARTESIAN_POINT('',(-10.25,-75.,55.95));
#9098=CARTESIAN_POINT('',(-29.75,-75.,55.95));
#9099=CARTESIAN_POINT('',(-10.25,-75.,55.95));
#9100=CARTESIAN_POINT('',(-29.75,-75.,39.45));
#9101=CARTESIAN_POINT('',(-29.75,-75.,55.95));
#9102=CARTESIAN_POINT('',(-10.25,-75.,39.45));
#9103=CARTESIAN_POINT('',(-29.75,-75.,39.45));
#9104=CARTESIAN_POINT('',(-10.25,-75.,39.45));
#9105=CARTESIAN_POINT('',(-11.05,-75.,46.7));
#9106=CARTESIAN_POINT('',(-11.05,-75.,40.25));
#9107=CARTESIAN_POINT('',(-11.05,-75.,40.25));
#9108=CARTESIAN_POINT('',(-19.,-75.,40.25));
#9109=CARTESIAN_POINT('',(-28.95,-75.,40.25));
#9110=CARTESIAN_POINT('',(-19.,-75.,41.75));
#9111=CARTESIAN_POINT('',(-19.,-75.,42.95));
#9112=CARTESIAN_POINT('',(-13.05,-75.,41.75));
#9113=CARTESIAN_POINT('',(-13.05,-75.,41.75));
#9114=CARTESIAN_POINT('',(-13.05,-75.,46.7));
#9115=CARTESIAN_POINT('',(-13.05,-75.,53.65));
#9116=CARTESIAN_POINT('',(-11.05,-75.,46.7));
#9117=CARTESIAN_POINT('',(-13.05,-75.,48.7));
#9118=CARTESIAN_POINT('',(-11.05,-75.,48.7));
#9119=CARTESIAN_POINT('',(-15.25,-75.,48.7));
#9120=CARTESIAN_POINT('',(-13.05,-75.,53.65));
#9121=CARTESIAN_POINT('',(-13.05,-75.,53.65));
#9122=CARTESIAN_POINT('',(-19.,-75.,53.65));
#9123=CARTESIAN_POINT('',(-26.95,-75.,53.65));
#9124=CARTESIAN_POINT('',(-19.,-75.,55.15));
#9125=CARTESIAN_POINT('',(-19.,-75.,55.15));
#9126=CARTESIAN_POINT('',(-11.05,-75.,55.15));
#9127=CARTESIAN_POINT('',(-11.05,-75.,55.15));
#9128=CARTESIAN_POINT('',(-11.05,-75.,40.25));
#9129=CARTESIAN_POINT('',(-21.,-75.,53.65));
#9130=CARTESIAN_POINT('',(-21.,-75.,55.15));
#9131=CARTESIAN_POINT('',(-21.,-75.,52.45));
#9132=CARTESIAN_POINT('',(-26.95,-75.,53.65));
#9133=CARTESIAN_POINT('',(-26.95,-75.,53.65));
#9134=CARTESIAN_POINT('',(-26.95,-75.,48.7));
#9135=CARTESIAN_POINT('',(-26.95,-75.,41.75));
#9136=CARTESIAN_POINT('',(-28.95,-75.,48.7));
#9137=CARTESIAN_POINT('',(-28.95,-75.,48.7));
#9138=CARTESIAN_POINT('',(-28.95,-75.,55.15));
#9139=CARTESIAN_POINT('',(-28.95,-75.,55.15));
#9140=CARTESIAN_POINT('',(-11.05,-75.,55.15));
#9141=CARTESIAN_POINT('',(-15.25,-75.,48.7));
#9142=CARTESIAN_POINT('',(-15.25,-75.,46.7));
#9143=CARTESIAN_POINT('',(-15.25,-75.,45.325));
#9144=CARTESIAN_POINT('',(-13.45,-75.,46.7));
#9145=CARTESIAN_POINT('',(-11.05,-75.,46.7));
#9146=CARTESIAN_POINT('',(-13.45,-75.,42.15));
#9147=CARTESIAN_POINT('',(-13.45,-75.,53.25));
#9148=CARTESIAN_POINT('',(-19.,-75.,42.15));
#9149=CARTESIAN_POINT('',(-13.45,-75.,42.15));
#9150=CARTESIAN_POINT('',(-19.,-75.,42.95));
#9151=CARTESIAN_POINT('',(-19.,-75.,42.95));
#9152=CARTESIAN_POINT('',(-21.,-75.,42.95));
#9153=CARTESIAN_POINT('',(-22.375,-75.,42.95));
#9154=CARTESIAN_POINT('',(-21.,-75.,42.15));
#9155=CARTESIAN_POINT('',(-21.,-75.,40.25));
#9156=CARTESIAN_POINT('',(-26.55,-75.,42.15));
#9157=CARTESIAN_POINT('',(-13.45,-75.,42.15));
#9158=CARTESIAN_POINT('',(-26.55,-75.,46.7));
#9159=CARTESIAN_POINT('',(-26.55,-75.,42.15));
#9160=CARTESIAN_POINT('',(-24.75,-75.,46.7));
#9161=CARTESIAN_POINT('',(-24.75,-75.,46.7));
#9162=CARTESIAN_POINT('',(-24.75,-75.,48.7));
#9163=CARTESIAN_POINT('',(-24.75,-75.,50.075));
#9164=CARTESIAN_POINT('',(-26.55,-75.,48.7));
#9165=CARTESIAN_POINT('',(-28.95,-75.,48.7));
#9166=CARTESIAN_POINT('',(-26.55,-75.,53.25));
#9167=CARTESIAN_POINT('',(-26.55,-75.,42.15));
#9168=CARTESIAN_POINT('',(-21.,-75.,53.25));
#9169=CARTESIAN_POINT('',(-26.55,-75.,53.25));
#9170=CARTESIAN_POINT('',(-21.,-75.,52.45));
#9171=CARTESIAN_POINT('',(-21.,-75.,52.45));
#9172=CARTESIAN_POINT('',(-19.,-75.,52.45));
#9173=CARTESIAN_POINT('',(-17.625,-75.,52.45));
#9174=CARTESIAN_POINT('',(-19.,-75.,53.25));
#9175=CARTESIAN_POINT('',(-19.,-75.,55.15));
#9176=CARTESIAN_POINT('',(-13.45,-75.,53.25));
#9177=CARTESIAN_POINT('',(-26.55,-75.,53.25));
#9178=CARTESIAN_POINT('',(-13.45,-75.,48.7));
#9179=CARTESIAN_POINT('',(-13.45,-75.,53.25));
#9180=CARTESIAN_POINT('',(-15.25,-75.,48.7));
#9181=CARTESIAN_POINT('',(-26.95,-75.,46.7));
#9182=CARTESIAN_POINT('',(-28.95,-75.,46.7));
#9183=CARTESIAN_POINT('',(-24.75,-75.,46.7));
#9184=CARTESIAN_POINT('',(-26.95,-75.,41.75));
#9185=CARTESIAN_POINT('',(-26.95,-75.,41.75));
#9186=CARTESIAN_POINT('',(-21.,-75.,41.75));
#9187=CARTESIAN_POINT('',(-13.05,-75.,41.75));
#9188=CARTESIAN_POINT('',(-21.,-75.,40.25));
#9189=CARTESIAN_POINT('',(-21.,-75.,40.25));
#9190=CARTESIAN_POINT('',(-28.95,-75.,40.25));
#9191=CARTESIAN_POINT('',(-28.95,-75.,40.25));
#9192=CARTESIAN_POINT('',(-28.95,-75.,55.15));
#9193=CARTESIAN_POINT('Origin',(-20.,-70.5,47.7));
#9194=CARTESIAN_POINT('',(-15.25,-70.5,42.95));
#9195=CARTESIAN_POINT('',(-24.75,-70.5,42.95));
#9196=CARTESIAN_POINT('',(-21.,-70.5,42.95));
#9197=CARTESIAN_POINT('',(-24.75,-70.5,52.45));
#9198=CARTESIAN_POINT('',(-24.75,-70.5,52.45));
#9199=CARTESIAN_POINT('',(-15.25,-70.5,52.45));
#9200=CARTESIAN_POINT('',(-15.25,-70.5,52.45));
#9201=CARTESIAN_POINT('',(-15.25,-70.5,42.95));
#9202=CARTESIAN_POINT('Origin',(-20.,-74.4,47.7));
#9203=CARTESIAN_POINT('',(-21.,-74.4,42.95));
#9204=CARTESIAN_POINT('',(-19.,-74.4,42.95));
#9205=CARTESIAN_POINT('',(-17.625,-74.4,42.95));
#9206=CARTESIAN_POINT('',(-19.,-74.4,42.15));
#9207=CARTESIAN_POINT('',(-19.,-74.4,42.95));
#9208=CARTESIAN_POINT('',(-21.,-74.4,42.15));
#9209=CARTESIAN_POINT('',(-23.275,-74.4,42.15));
#9210=CARTESIAN_POINT('',(-21.,-74.4,40.25));
#9211=CARTESIAN_POINT('Origin',(-20.,-74.4,47.7));
#9212=CARTESIAN_POINT('',(-24.75,-74.4,48.7));
#9213=CARTESIAN_POINT('',(-24.75,-74.4,46.7));
#9214=CARTESIAN_POINT('',(-24.75,-74.4,45.325));
#9215=CARTESIAN_POINT('',(-26.55,-74.4,46.7));
#9216=CARTESIAN_POINT('',(-24.75,-74.4,46.7));
#9217=CARTESIAN_POINT('',(-26.55,-74.4,48.7));
#9218=CARTESIAN_POINT('',(-26.55,-74.4,50.475));
#9219=CARTESIAN_POINT('',(-28.95,-74.4,48.7));
#9220=CARTESIAN_POINT('Origin',(-20.,-74.4,47.7));
#9221=CARTESIAN_POINT('',(-15.25,-74.4,46.7));
#9222=CARTESIAN_POINT('',(-15.25,-74.4,48.7));
#9223=CARTESIAN_POINT('',(-15.25,-74.4,50.075));
#9224=CARTESIAN_POINT('',(-13.45,-74.4,48.7));
#9225=CARTESIAN_POINT('',(-15.25,-74.4,48.7));
#9226=CARTESIAN_POINT('',(-13.45,-74.4,46.7));
#9227=CARTESIAN_POINT('',(-13.45,-74.4,44.925));
#9228=CARTESIAN_POINT('',(-11.05,-74.4,46.7));
#9229=CARTESIAN_POINT('Origin',(-11.05,-75.,46.7));
#9230=CARTESIAN_POINT('',(-13.05,-74.4,46.7));
#9231=CARTESIAN_POINT('',(-13.05,-75.,46.7));
#9232=CARTESIAN_POINT('',(-11.05,-74.4,46.7));
#9233=CARTESIAN_POINT('',(-11.05,-74.4,46.7));
#9234=CARTESIAN_POINT('',(-11.05,-75.,46.7));
#9235=CARTESIAN_POINT('Origin',(-11.05,-75.,46.7));
#9236=CARTESIAN_POINT('',(-13.45,-75.,46.7));
#9237=CARTESIAN_POINT('',(-15.25,-75.,46.7));
#9238=CARTESIAN_POINT('Origin',(-15.25,-75.,48.7));
#9239=CARTESIAN_POINT('',(-13.05,-74.4,48.7));
#9240=CARTESIAN_POINT('',(-13.05,-75.,48.7));
#9241=CARTESIAN_POINT('',(-11.05,-74.4,48.7));
#9242=CARTESIAN_POINT('',(-11.05,-75.,48.7));
#9243=CARTESIAN_POINT('',(-15.25,-74.4,48.7));
#9244=CARTESIAN_POINT('Origin',(-19.,-75.,55.15));
#9245=CARTESIAN_POINT('',(-19.,-74.4,53.65));
#9246=CARTESIAN_POINT('',(-19.,-75.,53.65));
#9247=CARTESIAN_POINT('',(-19.,-74.4,55.15));
#9248=CARTESIAN_POINT('',(-19.,-74.4,55.15));
#9249=CARTESIAN_POINT('',(-19.,-75.,55.15));
#9250=CARTESIAN_POINT('Origin',(-19.,-75.,55.15));
#9251=CARTESIAN_POINT('',(-19.,-74.4,53.25));
#9252=CARTESIAN_POINT('',(-19.,-75.,53.25));
#9253=CARTESIAN_POINT('',(-19.,-74.4,52.45));
#9254=CARTESIAN_POINT('',(-19.,-75.,52.45));
#9255=CARTESIAN_POINT('',(-19.,-74.4,55.15));
#9256=CARTESIAN_POINT('Origin',(-21.,-75.,52.45));
#9257=CARTESIAN_POINT('',(-21.,-74.4,53.65));
#9258=CARTESIAN_POINT('',(-21.,-75.,53.65));
#9259=CARTESIAN_POINT('',(-21.,-74.4,55.15));
#9260=CARTESIAN_POINT('',(-21.,-75.,55.15));
#9261=CARTESIAN_POINT('',(-21.,-74.4,52.45));
#9262=CARTESIAN_POINT('Origin',(-28.95,-75.,48.7));
#9263=CARTESIAN_POINT('',(-26.95,-74.4,48.7));
#9264=CARTESIAN_POINT('',(-26.95,-75.,48.7));
#9265=CARTESIAN_POINT('',(-28.95,-74.4,48.7));
#9266=CARTESIAN_POINT('',(-28.95,-74.4,48.7));
#9267=CARTESIAN_POINT('',(-28.95,-75.,48.7));
#9268=CARTESIAN_POINT('Origin',(-28.95,-75.,48.7));
#9269=CARTESIAN_POINT('',(-26.55,-75.,48.7));
#9270=CARTESIAN_POINT('',(-24.75,-75.,48.7));
#9271=CARTESIAN_POINT('Origin',(-24.75,-75.,46.7));
#9272=CARTESIAN_POINT('',(-26.95,-74.4,46.7));
#9273=CARTESIAN_POINT('',(-26.95,-75.,46.7));
#9274=CARTESIAN_POINT('',(-28.95,-74.4,46.7));
#9275=CARTESIAN_POINT('',(-28.95,-75.,46.7));
#9276=CARTESIAN_POINT('',(-24.75,-74.4,46.7));
#9277=CARTESIAN_POINT('Origin',(-21.,-75.,40.25));
#9278=CARTESIAN_POINT('',(-21.,-74.4,41.75));
#9279=CARTESIAN_POINT('',(-21.,-75.,41.75));
#9280=CARTESIAN_POINT('',(-21.,-74.4,40.25));
#9281=CARTESIAN_POINT('',(-21.,-74.4,40.25));
#9282=CARTESIAN_POINT('',(-21.,-75.,40.25));
#9283=CARTESIAN_POINT('Origin',(-21.,-75.,40.25));
#9284=CARTESIAN_POINT('',(-21.,-75.,42.15));
#9285=CARTESIAN_POINT('',(-21.,-75.,42.95));
#9286=CARTESIAN_POINT('Origin',(-20.,-74.4,47.7));
#9287=CARTESIAN_POINT('',(-19.,-74.4,41.75));
#9288=CARTESIAN_POINT('',(-16.525,-74.4,41.75));
#9289=CARTESIAN_POINT('',(-19.,-74.4,40.25));
#9290=CARTESIAN_POINT('',(-19.,-74.4,42.95));
#9291=CARTESIAN_POINT('',(-24.475,-74.4,40.25));
#9292=CARTESIAN_POINT('Origin',(-20.,-74.4,47.7));
#9293=CARTESIAN_POINT('',(-26.95,-74.4,44.725));
#9294=CARTESIAN_POINT('',(-28.95,-74.4,51.425));
#9295=CARTESIAN_POINT('Origin',(-20.,-74.4,47.7));
#9296=CARTESIAN_POINT('',(-23.475,-74.4,53.65));
#9297=CARTESIAN_POINT('',(-15.525,-74.4,55.15));
#9298=CARTESIAN_POINT('Origin',(-20.,-74.4,47.7));
#9299=CARTESIAN_POINT('',(-13.05,-74.4,50.675));
#9300=CARTESIAN_POINT('',(-11.05,-74.4,43.975));
#9301=CARTESIAN_POINT('Origin',(-19.,-75.,42.95));
#9302=CARTESIAN_POINT('',(-19.,-75.,41.75));
#9303=CARTESIAN_POINT('',(-19.,-75.,40.25));
#9304=CARTESIAN_POINT('Origin',(-15.25,-75.,48.7));
#9305=CARTESIAN_POINT('',(-13.45,-75.,48.7));
#9306=CARTESIAN_POINT('',(-15.25,-75.,48.7));
#9307=CARTESIAN_POINT('Origin',(-15.25,-75.,52.45));
#9308=CARTESIAN_POINT('',(-15.25,-75.,52.45));
#9309=CARTESIAN_POINT('',(-15.25,-75.,42.95));
#9310=CARTESIAN_POINT('Origin',(-21.,-75.,52.45));
#9311=CARTESIAN_POINT('',(-21.,-74.4,53.25));
#9312=CARTESIAN_POINT('',(-21.,-75.,53.25));
#9313=CARTESIAN_POINT('',(-21.,-74.4,52.45));
#9314=CARTESIAN_POINT('',(-21.,-74.4,52.45));
#9315=CARTESIAN_POINT('',(-21.,-75.,52.45));
#9316=CARTESIAN_POINT('Origin',(-24.75,-75.,52.45));
#9317=CARTESIAN_POINT('',(-24.75,-75.,52.45));
#9318=CARTESIAN_POINT('',(-22.375,-74.4,52.45));
#9319=CARTESIAN_POINT('Origin',(-24.75,-75.,48.7));
#9320=CARTESIAN_POINT('',(-24.75,-75.,42.95));
#9321=CARTESIAN_POINT('',(-24.75,-75.,46.7));
#9322=CARTESIAN_POINT('Origin',(-24.75,-75.,46.7));
#9323=CARTESIAN_POINT('',(-26.55,-75.,46.7));
#9324=CARTESIAN_POINT('Origin',(-21.,-75.,42.95));
#9325=CARTESIAN_POINT('',(-19.,-75.,42.95));
#9326=CARTESIAN_POINT('Origin',(-19.,-75.,42.95));
#9327=CARTESIAN_POINT('',(-19.,-75.,42.15));
#9328=CARTESIAN_POINT('Origin',(-20.,-74.4,47.7));
#9329=CARTESIAN_POINT('',(-16.725,-74.4,53.25));
#9330=CARTESIAN_POINT('Origin',(-13.45,-75.,42.15));
#9331=CARTESIAN_POINT('',(-13.45,-74.,53.25));
#9332=CARTESIAN_POINT('',(-13.45,-75.,53.25));
#9333=CARTESIAN_POINT('',(-13.45,-74.,42.15));
#9334=CARTESIAN_POINT('',(-13.45,-74.,53.25));
#9335=CARTESIAN_POINT('',(-13.45,-75.,42.15));
#9336=CARTESIAN_POINT('Origin',(-13.45,-75.,53.25));
#9337=CARTESIAN_POINT('',(-26.55,-74.,53.25));
#9338=CARTESIAN_POINT('',(-26.55,-75.,53.25));
#9339=CARTESIAN_POINT('',(-26.55,-74.,53.25));
#9340=CARTESIAN_POINT('Origin',(-26.55,-75.,53.25));
#9341=CARTESIAN_POINT('',(-26.55,-74.,42.15));
#9342=CARTESIAN_POINT('',(-26.55,-75.,42.15));
#9343=CARTESIAN_POINT('',(-26.55,-74.,42.15));
#9344=CARTESIAN_POINT('Origin',(-26.55,-75.,42.15));
#9345=CARTESIAN_POINT('',(-13.45,-74.,42.15));
#9346=CARTESIAN_POINT('Origin',(-26.95,-75.,41.75));
#9347=CARTESIAN_POINT('',(-26.95,-74.,53.65));
#9348=CARTESIAN_POINT('',(-26.95,-75.,53.65));
#9349=CARTESIAN_POINT('',(-26.95,-74.,41.75));
#9350=CARTESIAN_POINT('',(-26.95,-74.,41.75));
#9351=CARTESIAN_POINT('',(-26.95,-75.,41.75));
#9352=CARTESIAN_POINT('Origin',(-13.05,-75.,41.75));
#9353=CARTESIAN_POINT('',(-13.05,-74.,41.75));
#9354=CARTESIAN_POINT('',(-13.05,-74.,41.75));
#9355=CARTESIAN_POINT('',(-13.05,-75.,41.75));
#9356=CARTESIAN_POINT('Origin',(-13.05,-75.,53.65));
#9357=CARTESIAN_POINT('',(-13.05,-74.,53.65));
#9358=CARTESIAN_POINT('',(-13.05,-74.,53.65));
#9359=CARTESIAN_POINT('',(-13.05,-75.,53.65));
#9360=CARTESIAN_POINT('Origin',(-26.95,-75.,53.65));
#9361=CARTESIAN_POINT('',(-26.95,-74.,53.65));
#9362=CARTESIAN_POINT('Origin',(-20.,-74.,47.7));
#9363=CARTESIAN_POINT('Origin',(-11.05,-75.,55.15));
#9364=CARTESIAN_POINT('',(-28.95,-72.,55.15));
#9365=CARTESIAN_POINT('',(-28.95,-75.,55.15));
#9366=CARTESIAN_POINT('',(-11.05,-72.,55.15));
#9367=CARTESIAN_POINT('',(-11.05,-72.,55.15));
#9368=CARTESIAN_POINT('',(-11.05,-75.,55.15));
#9369=CARTESIAN_POINT('Origin',(-11.05,-75.,40.25));
#9370=CARTESIAN_POINT('',(-11.05,-72.,40.25));
#9371=CARTESIAN_POINT('',(-11.05,-72.,40.25));
#9372=CARTESIAN_POINT('',(-11.05,-75.,40.25));
#9373=CARTESIAN_POINT('Origin',(-28.95,-75.,40.25));
#9374=CARTESIAN_POINT('',(-28.95,-72.,40.25));
#9375=CARTESIAN_POINT('',(-28.95,-72.,40.25));
#9376=CARTESIAN_POINT('',(-28.95,-75.,40.25));
#9377=CARTESIAN_POINT('Origin',(-28.95,-75.,55.15));
#9378=CARTESIAN_POINT('',(-28.95,-72.,55.15));
#9379=CARTESIAN_POINT('Origin',(-29.75,-75.,39.45));
#9380=CARTESIAN_POINT('',(-29.75,-72.,55.95));
#9381=CARTESIAN_POINT('',(-29.75,-75.,55.95));
#9382=CARTESIAN_POINT('',(-29.75,-72.,39.45));
#9383=CARTESIAN_POINT('',(-29.75,-72.,55.95));
#9384=CARTESIAN_POINT('',(-29.75,-75.,39.45));
#9385=CARTESIAN_POINT('Origin',(-10.25,-75.,39.45));
#9386=CARTESIAN_POINT('',(-10.25,-72.,39.45));
#9387=CARTESIAN_POINT('',(-29.75,-72.,39.45));
#9388=CARTESIAN_POINT('',(-10.25,-75.,39.45));
#9389=CARTESIAN_POINT('Origin',(-10.25,-75.,55.95));
#9390=CARTESIAN_POINT('',(-10.25,-72.,55.95));
#9391=CARTESIAN_POINT('',(-10.25,-72.,39.45));
#9392=CARTESIAN_POINT('',(-10.25,-75.,55.95));
#9393=CARTESIAN_POINT('Origin',(-29.75,-75.,55.95));
#9394=CARTESIAN_POINT('',(-10.25,-72.,55.95));
#9395=CARTESIAN_POINT('Origin',(-20.,-72.,47.7));
#9396=CARTESIAN_POINT('',(0.,0.,0.));
#9397=CARTESIAN_POINT('Origin',(0.,0.,0.));
#9398=UNCERTAINTY_MEASURE_WITH_UNIT(LENGTH_MEASURE(0.01),#9404,
'DISTANCE_ACCURACY_VALUE',
'Maximum model space distance between geometric entities at asserted c
onnectivities');
#9399=UNCERTAINTY_MEASURE_WITH_UNIT(LENGTH_MEASURE(0.01),#9404,
'DISTANCE_ACCURACY_VALUE',
'Maximum model space distance between geometric entities at asserted c
onnectivities');
#9400=UNCERTAINTY_MEASURE_WITH_UNIT(LENGTH_MEASURE(0.01),#9404,
'DISTANCE_ACCURACY_VALUE',
'Maximum model space distance between geometric entities at asserted c
onnectivities');
#9401=(
GEOMETRIC_REPRESENTATION_CONTEXT(3)
GLOBAL_UNCERTAINTY_ASSIGNED_CONTEXT((#9398))
GLOBAL_UNIT_ASSIGNED_CONTEXT((#9404,#9406,#9407))
REPRESENTATION_CONTEXT('','3D')
);
#9402=(
GEOMETRIC_REPRESENTATION_CONTEXT(3)
GLOBAL_UNCERTAINTY_ASSIGNED_CONTEXT((#9399))
GLOBAL_UNIT_ASSIGNED_CONTEXT((#9404,#9406,#9407))
REPRESENTATION_CONTEXT('','3D')
);
#9403=(
GEOMETRIC_REPRESENTATION_CONTEXT(3)
GLOBAL_UNCERTAINTY_ASSIGNED_CONTEXT((#9400))
GLOBAL_UNIT_ASSIGNED_CONTEXT((#9404,#9406,#9407))
REPRESENTATION_CONTEXT('','3D')
);
#9404=(
LENGTH_UNIT()
NAMED_UNIT(*)
SI_UNIT(.MILLI.,.METRE.)
);
#9405=(
LENGTH_UNIT()
NAMED_UNIT(*)
SI_UNIT($,.METRE.)
);
#9406=(
NAMED_UNIT(*)
PLANE_ANGLE_UNIT()
SI_UNIT($,.RADIAN.)
);
#9407=(
NAMED_UNIT(*)
SI_UNIT($,.STERADIAN.)
SOLID_ANGLE_UNIT()
);
#9408=SHAPE_DEFINITION_REPRESENTATION(#9410,#9413);
#9409=SHAPE_DEFINITION_REPRESENTATION(#9411,#9414);
#9410=PRODUCT_DEFINITION_SHAPE('',$,#9416);
#9411=PRODUCT_DEFINITION_SHAPE('',$,#9417);
#9412=PRODUCT_DEFINITION_SHAPE($,$,#17);
#9413=SHAPE_REPRESENTATION('',(#5848,#6244),#9401);
#9414=SHAPE_REPRESENTATION('',(#5849),#9402);
#9415=PRODUCT_DEFINITION_CONTEXT('part definition',#9423,'design');
#9416=PRODUCT_DEFINITION('Home assistant box','Home assistant box v41',
#9418,#9415);
#9417=PRODUCT_DEFINITION('Box (left)','Box (left)',#9419,#9415);
#9418=PRODUCT_DEFINITION_FORMATION('',$,#9425);
#9419=PRODUCT_DEFINITION_FORMATION('',$,#9426);
#9420=PRODUCT_RELATED_PRODUCT_CATEGORY('Home assistant box v41',
'Home assistant box v41',(#9425));
#9421=PRODUCT_RELATED_PRODUCT_CATEGORY('Box (left)','Box (left)',(#9426));
#9422=APPLICATION_PROTOCOL_DEFINITION('international standard',
'automotive_design',2009,#9423);
#9423=APPLICATION_CONTEXT(
'Core Data for Automotive Mechanical Design Process');
#9424=PRODUCT_CONTEXT('part definition',#9423,'mechanical');
#9425=PRODUCT('Home assistant box','Home assistant box v41',$,(#9424));
#9426=PRODUCT('Box (left)','Box (left)',$,(#9424));
#9427=PRESENTATION_STYLE_ASSIGNMENT((#9435));
#9428=PRESENTATION_STYLE_ASSIGNMENT((#9436));
#9429=PRESENTATION_STYLE_ASSIGNMENT((#9437));
#9430=PRESENTATION_STYLE_ASSIGNMENT((#9438));
#9431=PRESENTATION_STYLE_ASSIGNMENT((#9439));
#9432=PRESENTATION_STYLE_ASSIGNMENT((#9440));
#9433=PRESENTATION_STYLE_ASSIGNMENT((#9441));
#9434=PRESENTATION_STYLE_ASSIGNMENT((NULL_STYLE(.NULL.)));
#9435=SURFACE_STYLE_USAGE(.BOTH.,#9442);
#9436=SURFACE_STYLE_USAGE(.BOTH.,#9443);
#9437=SURFACE_STYLE_USAGE(.BOTH.,#9444);
#9438=SURFACE_STYLE_USAGE(.BOTH.,#9445);
#9439=SURFACE_STYLE_USAGE(.BOTH.,#9446);
#9440=SURFACE_STYLE_USAGE(.BOTH.,#9447);
#9441=SURFACE_STYLE_USAGE(.BOTH.,#9448);
#9442=SURFACE_SIDE_STYLE('',(#9449));
#9443=SURFACE_SIDE_STYLE('',(#9450));
#9444=SURFACE_SIDE_STYLE('',(#9451));
#9445=SURFACE_SIDE_STYLE('',(#9452));
#9446=SURFACE_SIDE_STYLE('',(#9453));
#9447=SURFACE_SIDE_STYLE('',(#9454));
#9448=SURFACE_SIDE_STYLE('',(#9455));
#9449=SURFACE_STYLE_FILL_AREA(#9456);
#9450=SURFACE_STYLE_FILL_AREA(#9457);
#9451=SURFACE_STYLE_FILL_AREA(#9458);
#9452=SURFACE_STYLE_FILL_AREA(#9459);
#9453=SURFACE_STYLE_FILL_AREA(#9460);
#9454=SURFACE_STYLE_FILL_AREA(#9461);
#9455=SURFACE_STYLE_FILL_AREA(#9462);
#9456=FILL_AREA_STYLE('Oak',(#9463));
#9457=FILL_AREA_STYLE('Plastic - Translucent Matte (White)',(#9464));
#9458=FILL_AREA_STYLE('Steel - Satin',(#9465));
#9459=FILL_AREA_STYLE('Paint - Metallic (Black)',(#9466));
#9460=FILL_AREA_STYLE('Paint - Metal Flake (Silver)',(#9467));
#9461=FILL_AREA_STYLE('Walnut',(#9468));
#9462=FILL_AREA_STYLE('Glass - Frosted',(#9469));
#9463=FILL_AREA_STYLE_COLOUR('Oak',#9470);
#9464=FILL_AREA_STYLE_COLOUR('Plastic - Translucent Matte (White)',#9471);
#9465=FILL_AREA_STYLE_COLOUR('Steel - Satin',#9472);
#9466=FILL_AREA_STYLE_COLOUR('Paint - Metallic (Black)',#9473);
#9467=FILL_AREA_STYLE_COLOUR('Paint - Metal Flake (Silver)',#9474);
#9468=FILL_AREA_STYLE_COLOUR('Walnut',#9475);
#9469=FILL_AREA_STYLE_COLOUR('Glass - Frosted',#9476);
#9470=COLOUR_RGB('Oak',0.,0.,0.);
#9471=COLOUR_RGB('Plastic - Translucent Matte (White)',0.964705882352941,
0.964705882352941,0.952941176470588);
#9472=COLOUR_RGB('Steel - Satin',0.627450980392157,0.627450980392157,0.627450980392157);
#9473=COLOUR_RGB('Paint - Metallic (Black)',0.0980392156862745,0.0980392156862745,
0.0980392156862745);
#9474=COLOUR_RGB('Paint - Metal Flake (Silver)',1.,1.,1.);
#9475=COLOUR_RGB('Walnut',0.,0.,0.);
#9476=COLOUR_RGB('Glass - Frosted',0.964705882352941,0.964705882352941,
0.952941176470588);
ENDSEC;
END-ISO-10303-21;
