ISO-10303-21;
HEADER;
/* Generated by software containing ST-Developer
 * from STEP Tools, Inc. (www.steptools.com) 
 */

FILE_DESCRIPTION(
/* description */ (''),
/* implementation_level */ '2;1');

FILE_NAME(
/* name */ 'Foot.step',
/* time_stamp */ '2026-03-27T13:45:02+01:00',
/* author */ (''),
/* organization */ (''),
/* preprocessor_version */ 'ST-DEVELOPER v20.1',
/* originating_system */ 'Autodesk Translation Framework v14.24.0.0',
/* authorisation */ '');

FILE_SCHEMA (('AUTOMOTIVE_DESIGN { 1 0 10303 214 3 1 1 }'));
ENDSEC;

DATA;
#10=MECHANICAL_DESIGN_GEOMETRIC_PRESENTATION_REPRESENTATION('',(#20,#21),
#2611);
#11=CONTEXT_DEPENDENT_OVER_RIDING_STYLED_ITEM('',(#2638),#2622,#21,(#15));
#12=MAPPED_ITEM('',#13,#1732);
#13=REPRESENTATION_MAP(#1732,#2621);
#14=ITEM_DEFINED_TRANSFORMATION($,$,#1623,#1731);
#15=(
REPRESENTATION_RELATIONSHIP($,$,#2622,#2621)
REPRESENTATION_RELATIONSHIP_WITH_TRANSFORMATION(#14)
SHAPE_REPRESENTATION_RELATIONSHIP()
);
#16=CONTEXT_DEPENDENT_SHAPE_REPRESENTATION(#15,#2620);
#17=NEXT_ASSEMBLY_USAGE_OCCURRENCE('Foot:1','Foot:1','Foot:1',#2624,#2625,
'Foot:1');
#18=SHAPE_REPRESENTATION_RELATIONSHIP('SRR','None',#2622,#19);
#19=ADVANCED_BREP_SHAPE_REPRESENTATION('',(#22),#2610);
#20=STYLED_ITEM('',(#2638),#22);
#21=STYLED_ITEM('',(#2642),#12);
#22=MANIFOLD_SOLID_BREP('Body1',#1609);
#23=CONICAL_SURFACE('',#1664,3.,0.785398163397448);
#24=CONICAL_SURFACE('',#1673,3.,0.785398163397449);
#25=CONICAL_SURFACE('',#1684,3.,0.785398163397448);
#26=CONICAL_SURFACE('',#1691,3.,0.785398163397447);
#27=CONICAL_SURFACE('',#1696,4.,0.610865238198015);
#28=CONICAL_SURFACE('',#1698,4.,0.610865238198015);
#29=FACE_BOUND('',#200,.T.);
#30=FACE_BOUND('',#201,.T.);
#31=FACE_BOUND('',#202,.T.);
#32=FACE_BOUND('',#203,.T.);
#33=FACE_BOUND('',#204,.T.);
#34=FACE_BOUND('',#205,.T.);
#35=FACE_BOUND('',#206,.T.);
#36=FACE_BOUND('',#207,.T.);
#37=FACE_BOUND('',#208,.T.);
#38=FACE_BOUND('',#209,.T.);
#39=FACE_BOUND('',#210,.T.);
#40=FACE_BOUND('',#211,.T.);
#41=FACE_BOUND('',#212,.T.);
#42=FACE_BOUND('',#213,.T.);
#43=FACE_BOUND('',#216,.T.);
#44=ELLIPSE('',#1645,5.62932492312377,4.);
#45=ELLIPSE('',#1646,5.62932492312377,4.);
#46=ELLIPSE('',#1649,5.62932492312377,4.);
#47=ELLIPSE('',#1650,5.62932492312377,4.);
#48=PLANE('',#1627);
#49=PLANE('',#1631);
#50=PLANE('',#1635);
#51=PLANE('',#1639);
#52=PLANE('',#1643);
#53=PLANE('',#1647);
#54=PLANE('',#1651);
#55=PLANE('',#1652);
#56=PLANE('',#1659);
#57=PLANE('',#1660);
#58=PLANE('',#1663);
#59=PLANE('',#1666);
#60=PLANE('',#1667);
#61=PLANE('',#1670);
#62=PLANE('',#1671);
#63=PLANE('',#1672);
#64=PLANE('',#1675);
#65=PLANE('',#1678);
#66=PLANE('',#1679);
#67=PLANE('',#1680);
#68=PLANE('',#1681);
#69=PLANE('',#1682);
#70=PLANE('',#1683);
#71=PLANE('',#1686);
#72=PLANE('',#1689);
#73=PLANE('',#1690);
#74=PLANE('',#1693);
#75=PLANE('',#1697);
#76=PLANE('',#1699);
#77=PLANE('',#1700);
#78=PLANE('',#1701);
#79=PLANE('',#1702);
#80=PLANE('',#1703);
#81=PLANE('',#1704);
#82=PLANE('',#1705);
#83=PLANE('',#1706);
#84=PLANE('',#1707);
#85=PLANE('',#1708);
#86=PLANE('',#1709);
#87=PLANE('',#1710);
#88=PLANE('',#1711);
#89=PLANE('',#1712);
#90=PLANE('',#1713);
#91=PLANE('',#1714);
#92=PLANE('',#1715);
#93=PLANE('',#1716);
#94=PLANE('',#1717);
#95=PLANE('',#1718);
#96=PLANE('',#1719);
#97=PLANE('',#1720);
#98=PLANE('',#1721);
#99=PLANE('',#1722);
#100=PLANE('',#1723);
#101=PLANE('',#1724);
#102=PLANE('',#1725);
#103=PLANE('',#1726);
#104=PLANE('',#1727);
#105=PLANE('',#1728);
#106=PLANE('',#1729);
#107=PLANE('',#1730);
#108=FACE_OUTER_BOUND('',#185,.T.);
#109=FACE_OUTER_BOUND('',#186,.T.);
#110=FACE_OUTER_BOUND('',#187,.T.);
#111=FACE_OUTER_BOUND('',#188,.T.);
#112=FACE_OUTER_BOUND('',#189,.T.);
#113=FACE_OUTER_BOUND('',#190,.T.);
#114=FACE_OUTER_BOUND('',#191,.T.);
#115=FACE_OUTER_BOUND('',#192,.T.);
#116=FACE_OUTER_BOUND('',#193,.T.);
#117=FACE_OUTER_BOUND('',#194,.T.);
#118=FACE_OUTER_BOUND('',#195,.T.);
#119=FACE_OUTER_BOUND('',#196,.T.);
#120=FACE_OUTER_BOUND('',#197,.T.);
#121=FACE_OUTER_BOUND('',#198,.T.);
#122=FACE_OUTER_BOUND('',#199,.T.);
#123=FACE_OUTER_BOUND('',#214,.T.);
#124=FACE_OUTER_BOUND('',#215,.T.);
#125=FACE_OUTER_BOUND('',#217,.T.);
#126=FACE_OUTER_BOUND('',#218,.T.);
#127=FACE_OUTER_BOUND('',#219,.T.);
#128=FACE_OUTER_BOUND('',#220,.T.);
#129=FACE_OUTER_BOUND('',#221,.T.);
#130=FACE_OUTER_BOUND('',#222,.T.);
#131=FACE_OUTER_BOUND('',#223,.T.);
#132=FACE_OUTER_BOUND('',#224,.T.);
#133=FACE_OUTER_BOUND('',#225,.T.);
#134=FACE_OUTER_BOUND('',#226,.T.);
#135=FACE_OUTER_BOUND('',#227,.T.);
#136=FACE_OUTER_BOUND('',#228,.T.);
#137=FACE_OUTER_BOUND('',#229,.T.);
#138=FACE_OUTER_BOUND('',#230,.T.);
#139=FACE_OUTER_BOUND('',#231,.T.);
#140=FACE_OUTER_BOUND('',#232,.T.);
#141=FACE_OUTER_BOUND('',#233,.T.);
#142=FACE_OUTER_BOUND('',#234,.T.);
#143=FACE_OUTER_BOUND('',#235,.T.);
#144=FACE_OUTER_BOUND('',#236,.T.);
#145=FACE_OUTER_BOUND('',#237,.T.);
#146=FACE_OUTER_BOUND('',#238,.T.);
#147=FACE_OUTER_BOUND('',#239,.T.);
#148=FACE_OUTER_BOUND('',#240,.T.);
#149=FACE_OUTER_BOUND('',#241,.T.);
#150=FACE_OUTER_BOUND('',#242,.T.);
#151=FACE_OUTER_BOUND('',#243,.T.);
#152=FACE_OUTER_BOUND('',#244,.T.);
#153=FACE_OUTER_BOUND('',#245,.T.);
#154=FACE_OUTER_BOUND('',#246,.T.);
#155=FACE_OUTER_BOUND('',#247,.T.);
#156=FACE_OUTER_BOUND('',#248,.T.);
#157=FACE_OUTER_BOUND('',#249,.T.);
#158=FACE_OUTER_BOUND('',#250,.T.);
#159=FACE_OUTER_BOUND('',#251,.T.);
#160=FACE_OUTER_BOUND('',#252,.T.);
#161=FACE_OUTER_BOUND('',#253,.T.);
#162=FACE_OUTER_BOUND('',#254,.T.);
#163=FACE_OUTER_BOUND('',#255,.T.);
#164=FACE_OUTER_BOUND('',#256,.T.);
#165=FACE_OUTER_BOUND('',#257,.T.);
#166=FACE_OUTER_BOUND('',#258,.T.);
#167=FACE_OUTER_BOUND('',#259,.T.);
#168=FACE_OUTER_BOUND('',#260,.T.);
#169=FACE_OUTER_BOUND('',#261,.T.);
#170=FACE_OUTER_BOUND('',#262,.T.);
#171=FACE_OUTER_BOUND('',#263,.T.);
#172=FACE_OUTER_BOUND('',#264,.T.);
#173=FACE_OUTER_BOUND('',#265,.T.);
#174=FACE_OUTER_BOUND('',#266,.T.);
#175=FACE_OUTER_BOUND('',#267,.T.);
#176=FACE_OUTER_BOUND('',#268,.T.);
#177=FACE_OUTER_BOUND('',#269,.T.);
#178=FACE_OUTER_BOUND('',#270,.T.);
#179=FACE_OUTER_BOUND('',#271,.T.);
#180=FACE_OUTER_BOUND('',#272,.T.);
#181=FACE_OUTER_BOUND('',#273,.T.);
#182=FACE_OUTER_BOUND('',#274,.T.);
#183=FACE_OUTER_BOUND('',#275,.T.);
#184=FACE_OUTER_BOUND('',#276,.T.);
#185=EDGE_LOOP('',(#1069,#1070,#1071,#1072));
#186=EDGE_LOOP('',(#1073));
#187=EDGE_LOOP('',(#1074,#1075,#1076,#1077));
#188=EDGE_LOOP('',(#1078));
#189=EDGE_LOOP('',(#1079,#1080,#1081,#1082));
#190=EDGE_LOOP('',(#1083));
#191=EDGE_LOOP('',(#1084,#1085,#1086,#1087));
#192=EDGE_LOOP('',(#1088));
#193=EDGE_LOOP('',(#1089,#1090,#1091,#1092));
#194=EDGE_LOOP('',(#1093));
#195=EDGE_LOOP('',(#1094,#1095,#1096,#1097));
#196=EDGE_LOOP('',(#1098,#1099,#1100,#1101));
#197=EDGE_LOOP('',(#1102,#1103,#1104,#1105));
#198=EDGE_LOOP('',(#1106,#1107,#1108,#1109));
#199=EDGE_LOOP('',(#1110,#1111,#1112,#1113));
#200=EDGE_LOOP('',(#1114));
#201=EDGE_LOOP('',(#1115));
#202=EDGE_LOOP('',(#1116));
#203=EDGE_LOOP('',(#1117));
#204=EDGE_LOOP('',(#1118));
#205=EDGE_LOOP('',(#1119,#1120,#1121,#1122,#1123,#1124,#1125,#1126));
#206=EDGE_LOOP('',(#1127,#1128,#1129,#1130,#1131,#1132,#1133,#1134));
#207=EDGE_LOOP('',(#1135,#1136,#1137,#1138,#1139,#1140,#1141,#1142));
#208=EDGE_LOOP('',(#1143,#1144,#1145,#1146));
#209=EDGE_LOOP('',(#1147,#1148,#1149,#1150,#1151,#1152,#1153,#1154));
#210=EDGE_LOOP('',(#1155,#1156,#1157,#1158));
#211=EDGE_LOOP('',(#1159,#1160,#1161,#1162));
#212=EDGE_LOOP('',(#1163,#1164,#1165,#1166));
#213=EDGE_LOOP('',(#1167,#1168,#1169,#1170));
#214=EDGE_LOOP('',(#1171,#1172,#1173,#1174));
#215=EDGE_LOOP('',(#1175,#1176,#1177,#1178));
#216=EDGE_LOOP('',(#1179,#1180,#1181,#1182,#1183,#1184,#1185,#1186,#1187,
#1188,#1189,#1190,#1191,#1192,#1193,#1194,#1195,#1196,#1197,#1198,#1199,
#1200,#1201,#1202,#1203,#1204,#1205,#1206,#1207,#1208,#1209,#1210,#1211,
#1212,#1213,#1214,#1215,#1216,#1217,#1218,#1219,#1220,#1221,#1222));
#217=EDGE_LOOP('',(#1223,#1224,#1225,#1226));
#218=EDGE_LOOP('',(#1227,#1228,#1229,#1230));
#219=EDGE_LOOP('',(#1231,#1232,#1233,#1234));
#220=EDGE_LOOP('',(#1235,#1236,#1237,#1238,#1239,#1240,#1241,#1242,#1243,
#1244,#1245,#1246,#1247,#1248,#1249,#1250));
#221=EDGE_LOOP('',(#1251,#1252,#1253,#1254));
#222=EDGE_LOOP('',(#1255,#1256,#1257,#1258,#1259,#1260,#1261,#1262,#1263,
#1264,#1265,#1266));
#223=EDGE_LOOP('',(#1267,#1268,#1269,#1270));
#224=EDGE_LOOP('',(#1271,#1272,#1273,#1274));
#225=EDGE_LOOP('',(#1275,#1276,#1277,#1278));
#226=EDGE_LOOP('',(#1279,#1280,#1281,#1282));
#227=EDGE_LOOP('',(#1283,#1284,#1285,#1286));
#228=EDGE_LOOP('',(#1287,#1288,#1289,#1290,#1291,#1292,#1293,#1294,#1295,
#1296,#1297,#1298,#1299,#1300,#1301,#1302));
#229=EDGE_LOOP('',(#1303,#1304,#1305,#1306));
#230=EDGE_LOOP('',(#1307,#1308,#1309,#1310));
#231=EDGE_LOOP('',(#1311,#1312,#1313,#1314));
#232=EDGE_LOOP('',(#1315,#1316,#1317,#1318));
#233=EDGE_LOOP('',(#1319,#1320,#1321,#1322));
#234=EDGE_LOOP('',(#1323,#1324,#1325,#1326));
#235=EDGE_LOOP('',(#1327,#1328,#1329,#1330));
#236=EDGE_LOOP('',(#1331,#1332,#1333,#1334));
#237=EDGE_LOOP('',(#1335,#1336,#1337,#1338,#1339,#1340,#1341,#1342));
#238=EDGE_LOOP('',(#1343,#1344,#1345,#1346));
#239=EDGE_LOOP('',(#1347,#1348,#1349,#1350));
#240=EDGE_LOOP('',(#1351,#1352,#1353,#1354));
#241=EDGE_LOOP('',(#1355,#1356,#1357,#1358));
#242=EDGE_LOOP('',(#1359,#1360,#1361,#1362));
#243=EDGE_LOOP('',(#1363,#1364,#1365,#1366));
#244=EDGE_LOOP('',(#1367,#1368,#1369,#1370));
#245=EDGE_LOOP('',(#1371,#1372,#1373,#1374));
#246=EDGE_LOOP('',(#1375,#1376,#1377,#1378,#1379,#1380,#1381,#1382));
#247=EDGE_LOOP('',(#1383,#1384,#1385,#1386));
#248=EDGE_LOOP('',(#1387,#1388,#1389,#1390,#1391));
#249=EDGE_LOOP('',(#1392,#1393,#1394,#1395,#1396));
#250=EDGE_LOOP('',(#1397,#1398,#1399,#1400,#1401));
#251=EDGE_LOOP('',(#1402,#1403,#1404,#1405,#1406));
#252=EDGE_LOOP('',(#1407,#1408,#1409,#1410));
#253=EDGE_LOOP('',(#1411,#1412,#1413,#1414,#1415));
#254=EDGE_LOOP('',(#1416,#1417,#1418,#1419,#1420));
#255=EDGE_LOOP('',(#1421,#1422,#1423,#1424));
#256=EDGE_LOOP('',(#1425,#1426,#1427,#1428,#1429));
#257=EDGE_LOOP('',(#1430,#1431,#1432,#1433,#1434));
#258=EDGE_LOOP('',(#1435,#1436,#1437,#1438,#1439));
#259=EDGE_LOOP('',(#1440,#1441,#1442,#1443));
#260=EDGE_LOOP('',(#1444,#1445,#1446,#1447,#1448));
#261=EDGE_LOOP('',(#1449,#1450,#1451,#1452));
#262=EDGE_LOOP('',(#1453,#1454,#1455,#1456,#1457));
#263=EDGE_LOOP('',(#1458,#1459,#1460,#1461,#1462));
#264=EDGE_LOOP('',(#1463,#1464,#1465,#1466));
#265=EDGE_LOOP('',(#1467,#1468,#1469,#1470,#1471));
#266=EDGE_LOOP('',(#1472,#1473,#1474,#1475,#1476));
#267=EDGE_LOOP('',(#1477,#1478,#1479,#1480));
#268=EDGE_LOOP('',(#1481,#1482,#1483,#1484,#1485));
#269=EDGE_LOOP('',(#1486,#1487,#1488,#1489,#1490));
#270=EDGE_LOOP('',(#1491,#1492,#1493,#1494));
#271=EDGE_LOOP('',(#1495,#1496,#1497,#1498,#1499));
#272=EDGE_LOOP('',(#1500,#1501,#1502,#1503,#1504));
#273=EDGE_LOOP('',(#1505,#1506,#1507,#1508));
#274=EDGE_LOOP('',(#1509,#1510,#1511,#1512));
#275=EDGE_LOOP('',(#1513,#1514,#1515,#1516));
#276=EDGE_LOOP('',(#1517,#1518,#1519,#1520));
#277=LINE('',#2157,#473);
#278=LINE('',#2164,#474);
#279=LINE('',#2171,#475);
#280=LINE('',#2178,#476);
#281=LINE('',#2185,#477);
#282=LINE('',#2193,#478);
#283=LINE('',#2196,#479);
#284=LINE('',#2199,#480);
#285=LINE('',#2201,#481);
#286=LINE('',#2202,#482);
#287=LINE('',#2208,#483);
#288=LINE('',#2211,#484);
#289=LINE('',#2214,#485);
#290=LINE('',#2216,#486);
#291=LINE('',#2217,#487);
#292=LINE('',#2221,#488);
#293=LINE('',#2223,#489);
#294=LINE('',#2225,#490);
#295=LINE('',#2226,#491);
#296=LINE('',#2228,#492);
#297=LINE('',#2230,#493);
#298=LINE('',#2232,#494);
#299=LINE('',#2236,#495);
#300=LINE('',#2237,#496);
#301=LINE('',#2239,#497);
#302=LINE('',#2241,#498);
#303=LINE('',#2245,#499);
#304=LINE('',#2247,#500);
#305=LINE('',#2248,#501);
#306=LINE('',#2251,#502);
#307=LINE('',#2253,#503);
#308=LINE('',#2257,#504);
#309=LINE('',#2259,#505);
#310=LINE('',#2261,#506);
#311=LINE('',#2264,#507);
#312=LINE('',#2267,#508);
#313=LINE('',#2269,#509);
#314=LINE('',#2271,#510);
#315=LINE('',#2272,#511);
#316=LINE('',#2275,#512);
#317=LINE('',#2277,#513);
#318=LINE('',#2281,#514);
#319=LINE('',#2283,#515);
#320=LINE('',#2285,#516);
#321=LINE('',#2288,#517);
#322=LINE('',#2291,#518);
#323=LINE('',#2293,#519);
#324=LINE('',#2295,#520);
#325=LINE('',#2296,#521);
#326=LINE('',#2299,#522);
#327=LINE('',#2301,#523);
#328=LINE('',#2303,#524);
#329=LINE('',#2304,#525);
#330=LINE('',#2307,#526);
#331=LINE('',#2309,#527);
#332=LINE('',#2311,#528);
#333=LINE('',#2312,#529);
#334=LINE('',#2315,#530);
#335=LINE('',#2317,#531);
#336=LINE('',#2319,#532);
#337=LINE('',#2320,#533);
#338=LINE('',#2323,#534);
#339=LINE('',#2324,#535);
#340=LINE('',#2328,#536);
#341=LINE('',#2330,#537);
#342=LINE('',#2332,#538);
#343=LINE('',#2333,#539);
#344=LINE('',#2335,#540);
#345=LINE('',#2337,#541);
#346=LINE('',#2339,#542);
#347=LINE('',#2340,#543);
#348=LINE('',#2342,#544);
#349=LINE('',#2344,#545);
#350=LINE('',#2346,#546);
#351=LINE('',#2348,#547);
#352=LINE('',#2350,#548);
#353=LINE('',#2352,#549);
#354=LINE('',#2354,#550);
#355=LINE('',#2356,#551);
#356=LINE('',#2358,#552);
#357=LINE('',#2360,#553);
#358=LINE('',#2362,#554);
#359=LINE('',#2364,#555);
#360=LINE('',#2368,#556);
#361=LINE('',#2370,#557);
#362=LINE('',#2372,#558);
#363=LINE('',#2374,#559);
#364=LINE('',#2376,#560);
#365=LINE('',#2378,#561);
#366=LINE('',#2380,#562);
#367=LINE('',#2382,#563);
#368=LINE('',#2384,#564);
#369=LINE('',#2388,#565);
#370=LINE('',#2390,#566);
#371=LINE('',#2392,#567);
#372=LINE('',#2394,#568);
#373=LINE('',#2396,#569);
#374=LINE('',#2398,#570);
#375=LINE('',#2400,#571);
#376=LINE('',#2402,#572);
#377=LINE('',#2404,#573);
#378=LINE('',#2406,#574);
#379=LINE('',#2408,#575);
#380=LINE('',#2409,#576);
#381=LINE('',#2412,#577);
#382=LINE('',#2414,#578);
#383=LINE('',#2415,#579);
#384=LINE('',#2419,#580);
#385=LINE('',#2422,#581);
#386=LINE('',#2423,#582);
#387=LINE('',#2426,#583);
#388=LINE('',#2428,#584);
#389=LINE('',#2430,#585);
#390=LINE('',#2432,#586);
#391=LINE('',#2433,#587);
#392=LINE('',#2435,#588);
#393=LINE('',#2437,#589);
#394=LINE('',#2438,#590);
#395=LINE('',#2440,#591);
#396=LINE('',#2442,#592);
#397=LINE('',#2443,#593);
#398=LINE('',#2444,#594);
#399=LINE('',#2447,#595);
#400=LINE('',#2450,#596);
#401=LINE('',#2452,#597);
#402=LINE('',#2454,#598);
#403=LINE('',#2455,#599);
#404=LINE('',#2457,#600);
#405=LINE('',#2459,#601);
#406=LINE('',#2461,#602);
#407=LINE('',#2462,#603);
#408=LINE('',#2464,#604);
#409=LINE('',#2465,#605);
#410=LINE('',#2468,#606);
#411=LINE('',#2470,#607);
#412=LINE('',#2471,#608);
#413=LINE('',#2474,#609);
#414=LINE('',#2476,#610);
#415=LINE('',#2479,#611);
#416=LINE('',#2482,#612);
#417=LINE('',#2484,#613);
#418=LINE('',#2486,#614);
#419=LINE('',#2487,#615);
#420=LINE('',#2489,#616);
#421=LINE('',#2491,#617);
#422=LINE('',#2492,#618);
#423=LINE('',#2494,#619);
#424=LINE('',#2496,#620);
#425=LINE('',#2498,#621);
#426=LINE('',#2499,#622);
#427=LINE('',#2501,#623);
#428=LINE('',#2502,#624);
#429=LINE('',#2504,#625);
#430=LINE('',#2505,#626);
#431=LINE('',#2507,#627);
#432=LINE('',#2508,#628);
#433=LINE('',#2510,#629);
#434=LINE('',#2511,#630);
#435=LINE('',#2514,#631);
#436=LINE('',#2516,#632);
#437=LINE('',#2517,#633);
#438=LINE('',#2520,#634);
#439=LINE('',#2522,#635);
#440=LINE('',#2525,#636);
#441=LINE('',#2528,#637);
#442=LINE('',#2530,#638);
#443=LINE('',#2532,#639);
#444=LINE('',#2534,#640);
#445=LINE('',#2535,#641);
#446=LINE('',#2537,#642);
#447=LINE('',#2538,#643);
#448=LINE('',#2541,#644);
#449=LINE('',#2543,#645);
#450=LINE('',#2547,#646);
#451=LINE('',#2548,#647);
#452=LINE('',#2550,#648);
#453=LINE('',#2552,#649);
#454=LINE('',#2553,#650);
#455=LINE('',#2555,#651);
#456=LINE('',#2558,#652);
#457=LINE('',#2559,#653);
#458=LINE('',#2565,#654);
#459=LINE('',#2566,#655);
#460=LINE('',#2570,#656);
#461=LINE('',#2571,#657);
#462=LINE('',#2576,#658);
#463=LINE('',#2579,#659);
#464=LINE('',#2583,#660);
#465=LINE('',#2584,#661);
#466=LINE('',#2588,#662);
#467=LINE('',#2592,#663);
#468=LINE('',#2593,#664);
#469=LINE('',#2597,#665);
#470=LINE('',#2598,#666);
#471=LINE('',#2600,#667);
#472=LINE('',#2602,#668);
#473=VECTOR('',#1741,1.75);
#474=VECTOR('',#1750,1.75);
#475=VECTOR('',#1759,1.75);
#476=VECTOR('',#1768,1.75);
#477=VECTOR('',#1777,1.75);
#478=VECTOR('',#1786,10.);
#479=VECTOR('',#1789,10.);
#480=VECTOR('',#1792,10.);
#481=VECTOR('',#1793,10.);
#482=VECTOR('',#1794,10.);
#483=VECTOR('',#1799,10.);
#484=VECTOR('',#1802,10.);
#485=VECTOR('',#1805,10.);
#486=VECTOR('',#1806,10.);
#487=VECTOR('',#1807,10.);
#488=VECTOR('',#1810,10.);
#489=VECTOR('',#1811,10.);
#490=VECTOR('',#1812,10.);
#491=VECTOR('',#1813,10.);
#492=VECTOR('',#1814,10.);
#493=VECTOR('',#1815,10.);
#494=VECTOR('',#1816,10.);
#495=VECTOR('',#1819,10.);
#496=VECTOR('',#1820,10.);
#497=VECTOR('',#1821,10.);
#498=VECTOR('',#1822,10.);
#499=VECTOR('',#1825,10.);
#500=VECTOR('',#1826,10.);
#501=VECTOR('',#1827,10.);
#502=VECTOR('',#1828,10.);
#503=VECTOR('',#1829,10.);
#504=VECTOR('',#1832,10.);
#505=VECTOR('',#1833,10.);
#506=VECTOR('',#1834,10.);
#507=VECTOR('',#1837,10.);
#508=VECTOR('',#1838,10.);
#509=VECTOR('',#1839,10.);
#510=VECTOR('',#1840,10.);
#511=VECTOR('',#1841,10.);
#512=VECTOR('',#1842,10.);
#513=VECTOR('',#1843,10.);
#514=VECTOR('',#1846,10.);
#515=VECTOR('',#1847,10.);
#516=VECTOR('',#1848,10.);
#517=VECTOR('',#1851,10.);
#518=VECTOR('',#1852,10.);
#519=VECTOR('',#1853,10.);
#520=VECTOR('',#1854,10.);
#521=VECTOR('',#1855,10.);
#522=VECTOR('',#1856,10.);
#523=VECTOR('',#1857,10.);
#524=VECTOR('',#1858,10.);
#525=VECTOR('',#1859,10.);
#526=VECTOR('',#1860,10.);
#527=VECTOR('',#1861,10.);
#528=VECTOR('',#1862,10.);
#529=VECTOR('',#1863,10.);
#530=VECTOR('',#1864,10.);
#531=VECTOR('',#1865,10.);
#532=VECTOR('',#1866,10.);
#533=VECTOR('',#1867,10.);
#534=VECTOR('',#1870,10.);
#535=VECTOR('',#1871,10.);
#536=VECTOR('',#1874,10.);
#537=VECTOR('',#1875,10.);
#538=VECTOR('',#1876,10.);
#539=VECTOR('',#1877,10.);
#540=VECTOR('',#1878,10.);
#541=VECTOR('',#1879,10.);
#542=VECTOR('',#1880,10.);
#543=VECTOR('',#1881,10.);
#544=VECTOR('',#1882,10.);
#545=VECTOR('',#1883,10.);
#546=VECTOR('',#1884,10.);
#547=VECTOR('',#1885,10.);
#548=VECTOR('',#1886,10.);
#549=VECTOR('',#1887,10.);
#550=VECTOR('',#1888,10.);
#551=VECTOR('',#1889,10.);
#552=VECTOR('',#1890,10.);
#553=VECTOR('',#1891,10.);
#554=VECTOR('',#1892,10.);
#555=VECTOR('',#1893,10.);
#556=VECTOR('',#1896,10.);
#557=VECTOR('',#1897,10.);
#558=VECTOR('',#1898,10.);
#559=VECTOR('',#1899,10.);
#560=VECTOR('',#1900,10.);
#561=VECTOR('',#1901,10.);
#562=VECTOR('',#1902,10.);
#563=VECTOR('',#1903,10.);
#564=VECTOR('',#1904,10.);
#565=VECTOR('',#1907,10.);
#566=VECTOR('',#1908,10.);
#567=VECTOR('',#1909,10.);
#568=VECTOR('',#1910,10.);
#569=VECTOR('',#1911,10.);
#570=VECTOR('',#1912,10.);
#571=VECTOR('',#1913,10.);
#572=VECTOR('',#1914,10.);
#573=VECTOR('',#1915,10.);
#574=VECTOR('',#1916,10.);
#575=VECTOR('',#1917,10.);
#576=VECTOR('',#1918,10.);
#577=VECTOR('',#1921,10.);
#578=VECTOR('',#1922,10.);
#579=VECTOR('',#1923,10.);
#580=VECTOR('',#1928,10.);
#581=VECTOR('',#1931,10.);
#582=VECTOR('',#1932,10.);
#583=VECTOR('',#1935,10.);
#584=VECTOR('',#1936,10.);
#585=VECTOR('',#1937,10.);
#586=VECTOR('',#1938,10.);
#587=VECTOR('',#1939,10.);
#588=VECTOR('',#1940,10.);
#589=VECTOR('',#1941,10.);
#590=VECTOR('',#1942,10.);
#591=VECTOR('',#1943,10.);
#592=VECTOR('',#1944,10.);
#593=VECTOR('',#1945,10.);
#594=VECTOR('',#1946,10.);
#595=VECTOR('',#1949,10.);
#596=VECTOR('',#1954,10.);
#597=VECTOR('',#1955,10.);
#598=VECTOR('',#1956,10.);
#599=VECTOR('',#1957,10.);
#600=VECTOR('',#1958,10.);
#601=VECTOR('',#1959,10.);
#602=VECTOR('',#1960,10.);
#603=VECTOR('',#1961,10.);
#604=VECTOR('',#1964,10.);
#605=VECTOR('',#1965,10.);
#606=VECTOR('',#1968,10.);
#607=VECTOR('',#1969,10.);
#608=VECTOR('',#1970,10.);
#609=VECTOR('',#1975,10.);
#610=VECTOR('',#1978,10.);
#611=VECTOR('',#1981,10.);
#612=VECTOR('',#1986,10.);
#613=VECTOR('',#1987,10.);
#614=VECTOR('',#1988,10.);
#615=VECTOR('',#1989,10.);
#616=VECTOR('',#1990,10.);
#617=VECTOR('',#1991,10.);
#618=VECTOR('',#1992,10.);
#619=VECTOR('',#1993,10.);
#620=VECTOR('',#1994,10.);
#621=VECTOR('',#1995,10.);
#622=VECTOR('',#1996,10.);
#623=VECTOR('',#1999,10.);
#624=VECTOR('',#2000,10.);
#625=VECTOR('',#2003,10.);
#626=VECTOR('',#2004,10.);
#627=VECTOR('',#2007,10.);
#628=VECTOR('',#2008,10.);
#629=VECTOR('',#2011,10.);
#630=VECTOR('',#2012,10.);
#631=VECTOR('',#2015,10.);
#632=VECTOR('',#2016,10.);
#633=VECTOR('',#2017,10.);
#634=VECTOR('',#2022,10.);
#635=VECTOR('',#2025,10.);
#636=VECTOR('',#2028,10.);
#637=VECTOR('',#2033,10.);
#638=VECTOR('',#2034,10.);
#639=VECTOR('',#2035,10.);
#640=VECTOR('',#2036,10.);
#641=VECTOR('',#2037,10.);
#642=VECTOR('',#2040,10.);
#643=VECTOR('',#2041,10.);
#644=VECTOR('',#2046,10.);
#645=VECTOR('',#2049,10.);
#646=VECTOR('',#2056,10.);
#647=VECTOR('',#2057,10.);
#648=VECTOR('',#2060,10.);
#649=VECTOR('',#2063,10.);
#650=VECTOR('',#2064,10.);
#651=VECTOR('',#2067,10.);
#652=VECTOR('',#2072,10.);
#653=VECTOR('',#2073,10.);
#654=VECTOR('',#2084,10.);
#655=VECTOR('',#2085,10.);
#656=VECTOR('',#2092,10.);
#657=VECTOR('',#2093,10.);
#658=VECTOR('',#2102,10.);
#659=VECTOR('',#2107,10.);
#660=VECTOR('',#2114,10.);
#661=VECTOR('',#2115,10.);
#662=VECTOR('',#2122,10.);
#663=VECTOR('',#2129,10.);
#664=VECTOR('',#2130,10.);
#665=VECTOR('',#2137,10.);
#666=VECTOR('',#2138,10.);
#667=VECTOR('',#2141,10.);
#668=VECTOR('',#2144,10.);
#669=CIRCLE('',#1625,1.75);
#670=CIRCLE('',#1626,1.75);
#671=CIRCLE('',#1629,1.75);
#672=CIRCLE('',#1630,1.75);
#673=CIRCLE('',#1633,1.75);
#674=CIRCLE('',#1634,1.75);
#675=CIRCLE('',#1637,1.75);
#676=CIRCLE('',#1638,1.75);
#677=CIRCLE('',#1641,1.75);
#678=CIRCLE('',#1642,1.75);
#679=CIRCLE('',#1653,2.);
#680=CIRCLE('',#1654,2.);
#681=CIRCLE('',#1655,2.24948115447573);
#682=CIRCLE('',#1656,2.);
#683=CIRCLE('',#1657,2.24948115447573);
#684=CIRCLE('',#1658,2.);
#685=CIRCLE('',#1661,4.);
#686=CIRCLE('',#1662,4.);
#687=CIRCLE('',#1665,4.);
#688=CIRCLE('',#1669,4.);
#689=CIRCLE('',#1674,4.);
#690=CIRCLE('',#1677,4.);
#691=CIRCLE('',#1685,4.);
#692=CIRCLE('',#1688,4.);
#693=CIRCLE('',#1692,4.);
#694=CIRCLE('',#1695,4.);
#695=VERTEX_POINT('',#2154);
#696=VERTEX_POINT('',#2156);
#697=VERTEX_POINT('',#2161);
#698=VERTEX_POINT('',#2163);
#699=VERTEX_POINT('',#2168);
#700=VERTEX_POINT('',#2170);
#701=VERTEX_POINT('',#2175);
#702=VERTEX_POINT('',#2177);
#703=VERTEX_POINT('',#2182);
#704=VERTEX_POINT('',#2184);
#705=VERTEX_POINT('',#2189);
#706=VERTEX_POINT('',#2190);
#707=VERTEX_POINT('',#2192);
#708=VERTEX_POINT('',#2194);
#709=VERTEX_POINT('',#2198);
#710=VERTEX_POINT('',#2200);
#711=VERTEX_POINT('',#2204);
#712=VERTEX_POINT('',#2205);
#713=VERTEX_POINT('',#2207);
#714=VERTEX_POINT('',#2209);
#715=VERTEX_POINT('',#2213);
#716=VERTEX_POINT('',#2215);
#717=VERTEX_POINT('',#2219);
#718=VERTEX_POINT('',#2220);
#719=VERTEX_POINT('',#2222);
#720=VERTEX_POINT('',#2224);
#721=VERTEX_POINT('',#2227);
#722=VERTEX_POINT('',#2229);
#723=VERTEX_POINT('',#2231);
#724=VERTEX_POINT('',#2233);
#725=VERTEX_POINT('',#2235);
#726=VERTEX_POINT('',#2238);
#727=VERTEX_POINT('',#2240);
#728=VERTEX_POINT('',#2242);
#729=VERTEX_POINT('',#2244);
#730=VERTEX_POINT('',#2246);
#731=VERTEX_POINT('',#2249);
#732=VERTEX_POINT('',#2250);
#733=VERTEX_POINT('',#2252);
#734=VERTEX_POINT('',#2254);
#735=VERTEX_POINT('',#2256);
#736=VERTEX_POINT('',#2258);
#737=VERTEX_POINT('',#2260);
#738=VERTEX_POINT('',#2262);
#739=VERTEX_POINT('',#2265);
#740=VERTEX_POINT('',#2266);
#741=VERTEX_POINT('',#2268);
#742=VERTEX_POINT('',#2270);
#743=VERTEX_POINT('',#2273);
#744=VERTEX_POINT('',#2274);
#745=VERTEX_POINT('',#2276);
#746=VERTEX_POINT('',#2278);
#747=VERTEX_POINT('',#2280);
#748=VERTEX_POINT('',#2282);
#749=VERTEX_POINT('',#2284);
#750=VERTEX_POINT('',#2286);
#751=VERTEX_POINT('',#2289);
#752=VERTEX_POINT('',#2290);
#753=VERTEX_POINT('',#2292);
#754=VERTEX_POINT('',#2294);
#755=VERTEX_POINT('',#2297);
#756=VERTEX_POINT('',#2298);
#757=VERTEX_POINT('',#2300);
#758=VERTEX_POINT('',#2302);
#759=VERTEX_POINT('',#2305);
#760=VERTEX_POINT('',#2306);
#761=VERTEX_POINT('',#2308);
#762=VERTEX_POINT('',#2310);
#763=VERTEX_POINT('',#2313);
#764=VERTEX_POINT('',#2314);
#765=VERTEX_POINT('',#2316);
#766=VERTEX_POINT('',#2318);
#767=VERTEX_POINT('',#2322);
#768=VERTEX_POINT('',#2326);
#769=VERTEX_POINT('',#2327);
#770=VERTEX_POINT('',#2329);
#771=VERTEX_POINT('',#2331);
#772=VERTEX_POINT('',#2334);
#773=VERTEX_POINT('',#2336);
#774=VERTEX_POINT('',#2338);
#775=VERTEX_POINT('',#2341);
#776=VERTEX_POINT('',#2343);
#777=VERTEX_POINT('',#2345);
#778=VERTEX_POINT('',#2347);
#779=VERTEX_POINT('',#2349);
#780=VERTEX_POINT('',#2351);
#781=VERTEX_POINT('',#2353);
#782=VERTEX_POINT('',#2355);
#783=VERTEX_POINT('',#2357);
#784=VERTEX_POINT('',#2359);
#785=VERTEX_POINT('',#2361);
#786=VERTEX_POINT('',#2363);
#787=VERTEX_POINT('',#2365);
#788=VERTEX_POINT('',#2367);
#789=VERTEX_POINT('',#2369);
#790=VERTEX_POINT('',#2371);
#791=VERTEX_POINT('',#2373);
#792=VERTEX_POINT('',#2375);
#793=VERTEX_POINT('',#2377);
#794=VERTEX_POINT('',#2379);
#795=VERTEX_POINT('',#2381);
#796=VERTEX_POINT('',#2383);
#797=VERTEX_POINT('',#2385);
#798=VERTEX_POINT('',#2387);
#799=VERTEX_POINT('',#2389);
#800=VERTEX_POINT('',#2391);
#801=VERTEX_POINT('',#2393);
#802=VERTEX_POINT('',#2395);
#803=VERTEX_POINT('',#2397);
#804=VERTEX_POINT('',#2399);
#805=VERTEX_POINT('',#2401);
#806=VERTEX_POINT('',#2403);
#807=VERTEX_POINT('',#2405);
#808=VERTEX_POINT('',#2407);
#809=VERTEX_POINT('',#2411);
#810=VERTEX_POINT('',#2413);
#811=VERTEX_POINT('',#2417);
#812=VERTEX_POINT('',#2421);
#813=VERTEX_POINT('',#2425);
#814=VERTEX_POINT('',#2427);
#815=VERTEX_POINT('',#2429);
#816=VERTEX_POINT('',#2431);
#817=VERTEX_POINT('',#2434);
#818=VERTEX_POINT('',#2436);
#819=VERTEX_POINT('',#2439);
#820=VERTEX_POINT('',#2441);
#821=VERTEX_POINT('',#2446);
#822=VERTEX_POINT('',#2451);
#823=VERTEX_POINT('',#2453);
#824=VERTEX_POINT('',#2456);
#825=VERTEX_POINT('',#2458);
#826=VERTEX_POINT('',#2460);
#827=VERTEX_POINT('',#2467);
#828=VERTEX_POINT('',#2469);
#829=VERTEX_POINT('',#2478);
#830=VERTEX_POINT('',#2483);
#831=VERTEX_POINT('',#2485);
#832=VERTEX_POINT('',#2488);
#833=VERTEX_POINT('',#2490);
#834=VERTEX_POINT('',#2493);
#835=VERTEX_POINT('',#2495);
#836=VERTEX_POINT('',#2497);
#837=VERTEX_POINT('',#2513);
#838=VERTEX_POINT('',#2515);
#839=VERTEX_POINT('',#2524);
#840=VERTEX_POINT('',#2529);
#841=VERTEX_POINT('',#2531);
#842=VERTEX_POINT('',#2533);
#843=EDGE_CURVE('',#695,#695,#669,.T.);
#844=EDGE_CURVE('',#695,#696,#277,.T.);
#845=EDGE_CURVE('',#696,#696,#670,.T.);
#846=EDGE_CURVE('',#697,#697,#671,.T.);
#847=EDGE_CURVE('',#697,#698,#278,.T.);
#848=EDGE_CURVE('',#698,#698,#672,.T.);
#849=EDGE_CURVE('',#699,#699,#673,.T.);
#850=EDGE_CURVE('',#699,#700,#279,.T.);
#851=EDGE_CURVE('',#700,#700,#674,.T.);
#852=EDGE_CURVE('',#701,#701,#675,.T.);
#853=EDGE_CURVE('',#701,#702,#280,.T.);
#854=EDGE_CURVE('',#702,#702,#676,.T.);
#855=EDGE_CURVE('',#703,#703,#677,.T.);
#856=EDGE_CURVE('',#703,#704,#281,.T.);
#857=EDGE_CURVE('',#704,#704,#678,.T.);
#858=EDGE_CURVE('',#705,#706,#44,.T.);
#859=EDGE_CURVE('',#706,#707,#282,.T.);
#860=EDGE_CURVE('',#707,#708,#45,.T.);
#861=EDGE_CURVE('',#708,#705,#283,.T.);
#862=EDGE_CURVE('',#706,#709,#284,.T.);
#863=EDGE_CURVE('',#709,#710,#285,.F.);
#864=EDGE_CURVE('',#707,#710,#286,.F.);
#865=EDGE_CURVE('',#711,#712,#46,.T.);
#866=EDGE_CURVE('',#712,#713,#287,.T.);
#867=EDGE_CURVE('',#713,#714,#47,.T.);
#868=EDGE_CURVE('',#714,#711,#288,.T.);
#869=EDGE_CURVE('',#712,#715,#289,.T.);
#870=EDGE_CURVE('',#715,#716,#290,.F.);
#871=EDGE_CURVE('',#713,#716,#291,.F.);
#872=EDGE_CURVE('',#717,#718,#292,.T.);
#873=EDGE_CURVE('',#718,#719,#293,.T.);
#874=EDGE_CURVE('',#719,#720,#294,.T.);
#875=EDGE_CURVE('',#720,#717,#295,.T.);
#876=EDGE_CURVE('',#721,#714,#296,.F.);
#877=EDGE_CURVE('',#716,#722,#297,.T.);
#878=EDGE_CURVE('',#723,#722,#298,.T.);
#879=EDGE_CURVE('',#724,#723,#679,.T.);
#880=EDGE_CURVE('',#725,#724,#299,.T.);
#881=EDGE_CURVE('',#725,#721,#300,.T.);
#882=EDGE_CURVE('',#710,#726,#301,.T.);
#883=EDGE_CURVE('',#727,#726,#302,.T.);
#884=EDGE_CURVE('',#728,#727,#680,.T.);
#885=EDGE_CURVE('',#729,#728,#303,.T.);
#886=EDGE_CURVE('',#729,#730,#304,.T.);
#887=EDGE_CURVE('',#730,#708,#305,.F.);
#888=EDGE_CURVE('',#731,#732,#306,.T.);
#889=EDGE_CURVE('',#732,#733,#307,.F.);
#890=EDGE_CURVE('',#734,#733,#681,.T.);
#891=EDGE_CURVE('',#734,#735,#308,.F.);
#892=EDGE_CURVE('',#735,#736,#309,.T.);
#893=EDGE_CURVE('',#737,#736,#310,.T.);
#894=EDGE_CURVE('',#738,#737,#682,.T.);
#895=EDGE_CURVE('',#731,#738,#311,.T.);
#896=EDGE_CURVE('',#739,#740,#312,.T.);
#897=EDGE_CURVE('',#740,#741,#313,.F.);
#898=EDGE_CURVE('',#741,#742,#314,.T.);
#899=EDGE_CURVE('',#739,#742,#315,.T.);
#900=EDGE_CURVE('',#743,#744,#316,.T.);
#901=EDGE_CURVE('',#744,#745,#317,.F.);
#902=EDGE_CURVE('',#746,#745,#683,.T.);
#903=EDGE_CURVE('',#746,#747,#318,.F.);
#904=EDGE_CURVE('',#747,#748,#319,.T.);
#905=EDGE_CURVE('',#749,#748,#320,.T.);
#906=EDGE_CURVE('',#750,#749,#684,.T.);
#907=EDGE_CURVE('',#743,#750,#321,.T.);
#908=EDGE_CURVE('',#751,#752,#322,.T.);
#909=EDGE_CURVE('',#752,#753,#323,.F.);
#910=EDGE_CURVE('',#753,#754,#324,.T.);
#911=EDGE_CURVE('',#751,#754,#325,.T.);
#912=EDGE_CURVE('',#755,#756,#326,.T.);
#913=EDGE_CURVE('',#756,#757,#327,.F.);
#914=EDGE_CURVE('',#757,#758,#328,.T.);
#915=EDGE_CURVE('',#755,#758,#329,.T.);
#916=EDGE_CURVE('',#759,#760,#330,.T.);
#917=EDGE_CURVE('',#760,#761,#331,.F.);
#918=EDGE_CURVE('',#761,#762,#332,.T.);
#919=EDGE_CURVE('',#759,#762,#333,.T.);
#920=EDGE_CURVE('',#763,#764,#334,.T.);
#921=EDGE_CURVE('',#764,#765,#335,.F.);
#922=EDGE_CURVE('',#765,#766,#336,.T.);
#923=EDGE_CURVE('',#763,#766,#337,.T.);
#924=EDGE_CURVE('',#767,#730,#338,.T.);
#925=EDGE_CURVE('',#767,#705,#339,.T.);
#926=EDGE_CURVE('',#768,#769,#340,.T.);
#927=EDGE_CURVE('',#770,#768,#341,.T.);
#928=EDGE_CURVE('',#771,#770,#342,.T.);
#929=EDGE_CURVE('',#769,#771,#343,.T.);
#930=EDGE_CURVE('',#772,#711,#344,.T.);
#931=EDGE_CURVE('',#773,#772,#345,.T.);
#932=EDGE_CURVE('',#773,#774,#346,.T.);
#933=EDGE_CURVE('',#709,#774,#347,.T.);
#934=EDGE_CURVE('',#775,#767,#348,.T.);
#935=EDGE_CURVE('',#775,#776,#349,.T.);
#936=EDGE_CURVE('',#777,#776,#350,.T.);
#937=EDGE_CURVE('',#778,#777,#351,.T.);
#938=EDGE_CURVE('',#779,#778,#352,.T.);
#939=EDGE_CURVE('',#779,#780,#353,.T.);
#940=EDGE_CURVE('',#781,#780,#354,.T.);
#941=EDGE_CURVE('',#782,#781,#355,.T.);
#942=EDGE_CURVE('',#783,#782,#356,.T.);
#943=EDGE_CURVE('',#783,#784,#357,.T.);
#944=EDGE_CURVE('',#785,#784,#358,.T.);
#945=EDGE_CURVE('',#786,#785,#359,.T.);
#946=EDGE_CURVE('',#787,#786,#685,.T.);
#947=EDGE_CURVE('',#788,#787,#360,.T.);
#948=EDGE_CURVE('',#789,#788,#361,.T.);
#949=EDGE_CURVE('',#789,#790,#362,.T.);
#950=EDGE_CURVE('',#791,#790,#363,.T.);
#951=EDGE_CURVE('',#792,#791,#364,.T.);
#952=EDGE_CURVE('',#793,#792,#365,.T.);
#953=EDGE_CURVE('',#793,#794,#366,.T.);
#954=EDGE_CURVE('',#795,#794,#367,.T.);
#955=EDGE_CURVE('',#796,#795,#368,.T.);
#956=EDGE_CURVE('',#797,#796,#686,.T.);
#957=EDGE_CURVE('',#798,#797,#369,.T.);
#958=EDGE_CURVE('',#799,#798,#370,.T.);
#959=EDGE_CURVE('',#799,#800,#371,.T.);
#960=EDGE_CURVE('',#801,#800,#372,.T.);
#961=EDGE_CURVE('',#802,#801,#373,.T.);
#962=EDGE_CURVE('',#803,#802,#374,.T.);
#963=EDGE_CURVE('',#803,#804,#375,.T.);
#964=EDGE_CURVE('',#805,#804,#376,.T.);
#965=EDGE_CURVE('',#806,#805,#377,.T.);
#966=EDGE_CURVE('',#807,#806,#378,.T.);
#967=EDGE_CURVE('',#807,#808,#379,.T.);
#968=EDGE_CURVE('',#715,#808,#380,.T.);
#969=EDGE_CURVE('',#736,#809,#381,.F.);
#970=EDGE_CURVE('',#809,#810,#382,.T.);
#971=EDGE_CURVE('',#810,#737,#383,.T.);
#972=EDGE_CURVE('',#810,#811,#687,.T.);
#973=EDGE_CURVE('',#811,#738,#384,.T.);
#974=EDGE_CURVE('',#812,#731,#385,.F.);
#975=EDGE_CURVE('',#811,#812,#386,.T.);
#976=EDGE_CURVE('',#813,#811,#387,.T.);
#977=EDGE_CURVE('',#814,#813,#388,.T.);
#978=EDGE_CURVE('',#815,#814,#389,.T.);
#979=EDGE_CURVE('',#816,#815,#390,.T.);
#980=EDGE_CURVE('',#808,#816,#391,.T.);
#981=EDGE_CURVE('',#807,#817,#392,.T.);
#982=EDGE_CURVE('',#818,#817,#393,.T.);
#983=EDGE_CURVE('',#804,#818,#394,.T.);
#984=EDGE_CURVE('',#803,#819,#395,.T.);
#985=EDGE_CURVE('',#820,#819,#396,.T.);
#986=EDGE_CURVE('',#800,#820,#397,.T.);
#987=EDGE_CURVE('',#799,#812,#398,.T.);
#988=EDGE_CURVE('',#810,#821,#399,.T.);
#989=EDGE_CURVE('',#821,#813,#688,.T.);
#990=EDGE_CURVE('',#794,#809,#400,.T.);
#991=EDGE_CURVE('',#793,#822,#401,.T.);
#992=EDGE_CURVE('',#823,#822,#402,.T.);
#993=EDGE_CURVE('',#790,#823,#403,.T.);
#994=EDGE_CURVE('',#789,#824,#404,.T.);
#995=EDGE_CURVE('',#825,#824,#405,.T.);
#996=EDGE_CURVE('',#826,#825,#406,.T.);
#997=EDGE_CURVE('',#821,#826,#407,.T.);
#998=EDGE_CURVE('',#742,#823,#408,.F.);
#999=EDGE_CURVE('',#822,#739,#409,.F.);
#1000=EDGE_CURVE('',#748,#827,#410,.F.);
#1001=EDGE_CURVE('',#827,#828,#411,.T.);
#1002=EDGE_CURVE('',#828,#749,#412,.T.);
#1003=EDGE_CURVE('',#828,#825,#689,.T.);
#1004=EDGE_CURVE('',#825,#750,#413,.T.);
#1005=EDGE_CURVE('',#824,#743,#414,.F.);
#1006=EDGE_CURVE('',#828,#829,#415,.T.);
#1007=EDGE_CURVE('',#829,#826,#690,.T.);
#1008=EDGE_CURVE('',#784,#827,#416,.T.);
#1009=EDGE_CURVE('',#783,#830,#417,.T.);
#1010=EDGE_CURVE('',#831,#830,#418,.T.);
#1011=EDGE_CURVE('',#780,#831,#419,.T.);
#1012=EDGE_CURVE('',#779,#832,#420,.T.);
#1013=EDGE_CURVE('',#833,#832,#421,.T.);
#1014=EDGE_CURVE('',#776,#833,#422,.T.);
#1015=EDGE_CURVE('',#775,#834,#423,.T.);
#1016=EDGE_CURVE('',#835,#834,#424,.T.);
#1017=EDGE_CURVE('',#836,#835,#425,.T.);
#1018=EDGE_CURVE('',#829,#836,#426,.T.);
#1019=EDGE_CURVE('',#754,#833,#427,.F.);
#1020=EDGE_CURVE('',#832,#751,#428,.F.);
#1021=EDGE_CURVE('',#758,#831,#429,.F.);
#1022=EDGE_CURVE('',#830,#755,#430,.F.);
#1023=EDGE_CURVE('',#762,#820,#431,.F.);
#1024=EDGE_CURVE('',#819,#759,#432,.F.);
#1025=EDGE_CURVE('',#766,#818,#433,.F.);
#1026=EDGE_CURVE('',#817,#763,#434,.F.);
#1027=EDGE_CURVE('',#726,#837,#435,.F.);
#1028=EDGE_CURVE('',#837,#838,#436,.T.);
#1029=EDGE_CURVE('',#838,#727,#437,.T.);
#1030=EDGE_CURVE('',#838,#835,#691,.T.);
#1031=EDGE_CURVE('',#835,#728,#438,.T.);
#1032=EDGE_CURVE('',#834,#729,#439,.F.);
#1033=EDGE_CURVE('',#838,#839,#440,.T.);
#1034=EDGE_CURVE('',#839,#836,#692,.T.);
#1035=EDGE_CURVE('',#774,#837,#441,.T.);
#1036=EDGE_CURVE('',#773,#840,#442,.T.);
#1037=EDGE_CURVE('',#841,#840,#443,.T.);
#1038=EDGE_CURVE('',#842,#841,#444,.T.);
#1039=EDGE_CURVE('',#839,#842,#445,.T.);
#1040=EDGE_CURVE('',#722,#816,#446,.F.);
#1041=EDGE_CURVE('',#815,#723,#447,.T.);
#1042=EDGE_CURVE('',#815,#841,#693,.T.);
#1043=EDGE_CURVE('',#841,#724,#448,.T.);
#1044=EDGE_CURVE('',#840,#725,#449,.F.);
#1045=EDGE_CURVE('',#814,#842,#694,.T.);
#1046=EDGE_CURVE('',#786,#746,#450,.T.);
#1047=EDGE_CURVE('',#745,#787,#451,.T.);
#1048=EDGE_CURVE('',#785,#747,#452,.F.);
#1049=EDGE_CURVE('',#796,#734,#453,.T.);
#1050=EDGE_CURVE('',#733,#797,#454,.T.);
#1051=EDGE_CURVE('',#795,#735,#455,.F.);
#1052=EDGE_CURVE('',#781,#757,#456,.F.);
#1053=EDGE_CURVE('',#782,#756,#457,.T.);
#1054=EDGE_CURVE('',#801,#761,#458,.F.);
#1055=EDGE_CURVE('',#802,#760,#459,.T.);
#1056=EDGE_CURVE('',#777,#753,#460,.F.);
#1057=EDGE_CURVE('',#778,#752,#461,.T.);
#1058=EDGE_CURVE('',#788,#744,#462,.T.);
#1059=EDGE_CURVE('',#798,#732,#463,.T.);
#1060=EDGE_CURVE('',#791,#741,#464,.F.);
#1061=EDGE_CURVE('',#792,#740,#465,.T.);
#1062=EDGE_CURVE('',#772,#721,#466,.T.);
#1063=EDGE_CURVE('',#805,#765,#467,.F.);
#1064=EDGE_CURVE('',#806,#764,#468,.T.);
#1065=EDGE_CURVE('',#771,#719,#469,.T.);
#1066=EDGE_CURVE('',#769,#718,#470,.T.);
#1067=EDGE_CURVE('',#768,#717,#471,.T.);
#1068=EDGE_CURVE('',#770,#720,#472,.T.);
#1069=ORIENTED_EDGE('',*,*,#843,.F.);
#1070=ORIENTED_EDGE('',*,*,#844,.T.);
#1071=ORIENTED_EDGE('',*,*,#845,.T.);
#1072=ORIENTED_EDGE('',*,*,#844,.F.);
#1073=ORIENTED_EDGE('',*,*,#845,.F.);
#1074=ORIENTED_EDGE('',*,*,#846,.F.);
#1075=ORIENTED_EDGE('',*,*,#847,.T.);
#1076=ORIENTED_EDGE('',*,*,#848,.T.);
#1077=ORIENTED_EDGE('',*,*,#847,.F.);
#1078=ORIENTED_EDGE('',*,*,#848,.F.);
#1079=ORIENTED_EDGE('',*,*,#849,.F.);
#1080=ORIENTED_EDGE('',*,*,#850,.T.);
#1081=ORIENTED_EDGE('',*,*,#851,.T.);
#1082=ORIENTED_EDGE('',*,*,#850,.F.);
#1083=ORIENTED_EDGE('',*,*,#851,.F.);
#1084=ORIENTED_EDGE('',*,*,#852,.F.);
#1085=ORIENTED_EDGE('',*,*,#853,.T.);
#1086=ORIENTED_EDGE('',*,*,#854,.T.);
#1087=ORIENTED_EDGE('',*,*,#853,.F.);
#1088=ORIENTED_EDGE('',*,*,#854,.F.);
#1089=ORIENTED_EDGE('',*,*,#855,.F.);
#1090=ORIENTED_EDGE('',*,*,#856,.T.);
#1091=ORIENTED_EDGE('',*,*,#857,.T.);
#1092=ORIENTED_EDGE('',*,*,#856,.F.);
#1093=ORIENTED_EDGE('',*,*,#857,.F.);
#1094=ORIENTED_EDGE('',*,*,#858,.T.);
#1095=ORIENTED_EDGE('',*,*,#859,.T.);
#1096=ORIENTED_EDGE('',*,*,#860,.T.);
#1097=ORIENTED_EDGE('',*,*,#861,.T.);
#1098=ORIENTED_EDGE('',*,*,#859,.F.);
#1099=ORIENTED_EDGE('',*,*,#862,.T.);
#1100=ORIENTED_EDGE('',*,*,#863,.T.);
#1101=ORIENTED_EDGE('',*,*,#864,.F.);
#1102=ORIENTED_EDGE('',*,*,#865,.T.);
#1103=ORIENTED_EDGE('',*,*,#866,.T.);
#1104=ORIENTED_EDGE('',*,*,#867,.T.);
#1105=ORIENTED_EDGE('',*,*,#868,.T.);
#1106=ORIENTED_EDGE('',*,*,#866,.F.);
#1107=ORIENTED_EDGE('',*,*,#869,.T.);
#1108=ORIENTED_EDGE('',*,*,#870,.T.);
#1109=ORIENTED_EDGE('',*,*,#871,.F.);
#1110=ORIENTED_EDGE('',*,*,#872,.T.);
#1111=ORIENTED_EDGE('',*,*,#873,.T.);
#1112=ORIENTED_EDGE('',*,*,#874,.T.);
#1113=ORIENTED_EDGE('',*,*,#875,.T.);
#1114=ORIENTED_EDGE('',*,*,#843,.T.);
#1115=ORIENTED_EDGE('',*,*,#846,.T.);
#1116=ORIENTED_EDGE('',*,*,#849,.T.);
#1117=ORIENTED_EDGE('',*,*,#852,.T.);
#1118=ORIENTED_EDGE('',*,*,#855,.T.);
#1119=ORIENTED_EDGE('',*,*,#876,.T.);
#1120=ORIENTED_EDGE('',*,*,#867,.F.);
#1121=ORIENTED_EDGE('',*,*,#871,.T.);
#1122=ORIENTED_EDGE('',*,*,#877,.T.);
#1123=ORIENTED_EDGE('',*,*,#878,.F.);
#1124=ORIENTED_EDGE('',*,*,#879,.F.);
#1125=ORIENTED_EDGE('',*,*,#880,.F.);
#1126=ORIENTED_EDGE('',*,*,#881,.T.);
#1127=ORIENTED_EDGE('',*,*,#882,.T.);
#1128=ORIENTED_EDGE('',*,*,#883,.F.);
#1129=ORIENTED_EDGE('',*,*,#884,.F.);
#1130=ORIENTED_EDGE('',*,*,#885,.F.);
#1131=ORIENTED_EDGE('',*,*,#886,.T.);
#1132=ORIENTED_EDGE('',*,*,#887,.T.);
#1133=ORIENTED_EDGE('',*,*,#860,.F.);
#1134=ORIENTED_EDGE('',*,*,#864,.T.);
#1135=ORIENTED_EDGE('',*,*,#888,.T.);
#1136=ORIENTED_EDGE('',*,*,#889,.T.);
#1137=ORIENTED_EDGE('',*,*,#890,.F.);
#1138=ORIENTED_EDGE('',*,*,#891,.T.);
#1139=ORIENTED_EDGE('',*,*,#892,.T.);
#1140=ORIENTED_EDGE('',*,*,#893,.F.);
#1141=ORIENTED_EDGE('',*,*,#894,.F.);
#1142=ORIENTED_EDGE('',*,*,#895,.F.);
#1143=ORIENTED_EDGE('',*,*,#896,.T.);
#1144=ORIENTED_EDGE('',*,*,#897,.T.);
#1145=ORIENTED_EDGE('',*,*,#898,.T.);
#1146=ORIENTED_EDGE('',*,*,#899,.F.);
#1147=ORIENTED_EDGE('',*,*,#900,.T.);
#1148=ORIENTED_EDGE('',*,*,#901,.T.);
#1149=ORIENTED_EDGE('',*,*,#902,.F.);
#1150=ORIENTED_EDGE('',*,*,#903,.T.);
#1151=ORIENTED_EDGE('',*,*,#904,.T.);
#1152=ORIENTED_EDGE('',*,*,#905,.F.);
#1153=ORIENTED_EDGE('',*,*,#906,.F.);
#1154=ORIENTED_EDGE('',*,*,#907,.F.);
#1155=ORIENTED_EDGE('',*,*,#908,.T.);
#1156=ORIENTED_EDGE('',*,*,#909,.T.);
#1157=ORIENTED_EDGE('',*,*,#910,.T.);
#1158=ORIENTED_EDGE('',*,*,#911,.F.);
#1159=ORIENTED_EDGE('',*,*,#912,.T.);
#1160=ORIENTED_EDGE('',*,*,#913,.T.);
#1161=ORIENTED_EDGE('',*,*,#914,.T.);
#1162=ORIENTED_EDGE('',*,*,#915,.F.);
#1163=ORIENTED_EDGE('',*,*,#916,.T.);
#1164=ORIENTED_EDGE('',*,*,#917,.T.);
#1165=ORIENTED_EDGE('',*,*,#918,.T.);
#1166=ORIENTED_EDGE('',*,*,#919,.F.);
#1167=ORIENTED_EDGE('',*,*,#920,.T.);
#1168=ORIENTED_EDGE('',*,*,#921,.T.);
#1169=ORIENTED_EDGE('',*,*,#922,.T.);
#1170=ORIENTED_EDGE('',*,*,#923,.F.);
#1171=ORIENTED_EDGE('',*,*,#861,.F.);
#1172=ORIENTED_EDGE('',*,*,#887,.F.);
#1173=ORIENTED_EDGE('',*,*,#924,.F.);
#1174=ORIENTED_EDGE('',*,*,#925,.T.);
#1175=ORIENTED_EDGE('',*,*,#926,.F.);
#1176=ORIENTED_EDGE('',*,*,#927,.F.);
#1177=ORIENTED_EDGE('',*,*,#928,.F.);
#1178=ORIENTED_EDGE('',*,*,#929,.F.);
#1179=ORIENTED_EDGE('',*,*,#930,.F.);
#1180=ORIENTED_EDGE('',*,*,#931,.F.);
#1181=ORIENTED_EDGE('',*,*,#932,.T.);
#1182=ORIENTED_EDGE('',*,*,#933,.F.);
#1183=ORIENTED_EDGE('',*,*,#862,.F.);
#1184=ORIENTED_EDGE('',*,*,#858,.F.);
#1185=ORIENTED_EDGE('',*,*,#925,.F.);
#1186=ORIENTED_EDGE('',*,*,#934,.F.);
#1187=ORIENTED_EDGE('',*,*,#935,.T.);
#1188=ORIENTED_EDGE('',*,*,#936,.F.);
#1189=ORIENTED_EDGE('',*,*,#937,.F.);
#1190=ORIENTED_EDGE('',*,*,#938,.F.);
#1191=ORIENTED_EDGE('',*,*,#939,.T.);
#1192=ORIENTED_EDGE('',*,*,#940,.F.);
#1193=ORIENTED_EDGE('',*,*,#941,.F.);
#1194=ORIENTED_EDGE('',*,*,#942,.F.);
#1195=ORIENTED_EDGE('',*,*,#943,.T.);
#1196=ORIENTED_EDGE('',*,*,#944,.F.);
#1197=ORIENTED_EDGE('',*,*,#945,.F.);
#1198=ORIENTED_EDGE('',*,*,#946,.F.);
#1199=ORIENTED_EDGE('',*,*,#947,.F.);
#1200=ORIENTED_EDGE('',*,*,#948,.F.);
#1201=ORIENTED_EDGE('',*,*,#949,.T.);
#1202=ORIENTED_EDGE('',*,*,#950,.F.);
#1203=ORIENTED_EDGE('',*,*,#951,.F.);
#1204=ORIENTED_EDGE('',*,*,#952,.F.);
#1205=ORIENTED_EDGE('',*,*,#953,.T.);
#1206=ORIENTED_EDGE('',*,*,#954,.F.);
#1207=ORIENTED_EDGE('',*,*,#955,.F.);
#1208=ORIENTED_EDGE('',*,*,#956,.F.);
#1209=ORIENTED_EDGE('',*,*,#957,.F.);
#1210=ORIENTED_EDGE('',*,*,#958,.F.);
#1211=ORIENTED_EDGE('',*,*,#959,.T.);
#1212=ORIENTED_EDGE('',*,*,#960,.F.);
#1213=ORIENTED_EDGE('',*,*,#961,.F.);
#1214=ORIENTED_EDGE('',*,*,#962,.F.);
#1215=ORIENTED_EDGE('',*,*,#963,.T.);
#1216=ORIENTED_EDGE('',*,*,#964,.F.);
#1217=ORIENTED_EDGE('',*,*,#965,.F.);
#1218=ORIENTED_EDGE('',*,*,#966,.F.);
#1219=ORIENTED_EDGE('',*,*,#967,.T.);
#1220=ORIENTED_EDGE('',*,*,#968,.F.);
#1221=ORIENTED_EDGE('',*,*,#869,.F.);
#1222=ORIENTED_EDGE('',*,*,#865,.F.);
#1223=ORIENTED_EDGE('',*,*,#969,.T.);
#1224=ORIENTED_EDGE('',*,*,#970,.T.);
#1225=ORIENTED_EDGE('',*,*,#971,.T.);
#1226=ORIENTED_EDGE('',*,*,#893,.T.);
#1227=ORIENTED_EDGE('',*,*,#971,.F.);
#1228=ORIENTED_EDGE('',*,*,#972,.T.);
#1229=ORIENTED_EDGE('',*,*,#973,.T.);
#1230=ORIENTED_EDGE('',*,*,#894,.T.);
#1231=ORIENTED_EDGE('',*,*,#974,.T.);
#1232=ORIENTED_EDGE('',*,*,#895,.T.);
#1233=ORIENTED_EDGE('',*,*,#973,.F.);
#1234=ORIENTED_EDGE('',*,*,#975,.T.);
#1235=ORIENTED_EDGE('',*,*,#975,.F.);
#1236=ORIENTED_EDGE('',*,*,#976,.F.);
#1237=ORIENTED_EDGE('',*,*,#977,.F.);
#1238=ORIENTED_EDGE('',*,*,#978,.F.);
#1239=ORIENTED_EDGE('',*,*,#979,.F.);
#1240=ORIENTED_EDGE('',*,*,#980,.F.);
#1241=ORIENTED_EDGE('',*,*,#967,.F.);
#1242=ORIENTED_EDGE('',*,*,#981,.T.);
#1243=ORIENTED_EDGE('',*,*,#982,.F.);
#1244=ORIENTED_EDGE('',*,*,#983,.F.);
#1245=ORIENTED_EDGE('',*,*,#963,.F.);
#1246=ORIENTED_EDGE('',*,*,#984,.T.);
#1247=ORIENTED_EDGE('',*,*,#985,.F.);
#1248=ORIENTED_EDGE('',*,*,#986,.F.);
#1249=ORIENTED_EDGE('',*,*,#959,.F.);
#1250=ORIENTED_EDGE('',*,*,#987,.T.);
#1251=ORIENTED_EDGE('',*,*,#972,.F.);
#1252=ORIENTED_EDGE('',*,*,#988,.T.);
#1253=ORIENTED_EDGE('',*,*,#989,.T.);
#1254=ORIENTED_EDGE('',*,*,#976,.T.);
#1255=ORIENTED_EDGE('',*,*,#970,.F.);
#1256=ORIENTED_EDGE('',*,*,#990,.F.);
#1257=ORIENTED_EDGE('',*,*,#953,.F.);
#1258=ORIENTED_EDGE('',*,*,#991,.T.);
#1259=ORIENTED_EDGE('',*,*,#992,.F.);
#1260=ORIENTED_EDGE('',*,*,#993,.F.);
#1261=ORIENTED_EDGE('',*,*,#949,.F.);
#1262=ORIENTED_EDGE('',*,*,#994,.T.);
#1263=ORIENTED_EDGE('',*,*,#995,.F.);
#1264=ORIENTED_EDGE('',*,*,#996,.F.);
#1265=ORIENTED_EDGE('',*,*,#997,.F.);
#1266=ORIENTED_EDGE('',*,*,#988,.F.);
#1267=ORIENTED_EDGE('',*,*,#998,.T.);
#1268=ORIENTED_EDGE('',*,*,#992,.T.);
#1269=ORIENTED_EDGE('',*,*,#999,.T.);
#1270=ORIENTED_EDGE('',*,*,#899,.T.);
#1271=ORIENTED_EDGE('',*,*,#1000,.T.);
#1272=ORIENTED_EDGE('',*,*,#1001,.T.);
#1273=ORIENTED_EDGE('',*,*,#1002,.T.);
#1274=ORIENTED_EDGE('',*,*,#905,.T.);
#1275=ORIENTED_EDGE('',*,*,#1002,.F.);
#1276=ORIENTED_EDGE('',*,*,#1003,.T.);
#1277=ORIENTED_EDGE('',*,*,#1004,.T.);
#1278=ORIENTED_EDGE('',*,*,#906,.T.);
#1279=ORIENTED_EDGE('',*,*,#1005,.T.);
#1280=ORIENTED_EDGE('',*,*,#907,.T.);
#1281=ORIENTED_EDGE('',*,*,#1004,.F.);
#1282=ORIENTED_EDGE('',*,*,#995,.T.);
#1283=ORIENTED_EDGE('',*,*,#1003,.F.);
#1284=ORIENTED_EDGE('',*,*,#1006,.T.);
#1285=ORIENTED_EDGE('',*,*,#1007,.T.);
#1286=ORIENTED_EDGE('',*,*,#996,.T.);
#1287=ORIENTED_EDGE('',*,*,#1001,.F.);
#1288=ORIENTED_EDGE('',*,*,#1008,.F.);
#1289=ORIENTED_EDGE('',*,*,#943,.F.);
#1290=ORIENTED_EDGE('',*,*,#1009,.T.);
#1291=ORIENTED_EDGE('',*,*,#1010,.F.);
#1292=ORIENTED_EDGE('',*,*,#1011,.F.);
#1293=ORIENTED_EDGE('',*,*,#939,.F.);
#1294=ORIENTED_EDGE('',*,*,#1012,.T.);
#1295=ORIENTED_EDGE('',*,*,#1013,.F.);
#1296=ORIENTED_EDGE('',*,*,#1014,.F.);
#1297=ORIENTED_EDGE('',*,*,#935,.F.);
#1298=ORIENTED_EDGE('',*,*,#1015,.T.);
#1299=ORIENTED_EDGE('',*,*,#1016,.F.);
#1300=ORIENTED_EDGE('',*,*,#1017,.F.);
#1301=ORIENTED_EDGE('',*,*,#1018,.F.);
#1302=ORIENTED_EDGE('',*,*,#1006,.F.);
#1303=ORIENTED_EDGE('',*,*,#1019,.T.);
#1304=ORIENTED_EDGE('',*,*,#1013,.T.);
#1305=ORIENTED_EDGE('',*,*,#1020,.T.);
#1306=ORIENTED_EDGE('',*,*,#911,.T.);
#1307=ORIENTED_EDGE('',*,*,#1021,.T.);
#1308=ORIENTED_EDGE('',*,*,#1010,.T.);
#1309=ORIENTED_EDGE('',*,*,#1022,.T.);
#1310=ORIENTED_EDGE('',*,*,#915,.T.);
#1311=ORIENTED_EDGE('',*,*,#1023,.T.);
#1312=ORIENTED_EDGE('',*,*,#985,.T.);
#1313=ORIENTED_EDGE('',*,*,#1024,.T.);
#1314=ORIENTED_EDGE('',*,*,#919,.T.);
#1315=ORIENTED_EDGE('',*,*,#1025,.T.);
#1316=ORIENTED_EDGE('',*,*,#982,.T.);
#1317=ORIENTED_EDGE('',*,*,#1026,.T.);
#1318=ORIENTED_EDGE('',*,*,#923,.T.);
#1319=ORIENTED_EDGE('',*,*,#1027,.T.);
#1320=ORIENTED_EDGE('',*,*,#1028,.T.);
#1321=ORIENTED_EDGE('',*,*,#1029,.T.);
#1322=ORIENTED_EDGE('',*,*,#883,.T.);
#1323=ORIENTED_EDGE('',*,*,#1029,.F.);
#1324=ORIENTED_EDGE('',*,*,#1030,.T.);
#1325=ORIENTED_EDGE('',*,*,#1031,.T.);
#1326=ORIENTED_EDGE('',*,*,#884,.T.);
#1327=ORIENTED_EDGE('',*,*,#1032,.T.);
#1328=ORIENTED_EDGE('',*,*,#885,.T.);
#1329=ORIENTED_EDGE('',*,*,#1031,.F.);
#1330=ORIENTED_EDGE('',*,*,#1016,.T.);
#1331=ORIENTED_EDGE('',*,*,#1030,.F.);
#1332=ORIENTED_EDGE('',*,*,#1033,.T.);
#1333=ORIENTED_EDGE('',*,*,#1034,.T.);
#1334=ORIENTED_EDGE('',*,*,#1017,.T.);
#1335=ORIENTED_EDGE('',*,*,#1028,.F.);
#1336=ORIENTED_EDGE('',*,*,#1035,.F.);
#1337=ORIENTED_EDGE('',*,*,#932,.F.);
#1338=ORIENTED_EDGE('',*,*,#1036,.T.);
#1339=ORIENTED_EDGE('',*,*,#1037,.F.);
#1340=ORIENTED_EDGE('',*,*,#1038,.F.);
#1341=ORIENTED_EDGE('',*,*,#1039,.F.);
#1342=ORIENTED_EDGE('',*,*,#1033,.F.);
#1343=ORIENTED_EDGE('',*,*,#1040,.T.);
#1344=ORIENTED_EDGE('',*,*,#979,.T.);
#1345=ORIENTED_EDGE('',*,*,#1041,.T.);
#1346=ORIENTED_EDGE('',*,*,#878,.T.);
#1347=ORIENTED_EDGE('',*,*,#1041,.F.);
#1348=ORIENTED_EDGE('',*,*,#1042,.T.);
#1349=ORIENTED_EDGE('',*,*,#1043,.T.);
#1350=ORIENTED_EDGE('',*,*,#879,.T.);
#1351=ORIENTED_EDGE('',*,*,#1044,.T.);
#1352=ORIENTED_EDGE('',*,*,#880,.T.);
#1353=ORIENTED_EDGE('',*,*,#1043,.F.);
#1354=ORIENTED_EDGE('',*,*,#1037,.T.);
#1355=ORIENTED_EDGE('',*,*,#1042,.F.);
#1356=ORIENTED_EDGE('',*,*,#978,.T.);
#1357=ORIENTED_EDGE('',*,*,#1045,.T.);
#1358=ORIENTED_EDGE('',*,*,#1038,.T.);
#1359=ORIENTED_EDGE('',*,*,#946,.T.);
#1360=ORIENTED_EDGE('',*,*,#1046,.T.);
#1361=ORIENTED_EDGE('',*,*,#902,.T.);
#1362=ORIENTED_EDGE('',*,*,#1047,.T.);
#1363=ORIENTED_EDGE('',*,*,#1046,.F.);
#1364=ORIENTED_EDGE('',*,*,#945,.T.);
#1365=ORIENTED_EDGE('',*,*,#1048,.T.);
#1366=ORIENTED_EDGE('',*,*,#903,.F.);
#1367=ORIENTED_EDGE('',*,*,#956,.T.);
#1368=ORIENTED_EDGE('',*,*,#1049,.T.);
#1369=ORIENTED_EDGE('',*,*,#890,.T.);
#1370=ORIENTED_EDGE('',*,*,#1050,.T.);
#1371=ORIENTED_EDGE('',*,*,#1049,.F.);
#1372=ORIENTED_EDGE('',*,*,#955,.T.);
#1373=ORIENTED_EDGE('',*,*,#1051,.T.);
#1374=ORIENTED_EDGE('',*,*,#891,.F.);
#1375=ORIENTED_EDGE('',*,*,#1007,.F.);
#1376=ORIENTED_EDGE('',*,*,#1018,.T.);
#1377=ORIENTED_EDGE('',*,*,#1034,.F.);
#1378=ORIENTED_EDGE('',*,*,#1039,.T.);
#1379=ORIENTED_EDGE('',*,*,#1045,.F.);
#1380=ORIENTED_EDGE('',*,*,#977,.T.);
#1381=ORIENTED_EDGE('',*,*,#989,.F.);
#1382=ORIENTED_EDGE('',*,*,#997,.T.);
#1383=ORIENTED_EDGE('',*,*,#941,.T.);
#1384=ORIENTED_EDGE('',*,*,#1052,.T.);
#1385=ORIENTED_EDGE('',*,*,#913,.F.);
#1386=ORIENTED_EDGE('',*,*,#1053,.F.);
#1387=ORIENTED_EDGE('',*,*,#942,.T.);
#1388=ORIENTED_EDGE('',*,*,#1053,.T.);
#1389=ORIENTED_EDGE('',*,*,#912,.F.);
#1390=ORIENTED_EDGE('',*,*,#1022,.F.);
#1391=ORIENTED_EDGE('',*,*,#1009,.F.);
#1392=ORIENTED_EDGE('',*,*,#940,.T.);
#1393=ORIENTED_EDGE('',*,*,#1011,.T.);
#1394=ORIENTED_EDGE('',*,*,#1021,.F.);
#1395=ORIENTED_EDGE('',*,*,#914,.F.);
#1396=ORIENTED_EDGE('',*,*,#1052,.F.);
#1397=ORIENTED_EDGE('',*,*,#934,.T.);
#1398=ORIENTED_EDGE('',*,*,#924,.T.);
#1399=ORIENTED_EDGE('',*,*,#886,.F.);
#1400=ORIENTED_EDGE('',*,*,#1032,.F.);
#1401=ORIENTED_EDGE('',*,*,#1015,.F.);
#1402=ORIENTED_EDGE('',*,*,#933,.T.);
#1403=ORIENTED_EDGE('',*,*,#1035,.T.);
#1404=ORIENTED_EDGE('',*,*,#1027,.F.);
#1405=ORIENTED_EDGE('',*,*,#882,.F.);
#1406=ORIENTED_EDGE('',*,*,#863,.F.);
#1407=ORIENTED_EDGE('',*,*,#961,.T.);
#1408=ORIENTED_EDGE('',*,*,#1054,.T.);
#1409=ORIENTED_EDGE('',*,*,#917,.F.);
#1410=ORIENTED_EDGE('',*,*,#1055,.F.);
#1411=ORIENTED_EDGE('',*,*,#962,.T.);
#1412=ORIENTED_EDGE('',*,*,#1055,.T.);
#1413=ORIENTED_EDGE('',*,*,#916,.F.);
#1414=ORIENTED_EDGE('',*,*,#1024,.F.);
#1415=ORIENTED_EDGE('',*,*,#984,.F.);
#1416=ORIENTED_EDGE('',*,*,#960,.T.);
#1417=ORIENTED_EDGE('',*,*,#986,.T.);
#1418=ORIENTED_EDGE('',*,*,#1023,.F.);
#1419=ORIENTED_EDGE('',*,*,#918,.F.);
#1420=ORIENTED_EDGE('',*,*,#1054,.F.);
#1421=ORIENTED_EDGE('',*,*,#937,.T.);
#1422=ORIENTED_EDGE('',*,*,#1056,.T.);
#1423=ORIENTED_EDGE('',*,*,#909,.F.);
#1424=ORIENTED_EDGE('',*,*,#1057,.F.);
#1425=ORIENTED_EDGE('',*,*,#938,.T.);
#1426=ORIENTED_EDGE('',*,*,#1057,.T.);
#1427=ORIENTED_EDGE('',*,*,#908,.F.);
#1428=ORIENTED_EDGE('',*,*,#1020,.F.);
#1429=ORIENTED_EDGE('',*,*,#1012,.F.);
#1430=ORIENTED_EDGE('',*,*,#936,.T.);
#1431=ORIENTED_EDGE('',*,*,#1014,.T.);
#1432=ORIENTED_EDGE('',*,*,#1019,.F.);
#1433=ORIENTED_EDGE('',*,*,#910,.F.);
#1434=ORIENTED_EDGE('',*,*,#1056,.F.);
#1435=ORIENTED_EDGE('',*,*,#944,.T.);
#1436=ORIENTED_EDGE('',*,*,#1008,.T.);
#1437=ORIENTED_EDGE('',*,*,#1000,.F.);
#1438=ORIENTED_EDGE('',*,*,#904,.F.);
#1439=ORIENTED_EDGE('',*,*,#1048,.F.);
#1440=ORIENTED_EDGE('',*,*,#1047,.F.);
#1441=ORIENTED_EDGE('',*,*,#901,.F.);
#1442=ORIENTED_EDGE('',*,*,#1058,.F.);
#1443=ORIENTED_EDGE('',*,*,#947,.T.);
#1444=ORIENTED_EDGE('',*,*,#948,.T.);
#1445=ORIENTED_EDGE('',*,*,#1058,.T.);
#1446=ORIENTED_EDGE('',*,*,#900,.F.);
#1447=ORIENTED_EDGE('',*,*,#1005,.F.);
#1448=ORIENTED_EDGE('',*,*,#994,.F.);
#1449=ORIENTED_EDGE('',*,*,#1050,.F.);
#1450=ORIENTED_EDGE('',*,*,#889,.F.);
#1451=ORIENTED_EDGE('',*,*,#1059,.F.);
#1452=ORIENTED_EDGE('',*,*,#957,.T.);
#1453=ORIENTED_EDGE('',*,*,#958,.T.);
#1454=ORIENTED_EDGE('',*,*,#1059,.T.);
#1455=ORIENTED_EDGE('',*,*,#888,.F.);
#1456=ORIENTED_EDGE('',*,*,#974,.F.);
#1457=ORIENTED_EDGE('',*,*,#987,.F.);
#1458=ORIENTED_EDGE('',*,*,#954,.T.);
#1459=ORIENTED_EDGE('',*,*,#990,.T.);
#1460=ORIENTED_EDGE('',*,*,#969,.F.);
#1461=ORIENTED_EDGE('',*,*,#892,.F.);
#1462=ORIENTED_EDGE('',*,*,#1051,.F.);
#1463=ORIENTED_EDGE('',*,*,#951,.T.);
#1464=ORIENTED_EDGE('',*,*,#1060,.T.);
#1465=ORIENTED_EDGE('',*,*,#897,.F.);
#1466=ORIENTED_EDGE('',*,*,#1061,.F.);
#1467=ORIENTED_EDGE('',*,*,#952,.T.);
#1468=ORIENTED_EDGE('',*,*,#1061,.T.);
#1469=ORIENTED_EDGE('',*,*,#896,.F.);
#1470=ORIENTED_EDGE('',*,*,#999,.F.);
#1471=ORIENTED_EDGE('',*,*,#991,.F.);
#1472=ORIENTED_EDGE('',*,*,#950,.T.);
#1473=ORIENTED_EDGE('',*,*,#993,.T.);
#1474=ORIENTED_EDGE('',*,*,#998,.F.);
#1475=ORIENTED_EDGE('',*,*,#898,.F.);
#1476=ORIENTED_EDGE('',*,*,#1060,.F.);
#1477=ORIENTED_EDGE('',*,*,#868,.F.);
#1478=ORIENTED_EDGE('',*,*,#876,.F.);
#1479=ORIENTED_EDGE('',*,*,#1062,.F.);
#1480=ORIENTED_EDGE('',*,*,#930,.T.);
#1481=ORIENTED_EDGE('',*,*,#931,.T.);
#1482=ORIENTED_EDGE('',*,*,#1062,.T.);
#1483=ORIENTED_EDGE('',*,*,#881,.F.);
#1484=ORIENTED_EDGE('',*,*,#1044,.F.);
#1485=ORIENTED_EDGE('',*,*,#1036,.F.);
#1486=ORIENTED_EDGE('',*,*,#968,.T.);
#1487=ORIENTED_EDGE('',*,*,#980,.T.);
#1488=ORIENTED_EDGE('',*,*,#1040,.F.);
#1489=ORIENTED_EDGE('',*,*,#877,.F.);
#1490=ORIENTED_EDGE('',*,*,#870,.F.);
#1491=ORIENTED_EDGE('',*,*,#965,.T.);
#1492=ORIENTED_EDGE('',*,*,#1063,.T.);
#1493=ORIENTED_EDGE('',*,*,#921,.F.);
#1494=ORIENTED_EDGE('',*,*,#1064,.F.);
#1495=ORIENTED_EDGE('',*,*,#966,.T.);
#1496=ORIENTED_EDGE('',*,*,#1064,.T.);
#1497=ORIENTED_EDGE('',*,*,#920,.F.);
#1498=ORIENTED_EDGE('',*,*,#1026,.F.);
#1499=ORIENTED_EDGE('',*,*,#981,.F.);
#1500=ORIENTED_EDGE('',*,*,#964,.T.);
#1501=ORIENTED_EDGE('',*,*,#983,.T.);
#1502=ORIENTED_EDGE('',*,*,#1025,.F.);
#1503=ORIENTED_EDGE('',*,*,#922,.F.);
#1504=ORIENTED_EDGE('',*,*,#1063,.F.);
#1505=ORIENTED_EDGE('',*,*,#929,.T.);
#1506=ORIENTED_EDGE('',*,*,#1065,.T.);
#1507=ORIENTED_EDGE('',*,*,#873,.F.);
#1508=ORIENTED_EDGE('',*,*,#1066,.F.);
#1509=ORIENTED_EDGE('',*,*,#926,.T.);
#1510=ORIENTED_EDGE('',*,*,#1066,.T.);
#1511=ORIENTED_EDGE('',*,*,#872,.F.);
#1512=ORIENTED_EDGE('',*,*,#1067,.F.);
#1513=ORIENTED_EDGE('',*,*,#927,.T.);
#1514=ORIENTED_EDGE('',*,*,#1067,.T.);
#1515=ORIENTED_EDGE('',*,*,#875,.F.);
#1516=ORIENTED_EDGE('',*,*,#1068,.F.);
#1517=ORIENTED_EDGE('',*,*,#928,.T.);
#1518=ORIENTED_EDGE('',*,*,#1068,.T.);
#1519=ORIENTED_EDGE('',*,*,#874,.F.);
#1520=ORIENTED_EDGE('',*,*,#1065,.F.);
#1521=CYLINDRICAL_SURFACE('',#1624,1.75);
#1522=CYLINDRICAL_SURFACE('',#1628,1.75);
#1523=CYLINDRICAL_SURFACE('',#1632,1.75);
#1524=CYLINDRICAL_SURFACE('',#1636,1.75);
#1525=CYLINDRICAL_SURFACE('',#1640,1.75);
#1526=CYLINDRICAL_SURFACE('',#1644,4.);
#1527=CYLINDRICAL_SURFACE('',#1648,4.);
#1528=CYLINDRICAL_SURFACE('',#1668,4.);
#1529=CYLINDRICAL_SURFACE('',#1676,4.);
#1530=CYLINDRICAL_SURFACE('',#1687,4.);
#1531=CYLINDRICAL_SURFACE('',#1694,4.);
#1532=ADVANCED_FACE('',(#108),#1521,.F.);
#1533=ADVANCED_FACE('',(#109),#48,.T.);
#1534=ADVANCED_FACE('',(#110),#1522,.F.);
#1535=ADVANCED_FACE('',(#111),#49,.T.);
#1536=ADVANCED_FACE('',(#112),#1523,.F.);
#1537=ADVANCED_FACE('',(#113),#50,.T.);
#1538=ADVANCED_FACE('',(#114),#1524,.F.);
#1539=ADVANCED_FACE('',(#115),#51,.T.);
#1540=ADVANCED_FACE('',(#116),#1525,.F.);
#1541=ADVANCED_FACE('',(#117),#52,.T.);
#1542=ADVANCED_FACE('',(#118),#1526,.F.);
#1543=ADVANCED_FACE('',(#119),#53,.T.);
#1544=ADVANCED_FACE('',(#120),#1527,.F.);
#1545=ADVANCED_FACE('',(#121),#54,.T.);
#1546=ADVANCED_FACE('',(#122,#29,#30,#31,#32,#33,#34,#35,#36,#37,#38,#39,
#40,#41,#42),#55,.T.);
#1547=ADVANCED_FACE('',(#123),#56,.T.);
#1548=ADVANCED_FACE('',(#124,#43),#57,.F.);
#1549=ADVANCED_FACE('',(#125),#58,.T.);
#1550=ADVANCED_FACE('',(#126),#23,.T.);
#1551=ADVANCED_FACE('',(#127),#59,.T.);
#1552=ADVANCED_FACE('',(#128),#60,.T.);
#1553=ADVANCED_FACE('',(#129),#1528,.T.);
#1554=ADVANCED_FACE('',(#130),#61,.T.);
#1555=ADVANCED_FACE('',(#131),#62,.T.);
#1556=ADVANCED_FACE('',(#132),#63,.T.);
#1557=ADVANCED_FACE('',(#133),#24,.T.);
#1558=ADVANCED_FACE('',(#134),#64,.T.);
#1559=ADVANCED_FACE('',(#135),#1529,.T.);
#1560=ADVANCED_FACE('',(#136),#65,.T.);
#1561=ADVANCED_FACE('',(#137),#66,.T.);
#1562=ADVANCED_FACE('',(#138),#67,.T.);
#1563=ADVANCED_FACE('',(#139),#68,.T.);
#1564=ADVANCED_FACE('',(#140),#69,.T.);
#1565=ADVANCED_FACE('',(#141),#70,.T.);
#1566=ADVANCED_FACE('',(#142),#25,.T.);
#1567=ADVANCED_FACE('',(#143),#71,.T.);
#1568=ADVANCED_FACE('',(#144),#1530,.T.);
#1569=ADVANCED_FACE('',(#145),#72,.T.);
#1570=ADVANCED_FACE('',(#146),#73,.T.);
#1571=ADVANCED_FACE('',(#147),#26,.T.);
#1572=ADVANCED_FACE('',(#148),#74,.T.);
#1573=ADVANCED_FACE('',(#149),#1531,.T.);
#1574=ADVANCED_FACE('',(#150),#27,.F.);
#1575=ADVANCED_FACE('',(#151),#75,.T.);
#1576=ADVANCED_FACE('',(#152),#28,.F.);
#1577=ADVANCED_FACE('',(#153),#76,.T.);
#1578=ADVANCED_FACE('',(#154),#77,.T.);
#1579=ADVANCED_FACE('',(#155),#78,.T.);
#1580=ADVANCED_FACE('',(#156),#79,.T.);
#1581=ADVANCED_FACE('',(#157),#80,.T.);
#1582=ADVANCED_FACE('',(#158),#81,.T.);
#1583=ADVANCED_FACE('',(#159),#82,.T.);
#1584=ADVANCED_FACE('',(#160),#83,.T.);
#1585=ADVANCED_FACE('',(#161),#84,.T.);
#1586=ADVANCED_FACE('',(#162),#85,.T.);
#1587=ADVANCED_FACE('',(#163),#86,.T.);
#1588=ADVANCED_FACE('',(#164),#87,.T.);
#1589=ADVANCED_FACE('',(#165),#88,.T.);
#1590=ADVANCED_FACE('',(#166),#89,.T.);
#1591=ADVANCED_FACE('',(#167),#90,.T.);
#1592=ADVANCED_FACE('',(#168),#91,.T.);
#1593=ADVANCED_FACE('',(#169),#92,.T.);
#1594=ADVANCED_FACE('',(#170),#93,.T.);
#1595=ADVANCED_FACE('',(#171),#94,.T.);
#1596=ADVANCED_FACE('',(#172),#95,.T.);
#1597=ADVANCED_FACE('',(#173),#96,.T.);
#1598=ADVANCED_FACE('',(#174),#97,.T.);
#1599=ADVANCED_FACE('',(#175),#98,.T.);
#1600=ADVANCED_FACE('',(#176),#99,.T.);
#1601=ADVANCED_FACE('',(#177),#100,.T.);
#1602=ADVANCED_FACE('',(#178),#101,.T.);
#1603=ADVANCED_FACE('',(#179),#102,.T.);
#1604=ADVANCED_FACE('',(#180),#103,.T.);
#1605=ADVANCED_FACE('',(#181),#104,.T.);
#1606=ADVANCED_FACE('',(#182),#105,.T.);
#1607=ADVANCED_FACE('',(#183),#106,.T.);
#1608=ADVANCED_FACE('',(#184),#107,.T.);
#1609=CLOSED_SHELL('',(#1532,#1533,#1534,#1535,#1536,#1537,#1538,#1539,
#1540,#1541,#1542,#1543,#1544,#1545,#1546,#1547,#1548,#1549,#1550,#1551,
#1552,#1553,#1554,#1555,#1556,#1557,#1558,#1559,#1560,#1561,#1562,#1563,
#1564,#1565,#1566,#1567,#1568,#1569,#1570,#1571,#1572,#1573,#1574,#1575,
#1576,#1577,#1578,#1579,#1580,#1581,#1582,#1583,#1584,#1585,#1586,#1587,
#1588,#1589,#1590,#1591,#1592,#1593,#1594,#1595,#1596,#1597,#1598,#1599,
#1600,#1601,#1602,#1603,#1604,#1605,#1606,#1607,#1608));
#1610=DERIVED_UNIT_ELEMENT(#1612,1.);
#1611=DERIVED_UNIT_ELEMENT(#2613,-3.);
#1612=(
MASS_UNIT()
NAMED_UNIT(*)
SI_UNIT(.KILO.,.GRAM.)
);
#1613=DERIVED_UNIT((#1610,#1611));
#1614=MEASURE_REPRESENTATION_ITEM('density measure',
POSITIVE_RATIO_MEASURE(7850.),#1613);
#1615=PROPERTY_DEFINITION_REPRESENTATION(#1620,#1617);
#1616=PROPERTY_DEFINITION_REPRESENTATION(#1621,#1618);
#1617=REPRESENTATION('material name',(#1619),#2610);
#1618=REPRESENTATION('density',(#1614),#2610);
#1619=DESCRIPTIVE_REPRESENTATION_ITEM('Steel','Steel');
#1620=PROPERTY_DEFINITION('material property','material name',#2625);
#1621=PROPERTY_DEFINITION('material property','density of part',#2625);
#1622=AXIS2_PLACEMENT_3D('',#2151,#1733,#1734);
#1623=AXIS2_PLACEMENT_3D('',#2152,#1735,#1736);
#1624=AXIS2_PLACEMENT_3D('',#2153,#1737,#1738);
#1625=AXIS2_PLACEMENT_3D('',#2155,#1739,#1740);
#1626=AXIS2_PLACEMENT_3D('',#2158,#1742,#1743);
#1627=AXIS2_PLACEMENT_3D('',#2159,#1744,#1745);
#1628=AXIS2_PLACEMENT_3D('',#2160,#1746,#1747);
#1629=AXIS2_PLACEMENT_3D('',#2162,#1748,#1749);
#1630=AXIS2_PLACEMENT_3D('',#2165,#1751,#1752);
#1631=AXIS2_PLACEMENT_3D('',#2166,#1753,#1754);
#1632=AXIS2_PLACEMENT_3D('',#2167,#1755,#1756);
#1633=AXIS2_PLACEMENT_3D('',#2169,#1757,#1758);
#1634=AXIS2_PLACEMENT_3D('',#2172,#1760,#1761);
#1635=AXIS2_PLACEMENT_3D('',#2173,#1762,#1763);
#1636=AXIS2_PLACEMENT_3D('',#2174,#1764,#1765);
#1637=AXIS2_PLACEMENT_3D('',#2176,#1766,#1767);
#1638=AXIS2_PLACEMENT_3D('',#2179,#1769,#1770);
#1639=AXIS2_PLACEMENT_3D('',#2180,#1771,#1772);
#1640=AXIS2_PLACEMENT_3D('',#2181,#1773,#1774);
#1641=AXIS2_PLACEMENT_3D('',#2183,#1775,#1776);
#1642=AXIS2_PLACEMENT_3D('',#2186,#1778,#1779);
#1643=AXIS2_PLACEMENT_3D('',#2187,#1780,#1781);
#1644=AXIS2_PLACEMENT_3D('',#2188,#1782,#1783);
#1645=AXIS2_PLACEMENT_3D('',#2191,#1784,#1785);
#1646=AXIS2_PLACEMENT_3D('',#2195,#1787,#1788);
#1647=AXIS2_PLACEMENT_3D('',#2197,#1790,#1791);
#1648=AXIS2_PLACEMENT_3D('',#2203,#1795,#1796);
#1649=AXIS2_PLACEMENT_3D('',#2206,#1797,#1798);
#1650=AXIS2_PLACEMENT_3D('',#2210,#1800,#1801);
#1651=AXIS2_PLACEMENT_3D('',#2212,#1803,#1804);
#1652=AXIS2_PLACEMENT_3D('',#2218,#1808,#1809);
#1653=AXIS2_PLACEMENT_3D('',#2234,#1817,#1818);
#1654=AXIS2_PLACEMENT_3D('',#2243,#1823,#1824);
#1655=AXIS2_PLACEMENT_3D('',#2255,#1830,#1831);
#1656=AXIS2_PLACEMENT_3D('',#2263,#1835,#1836);
#1657=AXIS2_PLACEMENT_3D('',#2279,#1844,#1845);
#1658=AXIS2_PLACEMENT_3D('',#2287,#1849,#1850);
#1659=AXIS2_PLACEMENT_3D('',#2321,#1868,#1869);
#1660=AXIS2_PLACEMENT_3D('',#2325,#1872,#1873);
#1661=AXIS2_PLACEMENT_3D('',#2366,#1894,#1895);
#1662=AXIS2_PLACEMENT_3D('',#2386,#1905,#1906);
#1663=AXIS2_PLACEMENT_3D('',#2410,#1919,#1920);
#1664=AXIS2_PLACEMENT_3D('',#2416,#1924,#1925);
#1665=AXIS2_PLACEMENT_3D('',#2418,#1926,#1927);
#1666=AXIS2_PLACEMENT_3D('',#2420,#1929,#1930);
#1667=AXIS2_PLACEMENT_3D('',#2424,#1933,#1934);
#1668=AXIS2_PLACEMENT_3D('',#2445,#1947,#1948);
#1669=AXIS2_PLACEMENT_3D('',#2448,#1950,#1951);
#1670=AXIS2_PLACEMENT_3D('',#2449,#1952,#1953);
#1671=AXIS2_PLACEMENT_3D('',#2463,#1962,#1963);
#1672=AXIS2_PLACEMENT_3D('',#2466,#1966,#1967);
#1673=AXIS2_PLACEMENT_3D('',#2472,#1971,#1972);
#1674=AXIS2_PLACEMENT_3D('',#2473,#1973,#1974);
#1675=AXIS2_PLACEMENT_3D('',#2475,#1976,#1977);
#1676=AXIS2_PLACEMENT_3D('',#2477,#1979,#1980);
#1677=AXIS2_PLACEMENT_3D('',#2480,#1982,#1983);
#1678=AXIS2_PLACEMENT_3D('',#2481,#1984,#1985);
#1679=AXIS2_PLACEMENT_3D('',#2500,#1997,#1998);
#1680=AXIS2_PLACEMENT_3D('',#2503,#2001,#2002);
#1681=AXIS2_PLACEMENT_3D('',#2506,#2005,#2006);
#1682=AXIS2_PLACEMENT_3D('',#2509,#2009,#2010);
#1683=AXIS2_PLACEMENT_3D('',#2512,#2013,#2014);
#1684=AXIS2_PLACEMENT_3D('',#2518,#2018,#2019);
#1685=AXIS2_PLACEMENT_3D('',#2519,#2020,#2021);
#1686=AXIS2_PLACEMENT_3D('',#2521,#2023,#2024);
#1687=AXIS2_PLACEMENT_3D('',#2523,#2026,#2027);
#1688=AXIS2_PLACEMENT_3D('',#2526,#2029,#2030);
#1689=AXIS2_PLACEMENT_3D('',#2527,#2031,#2032);
#1690=AXIS2_PLACEMENT_3D('',#2536,#2038,#2039);
#1691=AXIS2_PLACEMENT_3D('',#2539,#2042,#2043);
#1692=AXIS2_PLACEMENT_3D('',#2540,#2044,#2045);
#1693=AXIS2_PLACEMENT_3D('',#2542,#2047,#2048);
#1694=AXIS2_PLACEMENT_3D('',#2544,#2050,#2051);
#1695=AXIS2_PLACEMENT_3D('',#2545,#2052,#2053);
#1696=AXIS2_PLACEMENT_3D('',#2546,#2054,#2055);
#1697=AXIS2_PLACEMENT_3D('',#2549,#2058,#2059);
#1698=AXIS2_PLACEMENT_3D('',#2551,#2061,#2062);
#1699=AXIS2_PLACEMENT_3D('',#2554,#2065,#2066);
#1700=AXIS2_PLACEMENT_3D('',#2556,#2068,#2069);
#1701=AXIS2_PLACEMENT_3D('',#2557,#2070,#2071);
#1702=AXIS2_PLACEMENT_3D('',#2560,#2074,#2075);
#1703=AXIS2_PLACEMENT_3D('',#2561,#2076,#2077);
#1704=AXIS2_PLACEMENT_3D('',#2562,#2078,#2079);
#1705=AXIS2_PLACEMENT_3D('',#2563,#2080,#2081);
#1706=AXIS2_PLACEMENT_3D('',#2564,#2082,#2083);
#1707=AXIS2_PLACEMENT_3D('',#2567,#2086,#2087);
#1708=AXIS2_PLACEMENT_3D('',#2568,#2088,#2089);
#1709=AXIS2_PLACEMENT_3D('',#2569,#2090,#2091);
#1710=AXIS2_PLACEMENT_3D('',#2572,#2094,#2095);
#1711=AXIS2_PLACEMENT_3D('',#2573,#2096,#2097);
#1712=AXIS2_PLACEMENT_3D('',#2574,#2098,#2099);
#1713=AXIS2_PLACEMENT_3D('',#2575,#2100,#2101);
#1714=AXIS2_PLACEMENT_3D('',#2577,#2103,#2104);
#1715=AXIS2_PLACEMENT_3D('',#2578,#2105,#2106);
#1716=AXIS2_PLACEMENT_3D('',#2580,#2108,#2109);
#1717=AXIS2_PLACEMENT_3D('',#2581,#2110,#2111);
#1718=AXIS2_PLACEMENT_3D('',#2582,#2112,#2113);
#1719=AXIS2_PLACEMENT_3D('',#2585,#2116,#2117);
#1720=AXIS2_PLACEMENT_3D('',#2586,#2118,#2119);
#1721=AXIS2_PLACEMENT_3D('',#2587,#2120,#2121);
#1722=AXIS2_PLACEMENT_3D('',#2589,#2123,#2124);
#1723=AXIS2_PLACEMENT_3D('',#2590,#2125,#2126);
#1724=AXIS2_PLACEMENT_3D('',#2591,#2127,#2128);
#1725=AXIS2_PLACEMENT_3D('',#2594,#2131,#2132);
#1726=AXIS2_PLACEMENT_3D('',#2595,#2133,#2134);
#1727=AXIS2_PLACEMENT_3D('',#2596,#2135,#2136);
#1728=AXIS2_PLACEMENT_3D('',#2599,#2139,#2140);
#1729=AXIS2_PLACEMENT_3D('',#2601,#2142,#2143);
#1730=AXIS2_PLACEMENT_3D('',#2603,#2145,#2146);
#1731=AXIS2_PLACEMENT_3D('',#2604,#2147,#2148);
#1732=AXIS2_PLACEMENT_3D('',#2605,#2149,#2150);
#1733=DIRECTION('axis',(0.,0.,1.));
#1734=DIRECTION('refdir',(1.,0.,0.));
#1735=DIRECTION('axis',(0.,0.,1.));
#1736=DIRECTION('refdir',(1.,0.,0.));
#1737=DIRECTION('center_axis',(0.,0.,-1.));
#1738=DIRECTION('ref_axis',(-1.,6.34963366647183E-46,0.));
#1739=DIRECTION('center_axis',(0.,0.,-1.));
#1740=DIRECTION('ref_axis',(-1.,6.34963366647183E-46,0.));
#1741=DIRECTION('',(0.,0.,-1.));
#1742=DIRECTION('center_axis',(-1.95645471448874E-47,5.34377944327119E-24,
-1.));
#1743=DIRECTION('ref_axis',(-1.,6.34963366647183E-46,1.95645471448874E-47));
#1744=DIRECTION('center_axis',(1.95645471448874E-47,-5.34377944327119E-24,
1.));
#1745=DIRECTION('ref_axis',(-1.,6.34963366647183E-46,1.95645471448874E-47));
#1746=DIRECTION('center_axis',(0.,0.,-1.));
#1747=DIRECTION('ref_axis',(-1.,6.34963366647183E-46,0.));
#1748=DIRECTION('center_axis',(0.,0.,-1.));
#1749=DIRECTION('ref_axis',(-1.,6.34963366647183E-46,0.));
#1750=DIRECTION('',(0.,0.,-1.));
#1751=DIRECTION('center_axis',(-1.95645471448874E-47,5.34377944327119E-24,
-1.));
#1752=DIRECTION('ref_axis',(-1.,6.34963366647183E-46,1.95645471448874E-47));
#1753=DIRECTION('center_axis',(1.95645471448874E-47,-5.34377944327119E-24,
1.));
#1754=DIRECTION('ref_axis',(-1.,6.34963366647183E-46,1.95645471448874E-47));
#1755=DIRECTION('center_axis',(0.,0.,-1.));
#1756=DIRECTION('ref_axis',(-1.,6.34963366647183E-46,0.));
#1757=DIRECTION('center_axis',(0.,0.,-1.));
#1758=DIRECTION('ref_axis',(-1.,6.34963366647183E-46,0.));
#1759=DIRECTION('',(0.,0.,-1.));
#1760=DIRECTION('center_axis',(-1.95645471448874E-47,5.34377944327119E-24,
-1.));
#1761=DIRECTION('ref_axis',(-1.,6.34963366647183E-46,1.95645471448874E-47));
#1762=DIRECTION('center_axis',(1.95645471448874E-47,-5.34377944327119E-24,
1.));
#1763=DIRECTION('ref_axis',(-1.,6.34963366647183E-46,1.95645471448874E-47));
#1764=DIRECTION('center_axis',(0.,0.,-1.));
#1765=DIRECTION('ref_axis',(-1.,6.34963366647183E-46,0.));
#1766=DIRECTION('center_axis',(0.,0.,-1.));
#1767=DIRECTION('ref_axis',(-1.,6.34963366647183E-46,0.));
#1768=DIRECTION('',(0.,0.,-1.));
#1769=DIRECTION('center_axis',(-1.95645471448874E-47,5.34377944327119E-24,
-1.));
#1770=DIRECTION('ref_axis',(-1.,6.34963366647183E-46,1.95645471448874E-47));
#1771=DIRECTION('center_axis',(1.95645471448874E-47,-5.34377944327119E-24,
1.));
#1772=DIRECTION('ref_axis',(-1.,6.34963366647183E-46,1.95645471448874E-47));
#1773=DIRECTION('center_axis',(0.,0.,-1.));
#1774=DIRECTION('ref_axis',(-1.,6.34963366647183E-46,0.));
#1775=DIRECTION('center_axis',(0.,0.,-1.));
#1776=DIRECTION('ref_axis',(-1.,6.34963366647183E-46,0.));
#1777=DIRECTION('',(0.,0.,-1.));
#1778=DIRECTION('center_axis',(-1.95645471448874E-47,5.34377944327119E-24,
-1.));
#1779=DIRECTION('ref_axis',(-1.,6.34963366647183E-46,1.95645471448874E-47));
#1780=DIRECTION('center_axis',(1.95645471448874E-47,-5.34377944327119E-24,
1.));
#1781=DIRECTION('ref_axis',(-1.,6.34963366647183E-46,1.95645471448874E-47));
#1782=DIRECTION('center_axis',(0.497542812164523,-0.497542812164523,0.71056477546163));
#1783=DIRECTION('ref_axis',(-0.502445171201215,0.502445171201215,0.703631792824318));
#1784=DIRECTION('center_axis',(0.,0.,-1.));
#1785=DIRECTION('ref_axis',(-0.707106781186548,0.707106781186547,0.));
#1786=DIRECTION('',(0.497542812164523,-0.497542812164523,0.71056477546163));
#1787=DIRECTION('center_axis',(0.,0.,1.));
#1788=DIRECTION('ref_axis',(-0.707106781186548,0.707106781186547,0.));
#1789=DIRECTION('',(-0.497542812164523,0.497542812164523,-0.71056477546163));
#1790=DIRECTION('center_axis',(0.,-0.819152044288992,-0.573576436351046));
#1791=DIRECTION('ref_axis',(1.,0.,0.));
#1792=DIRECTION('',(1.,6.57909940518611E-16,0.));
#1793=DIRECTION('',(0.,0.573576436351046,-0.819152044288992));
#1794=DIRECTION('',(-1.,0.,0.));
#1795=DIRECTION('center_axis',(-0.497542812164523,-0.497542812164523,0.71056477546163));
#1796=DIRECTION('ref_axis',(0.502445171201215,0.502445171201215,0.703631792824318));
#1797=DIRECTION('center_axis',(0.,0.,-1.));
#1798=DIRECTION('ref_axis',(0.707106781186547,0.707106781186547,0.));
#1799=DIRECTION('',(-0.497542812164523,-0.497542812164523,0.71056477546163));
#1800=DIRECTION('center_axis',(0.,0.,1.));
#1801=DIRECTION('ref_axis',(0.707106781186547,0.707106781186547,0.));
#1802=DIRECTION('',(0.497542812164523,0.497542812164523,-0.71056477546163));
#1803=DIRECTION('center_axis',(-0.819152044288992,0.,-0.573576436351046));
#1804=DIRECTION('ref_axis',(0.,-1.,0.));
#1805=DIRECTION('',(0.,-1.,0.));
#1806=DIRECTION('',(0.573576436351046,0.,-0.819152044288992));
#1807=DIRECTION('',(0.,1.,0.));
#1808=DIRECTION('center_axis',(0.,0.,1.));
#1809=DIRECTION('ref_axis',(1.,0.,0.));
#1810=DIRECTION('',(-1.,0.,0.));
#1811=DIRECTION('',(0.,-1.,0.));
#1812=DIRECTION('',(1.,0.,0.));
#1813=DIRECTION('',(0.,1.,0.));
#1814=DIRECTION('',(-1.,0.,0.));
#1815=DIRECTION('',(-1.,0.,0.));
#1816=DIRECTION('',(0.,-1.,0.));
#1817=DIRECTION('center_axis',(0.,0.,-1.));
#1818=DIRECTION('ref_axis',(0.707106781186549,0.707106781186546,0.));
#1819=DIRECTION('',(1.,0.,0.));
#1820=DIRECTION('',(0.,1.,0.));
#1821=DIRECTION('',(0.,-1.,0.));
#1822=DIRECTION('',(1.,0.,0.));
#1823=DIRECTION('center_axis',(0.,0.,-1.));
#1824=DIRECTION('ref_axis',(-0.707106781186549,0.707106781186547,0.));
#1825=DIRECTION('',(0.,1.,0.));
#1826=DIRECTION('',(-1.,0.,0.));
#1827=DIRECTION('',(5.84327907697451E-17,-1.,0.));
#1828=DIRECTION('',(1.,0.,0.));
#1829=DIRECTION('',(0.,1.,0.));
#1830=DIRECTION('center_axis',(0.,0.,1.));
#1831=DIRECTION('ref_axis',(0.707106781186548,-0.707106781186547,0.));
#1832=DIRECTION('',(1.,0.,0.));
#1833=DIRECTION('',(0.,1.,0.));
#1834=DIRECTION('',(-1.,0.,0.));
#1835=DIRECTION('center_axis',(0.,0.,-1.));
#1836=DIRECTION('ref_axis',(0.707106781186547,-0.707106781186547,0.));
#1837=DIRECTION('',(0.,-1.,0.));
#1838=DIRECTION('',(0.,-1.,0.));
#1839=DIRECTION('',(1.,1.11022302462516E-16,0.));
#1840=DIRECTION('',(0.,1.,0.));
#1841=DIRECTION('',(-1.,0.,0.));
#1842=DIRECTION('',(0.,-1.,0.));
#1843=DIRECTION('',(1.,0.,0.));
#1844=DIRECTION('center_axis',(0.,0.,1.));
#1845=DIRECTION('ref_axis',(-0.707106781186548,-0.707106781186547,0.));
#1846=DIRECTION('',(0.,-1.,0.));
#1847=DIRECTION('',(1.,0.,0.));
#1848=DIRECTION('',(0.,1.,0.));
#1849=DIRECTION('center_axis',(0.,0.,-1.));
#1850=DIRECTION('ref_axis',(-0.707106781186547,-0.707106781186548,0.));
#1851=DIRECTION('',(-1.,0.,0.));
#1852=DIRECTION('',(-1.,0.,0.));
#1853=DIRECTION('',(0.,-1.,0.));
#1854=DIRECTION('',(1.,0.,0.));
#1855=DIRECTION('',(0.,1.,0.));
#1856=DIRECTION('',(-1.,0.,0.));
#1857=DIRECTION('',(0.,-1.,0.));
#1858=DIRECTION('',(1.,0.,0.));
#1859=DIRECTION('',(0.,1.,0.));
#1860=DIRECTION('',(1.,0.,0.));
#1861=DIRECTION('',(0.,1.,0.));
#1862=DIRECTION('',(-1.,0.,0.));
#1863=DIRECTION('',(0.,-1.,0.));
#1864=DIRECTION('',(1.,0.,0.));
#1865=DIRECTION('',(0.,1.,0.));
#1866=DIRECTION('',(-1.,0.,0.));
#1867=DIRECTION('',(0.,-1.,0.));
#1868=DIRECTION('center_axis',(0.819152044288992,4.78653400125476E-17,-0.573576436351046));
#1869=DIRECTION('ref_axis',(-5.84327907697451E-17,1.,0.));
#1870=DIRECTION('',(0.573576436351046,0.,0.819152044288992));
#1871=DIRECTION('',(-5.84327907697451E-17,1.,0.));
#1872=DIRECTION('center_axis',(0.,0.,1.));
#1873=DIRECTION('ref_axis',(1.,0.,0.));
#1874=DIRECTION('',(-1.,0.,0.));
#1875=DIRECTION('',(0.,1.,0.));
#1876=DIRECTION('',(1.,0.,0.));
#1877=DIRECTION('',(0.,-1.,0.));
#1878=DIRECTION('',(1.,0.,0.));
#1879=DIRECTION('',(0.,1.,0.));
#1880=DIRECTION('',(-1.,0.,0.));
#1881=DIRECTION('',(0.,-1.,0.));
#1882=DIRECTION('',(-1.,0.,0.));
#1883=DIRECTION('',(0.,-1.,0.));
#1884=DIRECTION('',(1.,0.,0.));
#1885=DIRECTION('',(0.,1.,0.));
#1886=DIRECTION('',(-1.,0.,0.));
#1887=DIRECTION('',(0.,-1.,0.));
#1888=DIRECTION('',(1.,0.,0.));
#1889=DIRECTION('',(0.,1.,0.));
#1890=DIRECTION('',(-1.,0.,0.));
#1891=DIRECTION('',(0.,-1.,0.));
#1892=DIRECTION('',(1.,0.,0.));
#1893=DIRECTION('',(0.,1.,0.));
#1894=DIRECTION('center_axis',(0.,0.,-1.));
#1895=DIRECTION('ref_axis',(-0.707106781186548,-0.707106781186547,0.));
#1896=DIRECTION('',(-1.,0.,0.));
#1897=DIRECTION('',(0.,-1.,0.));
#1898=DIRECTION('',(1.,0.,0.));
#1899=DIRECTION('',(0.,1.,0.));
#1900=DIRECTION('',(-1.,-1.11022302462516E-16,0.));
#1901=DIRECTION('',(0.,-1.,0.));
#1902=DIRECTION('',(1.,0.,0.));
#1903=DIRECTION('',(0.,1.,0.));
#1904=DIRECTION('',(-1.,0.,0.));
#1905=DIRECTION('center_axis',(0.,0.,-1.));
#1906=DIRECTION('ref_axis',(0.707106781186548,-0.707106781186547,0.));
#1907=DIRECTION('',(0.,-1.,0.));
#1908=DIRECTION('',(1.,0.,0.));
#1909=DIRECTION('',(0.,1.,0.));
#1910=DIRECTION('',(-1.,0.,0.));
#1911=DIRECTION('',(0.,-1.,0.));
#1912=DIRECTION('',(1.,0.,0.));
#1913=DIRECTION('',(0.,1.,0.));
#1914=DIRECTION('',(-1.,0.,0.));
#1915=DIRECTION('',(0.,-1.,0.));
#1916=DIRECTION('',(1.,0.,0.));
#1917=DIRECTION('',(0.,1.,0.));
#1918=DIRECTION('',(-1.,0.,0.));
#1919=DIRECTION('center_axis',(0.,-0.707106781186548,0.707106781186547));
#1920=DIRECTION('ref_axis',(1.,0.,0.));
#1921=DIRECTION('',(0.,0.707106781186547,0.707106781186548));
#1922=DIRECTION('',(1.,0.,0.));
#1923=DIRECTION('',(0.,0.707106781186547,0.707106781186548));
#1924=DIRECTION('center_axis',(0.,0.,-1.));
#1925=DIRECTION('ref_axis',(0.707106781186548,-0.707106781186548,0.));
#1926=DIRECTION('center_axis',(0.,0.,1.));
#1927=DIRECTION('ref_axis',(0.707106781186548,-0.707106781186548,0.));
#1928=DIRECTION('',(-0.707106781186546,0.,0.707106781186549));
#1929=DIRECTION('center_axis',(0.707106781186547,0.,0.707106781186548));
#1930=DIRECTION('ref_axis',(0.707106781186548,0.,-0.707106781186547));
#1931=DIRECTION('',(0.707106781186548,0.,-0.707106781186547));
#1932=DIRECTION('',(0.,1.,0.));
#1933=DIRECTION('center_axis',(1.,0.,0.));
#1934=DIRECTION('ref_axis',(0.,1.,0.));
#1935=DIRECTION('',(0.,0.,1.));
#1936=DIRECTION('',(0.,-1.,0.));
#1937=DIRECTION('',(0.,0.,-1.));
#1938=DIRECTION('',(0.,1.,0.));
#1939=DIRECTION('',(0.,0.,1.));
#1940=DIRECTION('',(0.,0.,1.));
#1941=DIRECTION('',(0.,1.,0.));
#1942=DIRECTION('',(0.,0.,1.));
#1943=DIRECTION('',(0.,0.,1.));
#1944=DIRECTION('',(0.,1.,0.));
#1945=DIRECTION('',(0.,0.,1.));
#1946=DIRECTION('',(0.,0.,1.));
#1947=DIRECTION('center_axis',(0.,0.,1.));
#1948=DIRECTION('ref_axis',(0.707106781186548,-0.707106781186548,0.));
#1949=DIRECTION('',(0.,0.,-1.));
#1950=DIRECTION('center_axis',(0.,0.,1.));
#1951=DIRECTION('ref_axis',(0.707106781186548,-0.707106781186548,0.));
#1952=DIRECTION('center_axis',(0.,-1.,0.));
#1953=DIRECTION('ref_axis',(1.,0.,0.));
#1954=DIRECTION('',(0.,0.,1.));
#1955=DIRECTION('',(0.,0.,1.));
#1956=DIRECTION('',(1.,0.,0.));
#1957=DIRECTION('',(0.,0.,1.));
#1958=DIRECTION('',(0.,0.,1.));
#1959=DIRECTION('',(1.,0.,0.));
#1960=DIRECTION('',(0.,0.,1.));
#1961=DIRECTION('',(-1.,0.,0.));
#1962=DIRECTION('center_axis',(0.,-0.707106781186548,0.707106781186547));
#1963=DIRECTION('ref_axis',(1.,0.,0.));
#1964=DIRECTION('',(0.,0.707106781186547,0.707106781186548));
#1965=DIRECTION('',(0.,-0.707106781186547,-0.707106781186548));
#1966=DIRECTION('center_axis',(-0.707106781186548,0.,0.707106781186547));
#1967=DIRECTION('ref_axis',(0.707106781186547,0.,0.707106781186548));
#1968=DIRECTION('',(0.707106781186547,0.,0.707106781186548));
#1969=DIRECTION('',(0.,-1.,0.));
#1970=DIRECTION('',(0.707106781186547,0.,0.707106781186548));
#1971=DIRECTION('center_axis',(0.,0.,-1.));
#1972=DIRECTION('ref_axis',(-0.707106781186547,-0.707106781186548,0.));
#1973=DIRECTION('center_axis',(0.,0.,1.));
#1974=DIRECTION('ref_axis',(-0.707106781186547,-0.707106781186548,0.));
#1975=DIRECTION('',(0.,0.707106781186548,0.707106781186547));
#1976=DIRECTION('center_axis',(0.,-0.707106781186548,0.707106781186547));
#1977=DIRECTION('ref_axis',(1.,0.,0.));
#1978=DIRECTION('',(0.,-0.707106781186547,-0.707106781186548));
#1979=DIRECTION('center_axis',(0.,0.,1.));
#1980=DIRECTION('ref_axis',(-0.707106781186547,-0.707106781186548,0.));
#1981=DIRECTION('',(0.,0.,-1.));
#1982=DIRECTION('center_axis',(0.,0.,1.));
#1983=DIRECTION('ref_axis',(-0.707106781186547,-0.707106781186548,0.));
#1984=DIRECTION('center_axis',(-1.,0.,0.));
#1985=DIRECTION('ref_axis',(0.,-1.,0.));
#1986=DIRECTION('',(0.,0.,1.));
#1987=DIRECTION('',(0.,0.,1.));
#1988=DIRECTION('',(0.,-1.,0.));
#1989=DIRECTION('',(0.,0.,1.));
#1990=DIRECTION('',(0.,0.,1.));
#1991=DIRECTION('',(0.,-1.,0.));
#1992=DIRECTION('',(0.,0.,1.));
#1993=DIRECTION('',(0.,0.,1.));
#1994=DIRECTION('',(0.,-1.,0.));
#1995=DIRECTION('',(0.,0.,1.));
#1996=DIRECTION('',(0.,1.,0.));
#1997=DIRECTION('center_axis',(-0.707106781186548,0.,0.707106781186547));
#1998=DIRECTION('ref_axis',(0.707106781186547,0.,0.707106781186548));
#1999=DIRECTION('',(0.707106781186547,0.,0.707106781186548));
#2000=DIRECTION('',(-0.707106781186547,0.,-0.707106781186548));
#2001=DIRECTION('center_axis',(-0.707106781186548,0.,0.707106781186547));
#2002=DIRECTION('ref_axis',(0.707106781186547,0.,0.707106781186548));
#2003=DIRECTION('',(0.707106781186547,0.,0.707106781186548));
#2004=DIRECTION('',(-0.707106781186547,0.,-0.707106781186548));
#2005=DIRECTION('center_axis',(0.707106781186547,0.,0.707106781186548));
#2006=DIRECTION('ref_axis',(0.707106781186548,0.,-0.707106781186547));
#2007=DIRECTION('',(-0.707106781186548,0.,0.707106781186547));
#2008=DIRECTION('',(0.707106781186548,0.,-0.707106781186547));
#2009=DIRECTION('center_axis',(0.707106781186547,0.,0.707106781186548));
#2010=DIRECTION('ref_axis',(0.707106781186548,0.,-0.707106781186547));
#2011=DIRECTION('',(-0.707106781186548,0.,0.707106781186547));
#2012=DIRECTION('',(0.707106781186548,0.,-0.707106781186547));
#2013=DIRECTION('center_axis',(0.,0.707106781186549,0.707106781186546));
#2014=DIRECTION('ref_axis',(1.,0.,0.));
#2015=DIRECTION('',(0.,-0.707106781186546,0.707106781186549));
#2016=DIRECTION('',(-1.,0.,0.));
#2017=DIRECTION('',(0.,-0.707106781186546,0.707106781186549));
#2018=DIRECTION('center_axis',(0.,0.,-1.));
#2019=DIRECTION('ref_axis',(-0.707106781186549,0.707106781186546,0.));
#2020=DIRECTION('center_axis',(0.,0.,1.));
#2021=DIRECTION('ref_axis',(-0.707106781186549,0.707106781186546,0.));
#2022=DIRECTION('',(0.707106781186547,0.,0.707106781186548));
#2023=DIRECTION('center_axis',(-0.707106781186548,0.,0.707106781186547));
#2024=DIRECTION('ref_axis',(0.707106781186547,0.,0.707106781186548));
#2025=DIRECTION('',(-0.707106781186547,0.,-0.707106781186548));
#2026=DIRECTION('center_axis',(0.,0.,1.));
#2027=DIRECTION('ref_axis',(-0.707106781186549,0.707106781186546,0.));
#2028=DIRECTION('',(0.,0.,-1.));
#2029=DIRECTION('center_axis',(0.,0.,1.));
#2030=DIRECTION('ref_axis',(-0.707106781186549,0.707106781186546,0.));
#2031=DIRECTION('center_axis',(0.,1.,0.));
#2032=DIRECTION('ref_axis',(-1.,0.,0.));
#2033=DIRECTION('',(0.,0.,1.));
#2034=DIRECTION('',(0.,0.,1.));
#2035=DIRECTION('',(-1.,0.,0.));
#2036=DIRECTION('',(0.,0.,1.));
#2037=DIRECTION('',(1.,0.,0.));
#2038=DIRECTION('center_axis',(0.707106781186547,0.,0.707106781186548));
#2039=DIRECTION('ref_axis',(0.707106781186548,0.,-0.707106781186547));
#2040=DIRECTION('',(-0.707106781186548,0.,0.707106781186547));
#2041=DIRECTION('',(-0.707106781186548,0.,0.707106781186547));
#2042=DIRECTION('center_axis',(0.,0.,-1.));
#2043=DIRECTION('ref_axis',(0.707106781186549,0.707106781186546,0.));
#2044=DIRECTION('center_axis',(0.,0.,1.));
#2045=DIRECTION('ref_axis',(0.707106781186549,0.707106781186546,0.));
#2046=DIRECTION('',(0.,-0.707106781186546,0.707106781186549));
#2047=DIRECTION('center_axis',(0.,0.707106781186549,0.707106781186546));
#2048=DIRECTION('ref_axis',(1.,0.,0.));
#2049=DIRECTION('',(0.,0.707106781186546,-0.707106781186549));
#2050=DIRECTION('center_axis',(0.,0.,1.));
#2051=DIRECTION('ref_axis',(0.707106781186549,0.707106781186546,0.));
#2052=DIRECTION('center_axis',(0.,0.,1.));
#2053=DIRECTION('ref_axis',(0.707106781186549,0.707106781186546,0.));
#2054=DIRECTION('center_axis',(0.,0.,-1.));
#2055=DIRECTION('ref_axis',(-0.707106781186548,-0.707106781186547,0.));
#2056=DIRECTION('',(0.573576436351046,0.,0.819152044288992));
#2057=DIRECTION('',(0.,-0.573576436351046,-0.819152044288992));
#2058=DIRECTION('center_axis',(0.819152044288992,0.,-0.573576436351046));
#2059=DIRECTION('ref_axis',(0.,1.,0.));
#2060=DIRECTION('',(-0.573576436351046,0.,-0.819152044288992));
#2061=DIRECTION('center_axis',(0.,0.,-1.));
#2062=DIRECTION('ref_axis',(0.707106781186548,-0.707106781186547,0.));
#2063=DIRECTION('',(0.,0.573576436351046,0.819152044288992));
#2064=DIRECTION('',(0.573576436351046,0.,-0.819152044288992));
#2065=DIRECTION('center_axis',(0.,0.819152044288992,-0.573576436351046));
#2066=DIRECTION('ref_axis',(-1.,0.,0.));
#2067=DIRECTION('',(0.,-0.573576436351046,-0.819152044288992));
#2068=DIRECTION('center_axis',(0.,0.,-1.));
#2069=DIRECTION('ref_axis',(-1.,0.,0.));
#2070=DIRECTION('center_axis',(0.819152044288992,0.,-0.573576436351046));
#2071=DIRECTION('ref_axis',(0.,1.,0.));
#2072=DIRECTION('',(-0.573576436351046,0.,-0.819152044288992));
#2073=DIRECTION('',(0.573576436351046,0.,0.819152044288992));
#2074=DIRECTION('center_axis',(0.,1.,0.));
#2075=DIRECTION('ref_axis',(-1.,0.,0.));
#2076=DIRECTION('center_axis',(0.,-1.,0.));
#2077=DIRECTION('ref_axis',(1.,0.,0.));
#2078=DIRECTION('center_axis',(0.,1.,0.));
#2079=DIRECTION('ref_axis',(-1.,0.,0.));
#2080=DIRECTION('center_axis',(-1.,0.,0.));
#2081=DIRECTION('ref_axis',(0.,-1.,0.));
#2082=DIRECTION('center_axis',(-0.819152044288992,0.,-0.573576436351046));
#2083=DIRECTION('ref_axis',(0.,-1.,0.));
#2084=DIRECTION('',(0.573576436351046,0.,-0.819152044288992));
#2085=DIRECTION('',(-0.573576436351046,0.,0.819152044288992));
#2086=DIRECTION('center_axis',(0.,-1.,0.));
#2087=DIRECTION('ref_axis',(1.,0.,0.));
#2088=DIRECTION('center_axis',(0.,1.,0.));
#2089=DIRECTION('ref_axis',(-1.,0.,0.));
#2090=DIRECTION('center_axis',(0.819152044288992,0.,-0.573576436351046));
#2091=DIRECTION('ref_axis',(0.,1.,0.));
#2092=DIRECTION('',(-0.573576436351046,0.,-0.819152044288992));
#2093=DIRECTION('',(0.573576436351046,0.,0.819152044288992));
#2094=DIRECTION('center_axis',(0.,1.,0.));
#2095=DIRECTION('ref_axis',(-1.,0.,0.));
#2096=DIRECTION('center_axis',(0.,-1.,0.));
#2097=DIRECTION('ref_axis',(1.,0.,0.));
#2098=DIRECTION('center_axis',(0.,-1.,0.));
#2099=DIRECTION('ref_axis',(1.,0.,0.));
#2100=DIRECTION('center_axis',(0.,0.819152044288992,-0.573576436351046));
#2101=DIRECTION('ref_axis',(-1.,0.,0.));
#2102=DIRECTION('',(0.,0.573576436351046,0.819152044288992));
#2103=DIRECTION('center_axis',(-1.,0.,0.));
#2104=DIRECTION('ref_axis',(0.,-1.,0.));
#2105=DIRECTION('center_axis',(-0.819152044288992,0.,-0.573576436351046));
#2106=DIRECTION('ref_axis',(0.,-1.,0.));
#2107=DIRECTION('',(-0.573576436351046,0.,0.819152044288992));
#2108=DIRECTION('center_axis',(0.,-1.,0.));
#2109=DIRECTION('ref_axis',(1.,0.,0.));
#2110=DIRECTION('center_axis',(1.,0.,0.));
#2111=DIRECTION('ref_axis',(0.,1.,0.));
#2112=DIRECTION('center_axis',(-9.09441460238405E-17,0.819152044288992,
-0.573576436351046));
#2113=DIRECTION('ref_axis',(-1.,-1.11022302462516E-16,0.));
#2114=DIRECTION('',(0.,-0.573576436351046,-0.819152044288992));
#2115=DIRECTION('',(0.,0.573576436351046,0.819152044288992));
#2116=DIRECTION('center_axis',(-1.,0.,0.));
#2117=DIRECTION('ref_axis',(0.,-1.,0.));
#2118=DIRECTION('center_axis',(1.,0.,0.));
#2119=DIRECTION('ref_axis',(0.,1.,0.));
#2120=DIRECTION('center_axis',(0.,-0.819152044288992,-0.573576436351046));
#2121=DIRECTION('ref_axis',(1.,0.,0.));
#2122=DIRECTION('',(0.,-0.573576436351046,0.819152044288992));
#2123=DIRECTION('center_axis',(1.,0.,0.));
#2124=DIRECTION('ref_axis',(0.,1.,0.));
#2125=DIRECTION('center_axis',(0.,1.,0.));
#2126=DIRECTION('ref_axis',(-1.,0.,0.));
#2127=DIRECTION('center_axis',(-0.819152044288992,0.,-0.573576436351046));
#2128=DIRECTION('ref_axis',(0.,-1.,0.));
#2129=DIRECTION('',(0.573576436351046,0.,-0.819152044288992));
#2130=DIRECTION('',(-0.573576436351046,0.,0.819152044288992));
#2131=DIRECTION('center_axis',(0.,-1.,0.));
#2132=DIRECTION('ref_axis',(1.,0.,0.));
#2133=DIRECTION('center_axis',(0.,1.,0.));
#2134=DIRECTION('ref_axis',(-1.,0.,0.));
#2135=DIRECTION('center_axis',(-1.,0.,0.));
#2136=DIRECTION('ref_axis',(0.,-1.,0.));
#2137=DIRECTION('',(0.,0.,1.));
#2138=DIRECTION('',(0.,0.,1.));
#2139=DIRECTION('center_axis',(0.,1.,0.));
#2140=DIRECTION('ref_axis',(-1.,0.,0.));
#2141=DIRECTION('',(0.,0.,1.));
#2142=DIRECTION('center_axis',(1.,0.,0.));
#2143=DIRECTION('ref_axis',(0.,1.,0.));
#2144=DIRECTION('',(0.,0.,1.));
#2145=DIRECTION('center_axis',(0.,-1.,0.));
#2146=DIRECTION('ref_axis',(1.,0.,0.));
#2147=DIRECTION('',(0.,0.,1.));
#2148=DIRECTION('',(1.,0.,0.));
#2149=DIRECTION('center_axis',(0.,0.,1.));
#2150=DIRECTION('ref_axis',(1.,0.,0.));
#2151=CARTESIAN_POINT('',(0.,0.,0.));
#2152=CARTESIAN_POINT('',(0.,0.,0.));
#2153=CARTESIAN_POINT('Origin',(62.,35.,2.5));
#2154=CARTESIAN_POINT('',(63.75,35.,2.5));
#2155=CARTESIAN_POINT('Origin',(62.,35.,2.5));
#2156=CARTESIAN_POINT('',(63.75,35.,-2.5));
#2157=CARTESIAN_POINT('',(63.75,35.,2.5));
#2158=CARTESIAN_POINT('Origin',(62.,35.,-2.5));
#2159=CARTESIAN_POINT('Origin',(62.,35.,-2.5));
#2160=CARTESIAN_POINT('Origin',(10.,72.0000011473894,2.5));
#2161=CARTESIAN_POINT('',(11.75,72.0000011473894,2.5));
#2162=CARTESIAN_POINT('Origin',(10.,72.0000011473894,2.5));
#2163=CARTESIAN_POINT('',(11.75,72.0000011473894,-2.5));
#2164=CARTESIAN_POINT('',(11.75,72.0000011473894,2.5));
#2165=CARTESIAN_POINT('Origin',(10.,72.0000011473894,-2.5));
#2166=CARTESIAN_POINT('Origin',(10.,72.0000011473894,-2.5));
#2167=CARTESIAN_POINT('Origin',(62.,72.,2.5));
#2168=CARTESIAN_POINT('',(63.75,72.,2.5));
#2169=CARTESIAN_POINT('Origin',(62.,72.,2.5));
#2170=CARTESIAN_POINT('',(63.75,72.,-2.5));
#2171=CARTESIAN_POINT('',(63.75,72.,2.5));
#2172=CARTESIAN_POINT('Origin',(62.,72.,-2.5));
#2173=CARTESIAN_POINT('Origin',(62.,72.,-2.5));
#2174=CARTESIAN_POINT('Origin',(10.,35.,2.5));
#2175=CARTESIAN_POINT('',(11.75,35.,2.5));
#2176=CARTESIAN_POINT('Origin',(10.,35.,2.5));
#2177=CARTESIAN_POINT('',(11.75,35.,-2.5));
#2178=CARTESIAN_POINT('',(11.75,35.,2.5));
#2179=CARTESIAN_POINT('Origin',(10.,35.,-2.5));
#2180=CARTESIAN_POINT('Origin',(10.,35.,-2.5));
#2181=CARTESIAN_POINT('Origin',(36.,134.,2.5));
#2182=CARTESIAN_POINT('',(37.75,134.,2.5));
#2183=CARTESIAN_POINT('Origin',(36.,134.,2.5));
#2184=CARTESIAN_POINT('',(37.75,134.,-2.5));
#2185=CARTESIAN_POINT('',(37.75,134.,2.5));
#2186=CARTESIAN_POINT('Origin',(36.,134.,-2.5));
#2187=CARTESIAN_POINT('Origin',(36.,134.,-2.5));
#2188=CARTESIAN_POINT('Origin',(13.3968553894325,130.603144610567,6.44631311157753));
#2189=CARTESIAN_POINT('',(4.,136.723391822844,0.));
#2190=CARTESIAN_POINT('',(7.27660817715597,140.,0.));
#2191=CARTESIAN_POINT('Origin',(8.88309835504582,135.116901644954,0.));
#2192=CARTESIAN_POINT('',(9.02712702268024,138.249481154476,2.5));
#2193=CARTESIAN_POINT('',(13.3968553894325,133.879752787723,8.74061885698171));
#2194=CARTESIAN_POINT('',(5.75051884552428,134.97287297732,2.5));
#2195=CARTESIAN_POINT('Origin',(10.6336172005701,133.36638279943,2.5));
#2196=CARTESIAN_POINT('',(10.1202472122765,130.603144610567,8.74061885698171));
#2197=CARTESIAN_POINT('Origin',(41.,140.,0.));
#2198=CARTESIAN_POINT('',(31.,140.,0.));
#2199=CARTESIAN_POINT('',(31.,140.,0.));
#2200=CARTESIAN_POINT('',(31.,138.249481154476,2.5));
#2201=CARTESIAN_POINT('',(31.,140.,-4.17307353466749E-15));
#2202=CARTESIAN_POINT('',(38.5,138.249481154476,2.5));
#2203=CARTESIAN_POINT('Origin',(62.1926029346479,134.192602934648,1.32003536075816));
#2204=CARTESIAN_POINT('',(64.723391822844,140.,0.));
#2205=CARTESIAN_POINT('',(68.,136.723391822844,0.));
#2206=CARTESIAN_POINT('Origin',(63.1169016449542,135.116901644954,0.));
#2207=CARTESIAN_POINT('',(66.2494811544757,134.97287297732,2.5));
#2208=CARTESIAN_POINT('',(65.4692111118039,134.192602934648,3.61434110616235));
#2209=CARTESIAN_POINT('',(62.9728729773198,138.249481154476,2.5));
#2210=CARTESIAN_POINT('Origin',(61.3663827994299,133.36638279943,2.5));
#2211=CARTESIAN_POINT('',(62.1926029346479,137.469211111804,3.61434110616234));
#2212=CARTESIAN_POINT('Origin',(68.,140.,0.));
#2213=CARTESIAN_POINT('',(68.,121.,0.));
#2214=CARTESIAN_POINT('',(68.,121.,0.));
#2215=CARTESIAN_POINT('',(66.2494811544757,121.,2.5));
#2216=CARTESIAN_POINT('',(68.,121.,0.));
#2217=CARTESIAN_POINT('',(66.2494811544757,106.,2.5));
#2218=CARTESIAN_POINT('Origin',(36.,72.,2.5));
#2219=CARTESIAN_POINT('',(72.,144.,2.5));
#2220=CARTESIAN_POINT('',(0.,144.,2.5));
#2221=CARTESIAN_POINT('',(72.,144.,2.5));
#2222=CARTESIAN_POINT('',(0.,0.,2.5));
#2223=CARTESIAN_POINT('',(0.,144.,2.5));
#2224=CARTESIAN_POINT('',(72.,0.,2.5));
#2225=CARTESIAN_POINT('',(0.,0.,2.5));
#2226=CARTESIAN_POINT('',(72.,0.,2.5));
#2227=CARTESIAN_POINT('',(41.,138.249481154476,2.5));
#2228=CARTESIAN_POINT('',(38.5,138.249481154476,2.5));
#2229=CARTESIAN_POINT('',(64.,121.,2.5));
#2230=CARTESIAN_POINT('',(66.,121.,2.5));
#2231=CARTESIAN_POINT('',(64.,134.,2.5));
#2232=CARTESIAN_POINT('',(64.,96.5,2.5));
#2233=CARTESIAN_POINT('',(62.,136.,2.5));
#2234=CARTESIAN_POINT('Origin',(62.,134.,2.5));
#2235=CARTESIAN_POINT('',(41.,136.,2.5));
#2236=CARTESIAN_POINT('',(51.,136.,2.5));
#2237=CARTESIAN_POINT('',(41.,144.,2.5));
#2238=CARTESIAN_POINT('',(31.,136.,2.5));
#2239=CARTESIAN_POINT('',(31.,138.,2.5));
#2240=CARTESIAN_POINT('',(10.,136.,2.5));
#2241=CARTESIAN_POINT('',(51.,136.,2.5));
#2242=CARTESIAN_POINT('',(8.,134.,2.5));
#2243=CARTESIAN_POINT('Origin',(10.,134.,2.5));
#2244=CARTESIAN_POINT('',(8.,121.,2.5));
#2245=CARTESIAN_POINT('',(8.,105.,2.5));
#2246=CARTESIAN_POINT('',(5.75051884552428,121.,2.5));
#2247=CARTESIAN_POINT('',(0.,121.,2.5));
#2248=CARTESIAN_POINT('',(5.75051884552428,96.5,2.5));
#2249=CARTESIAN_POINT('',(64.,11.0000001639128,2.5));
#2250=CARTESIAN_POINT('',(66.2494821677547,11.0000001639128,2.5));
#2251=CARTESIAN_POINT('',(68.000001013279,11.0000001639128,2.5));
#2252=CARTESIAN_POINT('',(66.2494821677547,8.00000005960464,2.5));
#2253=CARTESIAN_POINT('',(66.2494821677547,41.5000000819564,2.5));
#2254=CARTESIAN_POINT('',(64.000001013279,5.75051890512892,2.5));
#2255=CARTESIAN_POINT('Origin',(64.000001013279,8.00000005960464,2.5));
#2256=CARTESIAN_POINT('',(51.,5.75051890512892,2.5));
#2257=CARTESIAN_POINT('',(52.0000005066395,5.75051890512892,2.5));
#2258=CARTESIAN_POINT('',(51.,7.99999999999998,2.5));
#2259=CARTESIAN_POINT('',(51.,5.99999999999998,2.5));
#2260=CARTESIAN_POINT('',(62.,7.99999999999998,2.5));
#2261=CARTESIAN_POINT('',(43.5,7.99999999999998,2.5));
#2262=CARTESIAN_POINT('',(64.,9.99999999999998,2.5));
#2263=CARTESIAN_POINT('Origin',(62.,9.99999999999998,2.5));
#2264=CARTESIAN_POINT('',(64.,96.5,2.5));
#2265=CARTESIAN_POINT('',(46.,7.99999999999998,2.5));
#2266=CARTESIAN_POINT('',(46.,5.75051884552426,2.5));
#2267=CARTESIAN_POINT('',(46.,0.,2.5));
#2268=CARTESIAN_POINT('',(26.,5.75051884552425,2.5));
#2269=CARTESIAN_POINT('',(41.,5.75051884552426,2.5));
#2270=CARTESIAN_POINT('',(26.,7.99999999999998,2.5));
#2271=CARTESIAN_POINT('',(26.,5.99999999999998,2.5));
#2272=CARTESIAN_POINT('',(43.5,7.99999999999998,2.5));
#2273=CARTESIAN_POINT('',(21.,7.99999999999998,2.5));
#2274=CARTESIAN_POINT('',(21.,5.75051890512892,2.5));
#2275=CARTESIAN_POINT('',(21.,0.,2.5));
#2276=CARTESIAN_POINT('',(8.00000005960464,5.75051890512892,2.5));
#2277=CARTESIAN_POINT('',(28.5000001564622,5.75051890512892,2.5));
#2278=CARTESIAN_POINT('',(5.75051890512892,8.00000005960464,2.5));
#2279=CARTESIAN_POINT('Origin',(8.00000005960464,8.00000005960464,2.5));
#2280=CARTESIAN_POINT('',(5.75051890512892,11.,2.5));
#2281=CARTESIAN_POINT('',(5.75051890512892,38.0000000298023,2.5));
#2282=CARTESIAN_POINT('',(8.,11.,2.5));
#2283=CARTESIAN_POINT('',(4.00000005960464,11.,2.5));
#2284=CARTESIAN_POINT('',(8.,9.99999999999998,2.5));
#2285=CARTESIAN_POINT('',(8.,105.,2.5));
#2286=CARTESIAN_POINT('',(10.,7.99999999999998,2.5));
#2287=CARTESIAN_POINT('Origin',(10.,9.99999999999998,2.5));
#2288=CARTESIAN_POINT('',(43.5,7.99999999999998,2.5));
#2289=CARTESIAN_POINT('',(8.,99.,2.5));
#2290=CARTESIAN_POINT('',(5.75051884552428,99.,2.5));
#2291=CARTESIAN_POINT('',(0.,99.,2.5));
#2292=CARTESIAN_POINT('',(5.75051884552428,116.,2.5));
#2293=CARTESIAN_POINT('',(5.75051884552428,85.5,2.5));
#2294=CARTESIAN_POINT('',(8.,116.,2.5));
#2295=CARTESIAN_POINT('',(6.,116.,2.5));
#2296=CARTESIAN_POINT('',(8.,105.,2.5));
#2297=CARTESIAN_POINT('',(8.,77.,2.5));
#2298=CARTESIAN_POINT('',(5.75051884552428,77.,2.5));
#2299=CARTESIAN_POINT('',(0.,77.,2.5));
#2300=CARTESIAN_POINT('',(5.75051884552428,94.,2.5));
#2301=CARTESIAN_POINT('',(5.75051884552428,74.5,2.5));
#2302=CARTESIAN_POINT('',(8.,94.,2.5));
#2303=CARTESIAN_POINT('',(6.,94.,2.5));
#2304=CARTESIAN_POINT('',(8.,105.,2.5));
#2305=CARTESIAN_POINT('',(64.,94.,2.5));
#2306=CARTESIAN_POINT('',(66.2494811544757,94.,2.5));
#2307=CARTESIAN_POINT('',(66.,94.,2.5));
#2308=CARTESIAN_POINT('',(66.2494811544757,77.,2.5));
#2309=CARTESIAN_POINT('',(66.2494811544757,83.,2.5));
#2310=CARTESIAN_POINT('',(64.,77.,2.5));
#2311=CARTESIAN_POINT('',(68.,77.,2.5));
#2312=CARTESIAN_POINT('',(64.,96.5,2.5));
#2313=CARTESIAN_POINT('',(64.,116.,2.5));
#2314=CARTESIAN_POINT('',(66.2494811544757,116.,2.5));
#2315=CARTESIAN_POINT('',(66.,116.,2.5));
#2316=CARTESIAN_POINT('',(66.2494811544757,99.,2.5));
#2317=CARTESIAN_POINT('',(66.2494811544757,94.,2.5));
#2318=CARTESIAN_POINT('',(64.,99.,2.5));
#2319=CARTESIAN_POINT('',(68.,99.,2.5));
#2320=CARTESIAN_POINT('',(64.,96.5,2.5));
#2321=CARTESIAN_POINT('Origin',(4.,121.,0.));
#2322=CARTESIAN_POINT('',(4.,121.,0.));
#2323=CARTESIAN_POINT('',(4.32898992833717,121.,0.469846310392954));
#2324=CARTESIAN_POINT('',(4.,140.,0.));
#2325=CARTESIAN_POINT('Origin',(36.,72.,0.));
#2326=CARTESIAN_POINT('',(72.,144.,0.));
#2327=CARTESIAN_POINT('',(0.,144.,0.));
#2328=CARTESIAN_POINT('',(72.,144.,0.));
#2329=CARTESIAN_POINT('',(72.,0.,0.));
#2330=CARTESIAN_POINT('',(72.,0.,0.));
#2331=CARTESIAN_POINT('',(0.,0.,0.));
#2332=CARTESIAN_POINT('',(0.,0.,0.));
#2333=CARTESIAN_POINT('',(0.,144.,0.));
#2334=CARTESIAN_POINT('',(41.,140.,0.));
#2335=CARTESIAN_POINT('',(68.,140.,0.));
#2336=CARTESIAN_POINT('',(41.,138.,0.));
#2337=CARTESIAN_POINT('',(41.,144.,0.));
#2338=CARTESIAN_POINT('',(31.,138.,0.));
#2339=CARTESIAN_POINT('',(21.,138.,0.));
#2340=CARTESIAN_POINT('',(31.,138.,0.));
#2341=CARTESIAN_POINT('',(6.,121.,0.));
#2342=CARTESIAN_POINT('',(0.,121.,0.));
#2343=CARTESIAN_POINT('',(6.,116.,0.));
#2344=CARTESIAN_POINT('',(6.,39.,0.));
#2345=CARTESIAN_POINT('',(4.,116.,0.));
#2346=CARTESIAN_POINT('',(6.,116.,0.));
#2347=CARTESIAN_POINT('',(4.,99.,0.));
#2348=CARTESIAN_POINT('',(4.,99.,0.));
#2349=CARTESIAN_POINT('',(6.,99.,0.));
#2350=CARTESIAN_POINT('',(0.,99.,0.));
#2351=CARTESIAN_POINT('',(6.,94.,0.));
#2352=CARTESIAN_POINT('',(6.,39.,0.));
#2353=CARTESIAN_POINT('',(4.,94.,0.));
#2354=CARTESIAN_POINT('',(6.,94.,0.));
#2355=CARTESIAN_POINT('',(4.,77.,0.));
#2356=CARTESIAN_POINT('',(4.,77.,0.));
#2357=CARTESIAN_POINT('',(6.,77.,0.));
#2358=CARTESIAN_POINT('',(0.,77.,0.));
#2359=CARTESIAN_POINT('',(6.,11.,0.));
#2360=CARTESIAN_POINT('',(6.,39.,0.));
#2361=CARTESIAN_POINT('',(4.00000005960464,11.,0.));
#2362=CARTESIAN_POINT('',(4.00000005960464,11.,0.));
#2363=CARTESIAN_POINT('',(4.00000005960464,8.00000005960464,0.));
#2364=CARTESIAN_POINT('',(4.00000005960464,4.00000005960464,0.));
#2365=CARTESIAN_POINT('',(8.00000005960464,4.00000005960464,0.));
#2366=CARTESIAN_POINT('Origin',(8.00000005960464,8.00000005960464,0.));
#2367=CARTESIAN_POINT('',(21.0000003129244,4.00000005960464,0.));
#2368=CARTESIAN_POINT('',(21.0000003129244,4.00000005960464,0.));
#2369=CARTESIAN_POINT('',(21.,5.99999999999998,0.));
#2370=CARTESIAN_POINT('',(21.,0.,0.));
#2371=CARTESIAN_POINT('',(26.,5.99999999999998,0.));
#2372=CARTESIAN_POINT('',(51.,5.99999999999998,0.));
#2373=CARTESIAN_POINT('',(26.,3.99999999999998,0.));
#2374=CARTESIAN_POINT('',(26.,5.99999999999998,0.));
#2375=CARTESIAN_POINT('',(46.,3.99999999999998,0.));
#2376=CARTESIAN_POINT('',(46.,3.99999999999998,0.));
#2377=CARTESIAN_POINT('',(46.,5.99999999999998,0.));
#2378=CARTESIAN_POINT('',(46.,0.,0.));
#2379=CARTESIAN_POINT('',(51.,5.99999999999998,0.));
#2380=CARTESIAN_POINT('',(51.,5.99999999999998,0.));
#2381=CARTESIAN_POINT('',(51.0000007599592,4.00000005960464,0.));
#2382=CARTESIAN_POINT('',(51.,5.99999999999998,0.));
#2383=CARTESIAN_POINT('',(64.000001013279,4.00000005960464,0.));
#2384=CARTESIAN_POINT('',(51.0000007599592,4.00000005960464,0.));
#2385=CARTESIAN_POINT('',(68.000001013279,8.00000005960464,0.));
#2386=CARTESIAN_POINT('Origin',(64.000001013279,8.00000005960464,0.));
#2387=CARTESIAN_POINT('',(68.000001013279,11.0000001639128,0.));
#2388=CARTESIAN_POINT('',(68.000001013279,4.00000005960464,0.));
#2389=CARTESIAN_POINT('',(66.,11.0000001639128,0.));
#2390=CARTESIAN_POINT('',(68.000001013279,11.0000001639128,0.));
#2391=CARTESIAN_POINT('',(66.,77.,0.));
#2392=CARTESIAN_POINT('',(66.,105.,0.));
#2393=CARTESIAN_POINT('',(68.,77.,0.));
#2394=CARTESIAN_POINT('',(68.,77.,0.));
#2395=CARTESIAN_POINT('',(68.,94.,0.));
#2396=CARTESIAN_POINT('',(68.,94.,0.));
#2397=CARTESIAN_POINT('',(66.,94.,0.));
#2398=CARTESIAN_POINT('',(66.,94.,0.));
#2399=CARTESIAN_POINT('',(66.,99.,0.));
#2400=CARTESIAN_POINT('',(66.,105.,0.));
#2401=CARTESIAN_POINT('',(68.,99.,0.));
#2402=CARTESIAN_POINT('',(68.,99.,0.));
#2403=CARTESIAN_POINT('',(68.,116.,0.));
#2404=CARTESIAN_POINT('',(68.,116.,0.));
#2405=CARTESIAN_POINT('',(66.,116.,0.));
#2406=CARTESIAN_POINT('',(66.,116.,0.));
#2407=CARTESIAN_POINT('',(66.,121.,0.));
#2408=CARTESIAN_POINT('',(66.,105.,0.));
#2409=CARTESIAN_POINT('',(66.,121.,0.));
#2410=CARTESIAN_POINT('Origin',(43.5,6.99999999999998,1.5));
#2411=CARTESIAN_POINT('',(51.,5.99999999999998,0.5));
#2412=CARTESIAN_POINT('',(51.,5.87500001490115,0.375000014901166));
#2413=CARTESIAN_POINT('',(62.,5.99999999999998,0.5));
#2414=CARTESIAN_POINT('',(43.5,5.99999999999998,0.5));
#2415=CARTESIAN_POINT('',(62.,5.99999999999998,0.5));
#2416=CARTESIAN_POINT('Origin',(62.,9.99999999999998,1.5));
#2417=CARTESIAN_POINT('',(66.,9.99999999999998,0.5));
#2418=CARTESIAN_POINT('Origin',(62.,9.99999999999998,0.5));
#2419=CARTESIAN_POINT('',(66.,9.99999999999998,0.5));
#2420=CARTESIAN_POINT('Origin',(65.,96.5,1.5));
#2421=CARTESIAN_POINT('',(66.,11.0000001639128,0.5));
#2422=CARTESIAN_POINT('',(65.625,11.0000001639128,0.875000000000001));
#2423=CARTESIAN_POINT('',(66.,96.5,0.5));
#2424=CARTESIAN_POINT('Origin',(66.,121.,0.));
#2425=CARTESIAN_POINT('',(66.,9.99999999999998,-4.));
#2426=CARTESIAN_POINT('',(66.,9.99999999999998,0.));
#2427=CARTESIAN_POINT('',(66.,134.,-4.));
#2428=CARTESIAN_POINT('',(66.,5.99999999999998,-4.));
#2429=CARTESIAN_POINT('',(66.,134.,0.5));
#2430=CARTESIAN_POINT('',(66.,134.,0.));
#2431=CARTESIAN_POINT('',(66.,121.,0.5));
#2432=CARTESIAN_POINT('',(66.,96.5,0.5));
#2433=CARTESIAN_POINT('',(66.,121.,0.));
#2434=CARTESIAN_POINT('',(66.,116.,0.5));
#2435=CARTESIAN_POINT('',(66.,116.,0.));
#2436=CARTESIAN_POINT('',(66.,99.,0.5));
#2437=CARTESIAN_POINT('',(66.,96.5,0.5));
#2438=CARTESIAN_POINT('',(66.,99.,0.));
#2439=CARTESIAN_POINT('',(66.,94.,0.5));
#2440=CARTESIAN_POINT('',(66.,94.,0.));
#2441=CARTESIAN_POINT('',(66.,77.,0.5));
#2442=CARTESIAN_POINT('',(66.,96.5,0.5));
#2443=CARTESIAN_POINT('',(66.,77.,0.));
#2444=CARTESIAN_POINT('',(66.,11.0000001639128,0.));
#2445=CARTESIAN_POINT('Origin',(62.,9.99999999999998,0.));
#2446=CARTESIAN_POINT('',(62.,5.99999999999998,-4.));
#2447=CARTESIAN_POINT('',(62.,5.99999999999998,0.));
#2448=CARTESIAN_POINT('Origin',(62.,9.99999999999998,-4.));
#2449=CARTESIAN_POINT('Origin',(51.,5.99999999999998,0.));
#2450=CARTESIAN_POINT('',(51.,5.99999999999998,0.));
#2451=CARTESIAN_POINT('',(46.,5.99999999999998,0.5));
#2452=CARTESIAN_POINT('',(46.,5.99999999999998,0.));
#2453=CARTESIAN_POINT('',(26.,5.99999999999998,0.5));
#2454=CARTESIAN_POINT('',(43.5,5.99999999999998,0.5));
#2455=CARTESIAN_POINT('',(26.,5.99999999999998,0.));
#2456=CARTESIAN_POINT('',(21.,5.99999999999998,0.5));
#2457=CARTESIAN_POINT('',(21.,5.99999999999998,0.));
#2458=CARTESIAN_POINT('',(10.,5.99999999999998,0.5));
#2459=CARTESIAN_POINT('',(43.5,5.99999999999998,0.5));
#2460=CARTESIAN_POINT('',(10.,5.99999999999998,-4.));
#2461=CARTESIAN_POINT('',(10.,5.99999999999998,0.));
#2462=CARTESIAN_POINT('',(6.,5.99999999999998,-4.));
#2463=CARTESIAN_POINT('Origin',(43.5,6.99999999999998,1.5));
#2464=CARTESIAN_POINT('',(26.,5.87499999999998,0.375));
#2465=CARTESIAN_POINT('',(46.,6.37499999999998,0.875));
#2466=CARTESIAN_POINT('Origin',(7.,105.,1.5));
#2467=CARTESIAN_POINT('',(6.,11.,0.5));
#2468=CARTESIAN_POINT('',(5.87500001490116,11.,0.375000014901161));
#2469=CARTESIAN_POINT('',(6.,9.99999999999998,0.5));
#2470=CARTESIAN_POINT('',(6.,105.,0.5));
#2471=CARTESIAN_POINT('',(6.,9.99999999999998,0.5));
#2472=CARTESIAN_POINT('Origin',(10.,9.99999999999998,1.5));
#2473=CARTESIAN_POINT('Origin',(10.,9.99999999999998,0.5));
#2474=CARTESIAN_POINT('',(10.,5.99999999999998,0.5));
#2475=CARTESIAN_POINT('Origin',(43.5,6.99999999999998,1.5));
#2476=CARTESIAN_POINT('',(21.,6.37499999999998,0.875));
#2477=CARTESIAN_POINT('Origin',(10.,9.99999999999998,0.));
#2478=CARTESIAN_POINT('',(6.,9.99999999999998,-4.));
#2479=CARTESIAN_POINT('',(6.,9.99999999999998,0.));
#2480=CARTESIAN_POINT('Origin',(10.,9.99999999999998,-4.));
#2481=CARTESIAN_POINT('Origin',(6.,138.,0.));
#2482=CARTESIAN_POINT('',(6.,11.,0.));
#2483=CARTESIAN_POINT('',(6.,77.,0.5));
#2484=CARTESIAN_POINT('',(6.,77.,0.));
#2485=CARTESIAN_POINT('',(6.,94.,0.5));
#2486=CARTESIAN_POINT('',(6.,105.,0.5));
#2487=CARTESIAN_POINT('',(6.,94.,0.));
#2488=CARTESIAN_POINT('',(6.,99.,0.5));
#2489=CARTESIAN_POINT('',(6.,99.,0.));
#2490=CARTESIAN_POINT('',(6.,116.,0.5));
#2491=CARTESIAN_POINT('',(6.,105.,0.5));
#2492=CARTESIAN_POINT('',(6.,116.,0.));
#2493=CARTESIAN_POINT('',(6.,121.,0.5));
#2494=CARTESIAN_POINT('',(6.,121.,0.));
#2495=CARTESIAN_POINT('',(6.,134.,0.5));
#2496=CARTESIAN_POINT('',(6.,105.,0.5));
#2497=CARTESIAN_POINT('',(6.,134.,-4.));
#2498=CARTESIAN_POINT('',(6.,134.,0.));
#2499=CARTESIAN_POINT('',(6.,138.,-4.));
#2500=CARTESIAN_POINT('Origin',(7.,105.,1.5));
#2501=CARTESIAN_POINT('',(5.875,116.,0.375));
#2502=CARTESIAN_POINT('',(6.375,99.,0.875));
#2503=CARTESIAN_POINT('Origin',(7.,105.,1.5));
#2504=CARTESIAN_POINT('',(5.875,94.,0.375));
#2505=CARTESIAN_POINT('',(6.375,77.,0.875));
#2506=CARTESIAN_POINT('Origin',(65.,96.5,1.5));
#2507=CARTESIAN_POINT('',(66.125,77.,0.375000000000001));
#2508=CARTESIAN_POINT('',(65.625,94.,0.875000000000001));
#2509=CARTESIAN_POINT('Origin',(65.,96.5,1.5));
#2510=CARTESIAN_POINT('',(66.125,99.,0.375000000000001));
#2511=CARTESIAN_POINT('',(65.625,116.,0.875000000000001));
#2512=CARTESIAN_POINT('Origin',(51.,137.,1.5));
#2513=CARTESIAN_POINT('',(31.,138.,0.5));
#2514=CARTESIAN_POINT('',(31.,138.125,0.374999999999997));
#2515=CARTESIAN_POINT('',(10.,138.,0.5));
#2516=CARTESIAN_POINT('',(51.,138.,0.5));
#2517=CARTESIAN_POINT('',(10.,138.,0.5));
#2518=CARTESIAN_POINT('Origin',(10.,134.,1.5));
#2519=CARTESIAN_POINT('Origin',(10.,134.,0.5));
#2520=CARTESIAN_POINT('',(6.,134.,0.5));
#2521=CARTESIAN_POINT('Origin',(7.,105.,1.5));
#2522=CARTESIAN_POINT('',(6.375,121.,0.875));
#2523=CARTESIAN_POINT('Origin',(10.,134.,0.));
#2524=CARTESIAN_POINT('',(10.,138.,-4.));
#2525=CARTESIAN_POINT('',(10.,138.,0.));
#2526=CARTESIAN_POINT('Origin',(10.,134.,-4.));
#2527=CARTESIAN_POINT('Origin',(66.,138.,0.));
#2528=CARTESIAN_POINT('',(31.,138.,0.));
#2529=CARTESIAN_POINT('',(41.,138.,0.5));
#2530=CARTESIAN_POINT('',(41.,138.,0.));
#2531=CARTESIAN_POINT('',(62.,138.,0.5));
#2532=CARTESIAN_POINT('',(51.,138.,0.5));
#2533=CARTESIAN_POINT('',(62.,138.,-4.));
#2534=CARTESIAN_POINT('',(62.,138.,0.));
#2535=CARTESIAN_POINT('',(66.,138.,-4.));
#2536=CARTESIAN_POINT('Origin',(65.,96.5,1.5));
#2537=CARTESIAN_POINT('',(66.125,121.,0.375000000000001));
#2538=CARTESIAN_POINT('',(66.,134.,0.5));
#2539=CARTESIAN_POINT('Origin',(62.,134.,1.5));
#2540=CARTESIAN_POINT('Origin',(62.,134.,0.5));
#2541=CARTESIAN_POINT('',(62.,138.,0.5));
#2542=CARTESIAN_POINT('Origin',(51.,137.,1.5));
#2543=CARTESIAN_POINT('',(41.,137.625,0.875));
#2544=CARTESIAN_POINT('Origin',(62.,134.,0.));
#2545=CARTESIAN_POINT('Origin',(62.,134.,-4.));
#2546=CARTESIAN_POINT('Origin',(8.00000005960464,8.00000005960464,0.));
#2547=CARTESIAN_POINT('',(4.00000005960464,8.00000005960464,0.));
#2548=CARTESIAN_POINT('',(8.00000005960464,4.00000005960464,0.));
#2549=CARTESIAN_POINT('Origin',(4.00000005960464,4.00000005960464,0.));
#2550=CARTESIAN_POINT('',(4.00000005960464,11.,0.));
#2551=CARTESIAN_POINT('Origin',(64.000001013279,8.00000005960464,0.));
#2552=CARTESIAN_POINT('',(64.000001013279,4.00000005960464,0.));
#2553=CARTESIAN_POINT('',(68.000001013279,8.00000005960464,0.));
#2554=CARTESIAN_POINT('Origin',(68.000001013279,4.00000005960464,0.));
#2555=CARTESIAN_POINT('',(51.,4.00000005960464,0.));
#2556=CARTESIAN_POINT('Origin',(36.,72.,-4.));
#2557=CARTESIAN_POINT('Origin',(4.,77.,0.));
#2558=CARTESIAN_POINT('',(4.,94.,0.));
#2559=CARTESIAN_POINT('',(4.32898992833717,77.,0.469846310392954));
#2560=CARTESIAN_POINT('Origin',(6.,77.,0.));
#2561=CARTESIAN_POINT('Origin',(4.,94.,0.));
#2562=CARTESIAN_POINT('Origin',(6.,121.,0.));
#2563=CARTESIAN_POINT('Origin',(31.,140.,0.));
#2564=CARTESIAN_POINT('Origin',(68.,94.,0.));
#2565=CARTESIAN_POINT('',(68.,77.,0.));
#2566=CARTESIAN_POINT('',(67.6710100716628,94.,0.469846310392955));
#2567=CARTESIAN_POINT('Origin',(66.,94.,0.));
#2568=CARTESIAN_POINT('Origin',(68.,77.,0.));
#2569=CARTESIAN_POINT('Origin',(4.,99.,0.));
#2570=CARTESIAN_POINT('',(4.,116.,0.));
#2571=CARTESIAN_POINT('',(4.32898992833717,99.,0.469846310392954));
#2572=CARTESIAN_POINT('Origin',(6.,99.,0.));
#2573=CARTESIAN_POINT('Origin',(4.,116.,0.));
#2574=CARTESIAN_POINT('Origin',(4.00000005960464,11.,0.));
#2575=CARTESIAN_POINT('Origin',(21.0000003129244,4.00000005960464,0.));
#2576=CARTESIAN_POINT('',(21.,4.32898997813714,0.469846296390438));
#2577=CARTESIAN_POINT('Origin',(21.,5.99999999999998,0.));
#2578=CARTESIAN_POINT('Origin',(68.000001013279,11.0000001639128,0.));
#2579=CARTESIAN_POINT('',(67.6710109182625,11.0000001639128,0.469846548435646));
#2580=CARTESIAN_POINT('Origin',(66.,11.0000001639128,0.));
#2581=CARTESIAN_POINT('Origin',(51.,4.00000005960464,0.));
#2582=CARTESIAN_POINT('Origin',(46.,3.99999999999998,2.77555756156289E-16));
#2583=CARTESIAN_POINT('',(26.,3.99999999999998,7.06068594075293E-16));
#2584=CARTESIAN_POINT('',(46.,4.32898992833715,0.469846310392954));
#2585=CARTESIAN_POINT('Origin',(46.,5.99999999999998,0.));
#2586=CARTESIAN_POINT('Origin',(26.,3.99999999999998,0.));
#2587=CARTESIAN_POINT('Origin',(41.,140.,0.));
#2588=CARTESIAN_POINT('',(41.,139.671010071663,0.469846310392953));
#2589=CARTESIAN_POINT('Origin',(41.,138.,0.));
#2590=CARTESIAN_POINT('Origin',(68.,121.,0.));
#2591=CARTESIAN_POINT('Origin',(68.,116.,0.));
#2592=CARTESIAN_POINT('',(68.,99.,0.));
#2593=CARTESIAN_POINT('',(67.6710100716628,116.,0.469846310392955));
#2594=CARTESIAN_POINT('Origin',(66.,116.,0.));
#2595=CARTESIAN_POINT('Origin',(68.,99.,0.));
#2596=CARTESIAN_POINT('Origin',(0.,144.,0.));
#2597=CARTESIAN_POINT('',(0.,0.,0.));
#2598=CARTESIAN_POINT('',(0.,144.,0.));
#2599=CARTESIAN_POINT('Origin',(72.,144.,0.));
#2600=CARTESIAN_POINT('',(72.,144.,0.));
#2601=CARTESIAN_POINT('Origin',(72.,0.,0.));
#2602=CARTESIAN_POINT('',(72.,0.,0.));
#2603=CARTESIAN_POINT('Origin',(0.,0.,0.));
#2604=CARTESIAN_POINT('',(-34.75,-71.75,0.));
#2605=CARTESIAN_POINT('Origin',(0.,0.,0.));
#2606=UNCERTAINTY_MEASURE_WITH_UNIT(LENGTH_MEASURE(0.01),#2612,
'DISTANCE_ACCURACY_VALUE',
'Maximum model space distance between geometric entities at asserted c
onnectivities');
#2607=UNCERTAINTY_MEASURE_WITH_UNIT(LENGTH_MEASURE(0.01),#2612,
'DISTANCE_ACCURACY_VALUE',
'Maximum model space distance between geometric entities at asserted c
onnectivities');
#2608=UNCERTAINTY_MEASURE_WITH_UNIT(LENGTH_MEASURE(0.01),#2612,
'DISTANCE_ACCURACY_VALUE',
'Maximum model space distance between geometric entities at asserted c
onnectivities');
#2609=(
GEOMETRIC_REPRESENTATION_CONTEXT(3)
GLOBAL_UNCERTAINTY_ASSIGNED_CONTEXT((#2606))
GLOBAL_UNIT_ASSIGNED_CONTEXT((#2612,#2614,#2615))
REPRESENTATION_CONTEXT('','3D')
);
#2610=(
GEOMETRIC_REPRESENTATION_CONTEXT(3)
GLOBAL_UNCERTAINTY_ASSIGNED_CONTEXT((#2607))
GLOBAL_UNIT_ASSIGNED_CONTEXT((#2612,#2614,#2615))
REPRESENTATION_CONTEXT('','3D')
);
#2611=(
GEOMETRIC_REPRESENTATION_CONTEXT(3)
GLOBAL_UNCERTAINTY_ASSIGNED_CONTEXT((#2608))
GLOBAL_UNIT_ASSIGNED_CONTEXT((#2612,#2614,#2615))
REPRESENTATION_CONTEXT('','3D')
);
#2612=(
LENGTH_UNIT()
NAMED_UNIT(*)
SI_UNIT(.MILLI.,.METRE.)
);
#2613=(
LENGTH_UNIT()
NAMED_UNIT(*)
SI_UNIT($,.METRE.)
);
#2614=(
NAMED_UNIT(*)
PLANE_ANGLE_UNIT()
SI_UNIT($,.RADIAN.)
);
#2615=(
NAMED_UNIT(*)
SI_UNIT($,.STERADIAN.)
SOLID_ANGLE_UNIT()
);
#2616=SHAPE_DEFINITION_REPRESENTATION(#2618,#2621);
#2617=SHAPE_DEFINITION_REPRESENTATION(#2619,#2622);
#2618=PRODUCT_DEFINITION_SHAPE('',$,#2624);
#2619=PRODUCT_DEFINITION_SHAPE('',$,#2625);
#2620=PRODUCT_DEFINITION_SHAPE($,$,#17);
#2621=SHAPE_REPRESENTATION('',(#1622,#1731),#2609);
#2622=SHAPE_REPRESENTATION('',(#1623),#2610);
#2623=PRODUCT_DEFINITION_CONTEXT('part definition',#2631,'design');
#2624=PRODUCT_DEFINITION('Home assistant box','Home assistant box v41',
#2626,#2623);
#2625=PRODUCT_DEFINITION('Foot','Foot',#2627,#2623);
#2626=PRODUCT_DEFINITION_FORMATION('',$,#2633);
#2627=PRODUCT_DEFINITION_FORMATION('',$,#2634);
#2628=PRODUCT_RELATED_PRODUCT_CATEGORY('Home assistant box v41',
'Home assistant box v41',(#2633));
#2629=PRODUCT_RELATED_PRODUCT_CATEGORY('Foot','Foot',(#2634));
#2630=APPLICATION_PROTOCOL_DEFINITION('international standard',
'automotive_design',2009,#2631);
#2631=APPLICATION_CONTEXT(
'Core Data for Automotive Mechanical Design Process');
#2632=PRODUCT_CONTEXT('part definition',#2631,'mechanical');
#2633=PRODUCT('Home assistant box','Home assistant box v41',$,(#2632));
#2634=PRODUCT('Foot','Foot',$,(#2632));
#2635=PRESENTATION_STYLE_ASSIGNMENT((#2643));
#2636=PRESENTATION_STYLE_ASSIGNMENT((#2644));
#2637=PRESENTATION_STYLE_ASSIGNMENT((#2645));
#2638=PRESENTATION_STYLE_ASSIGNMENT((#2646));
#2639=PRESENTATION_STYLE_ASSIGNMENT((#2647));
#2640=PRESENTATION_STYLE_ASSIGNMENT((#2648));
#2641=PRESENTATION_STYLE_ASSIGNMENT((#2649));
#2642=PRESENTATION_STYLE_ASSIGNMENT((NULL_STYLE(.NULL.)));
#2643=SURFACE_STYLE_USAGE(.BOTH.,#2650);
#2644=SURFACE_STYLE_USAGE(.BOTH.,#2651);
#2645=SURFACE_STYLE_USAGE(.BOTH.,#2652);
#2646=SURFACE_STYLE_USAGE(.BOTH.,#2653);
#2647=SURFACE_STYLE_USAGE(.BOTH.,#2654);
#2648=SURFACE_STYLE_USAGE(.BOTH.,#2655);
#2649=SURFACE_STYLE_USAGE(.BOTH.,#2656);
#2650=SURFACE_SIDE_STYLE('',(#2657));
#2651=SURFACE_SIDE_STYLE('',(#2658));
#2652=SURFACE_SIDE_STYLE('',(#2659));
#2653=SURFACE_SIDE_STYLE('',(#2660));
#2654=SURFACE_SIDE_STYLE('',(#2661));
#2655=SURFACE_SIDE_STYLE('',(#2662));
#2656=SURFACE_SIDE_STYLE('',(#2663));
#2657=SURFACE_STYLE_FILL_AREA(#2664);
#2658=SURFACE_STYLE_FILL_AREA(#2665);
#2659=SURFACE_STYLE_FILL_AREA(#2666);
#2660=SURFACE_STYLE_FILL_AREA(#2667);
#2661=SURFACE_STYLE_FILL_AREA(#2668);
#2662=SURFACE_STYLE_FILL_AREA(#2669);
#2663=SURFACE_STYLE_FILL_AREA(#2670);
#2664=FILL_AREA_STYLE('Oak',(#2671));
#2665=FILL_AREA_STYLE('Plastic - Translucent Matte (White)',(#2672));
#2666=FILL_AREA_STYLE('Steel - Satin',(#2673));
#2667=FILL_AREA_STYLE('Paint - Metallic (Black)',(#2674));
#2668=FILL_AREA_STYLE('Paint - Metal Flake (Silver)',(#2675));
#2669=FILL_AREA_STYLE('Walnut',(#2676));
#2670=FILL_AREA_STYLE('Glass - Frosted',(#2677));
#2671=FILL_AREA_STYLE_COLOUR('Oak',#2678);
#2672=FILL_AREA_STYLE_COLOUR('Plastic - Translucent Matte (White)',#2679);
#2673=FILL_AREA_STYLE_COLOUR('Steel - Satin',#2680);
#2674=FILL_AREA_STYLE_COLOUR('Paint - Metallic (Black)',#2681);
#2675=FILL_AREA_STYLE_COLOUR('Paint - Metal Flake (Silver)',#2682);
#2676=FILL_AREA_STYLE_COLOUR('Walnut',#2683);
#2677=FILL_AREA_STYLE_COLOUR('Glass - Frosted',#2684);
#2678=COLOUR_RGB('Oak',0.,0.,0.);
#2679=COLOUR_RGB('Plastic - Translucent Matte (White)',0.964705882352941,
0.964705882352941,0.952941176470588);
#2680=COLOUR_RGB('Steel - Satin',0.627450980392157,0.627450980392157,0.627450980392157);
#2681=COLOUR_RGB('Paint - Metallic (Black)',0.0980392156862745,0.0980392156862745,
0.0980392156862745);
#2682=COLOUR_RGB('Paint - Metal Flake (Silver)',1.,1.,1.);
#2683=COLOUR_RGB('Walnut',0.,0.,0.);
#2684=COLOUR_RGB('Glass - Frosted',0.964705882352941,0.964705882352941,
0.952941176470588);
ENDSEC;
END-ISO-10303-21;
