ISO-10303-21;
HEADER;
/* Generated by software containing ST-Developer
 * from STEP Tools, Inc. (www.steptools.com) 
 */

FILE_DESCRIPTION(
/* description */ (''),
/* implementation_level */ '2;1');

FILE_NAME(
/* name */ 'Home assistant box.step',
/* time_stamp */ '2026-03-27T13:42:53+01:00',
/* author */ (''),
/* organization */ (''),
/* preprocessor_version */ 'ST-DEVELOPER v20.1',
/* originating_system */ 'Autodesk Translation Framework v14.24.0.0',
/* authorisation */ '');

FILE_SCHEMA (('AUTOMOTIVE_DESIGN { 1 0 10303 214 3 1 1 }'));
ENDSEC;

DATA;
#10=MECHANICAL_DESIGN_GEOMETRIC_PRESENTATION_REPRESENTATION('',(#20,#21),
#3541);
#11=CONTEXT_DEPENDENT_OVER_RIDING_STYLED_ITEM('',(#3568),#3552,#21,(#15));
#12=MAPPED_ITEM('',#13,#1922);
#13=REPRESENTATION_MAP(#1922,#3551);
#14=ITEM_DEFINED_TRANSFORMATION($,$,#1764,#1921);
#15=(
REPRESENTATION_RELATIONSHIP($,$,#3552,#3551)
REPRESENTATION_RELATIONSHIP_WITH_TRANSFORMATION(#14)
SHAPE_REPRESENTATION_RELATIONSHIP()
);
#16=CONTEXT_DEPENDENT_SHAPE_REPRESENTATION(#15,#3550);
#17=NEXT_ASSEMBLY_USAGE_OCCURRENCE('Top:1','Top:1','Top:1',#3554,#3555,
'Top:1');
#18=SHAPE_REPRESENTATION_RELATIONSHIP('SRR','None',#3552,#19);
#19=ADVANCED_BREP_SHAPE_REPRESENTATION('',(#22),#3540);
#20=STYLED_ITEM('',(#3568),#22);
#21=STYLED_ITEM('',(#3572),#12);
#22=MANIFOLD_SOLID_BREP('Body2',#1750);
#23=B_SPLINE_SURFACE_WITH_KNOTS('',3,3,((#3132,#3133,#3134,#3135),(#3136,
#3137,#3138,#3139),(#3140,#3141,#3142,#3143),(#3144,#3145,#3146,#3147),
(#3148,#3149,#3150,#3151)),.UNSPECIFIED.,.F.,.F.,.F.,(4,1,4),(4,4),(0.,
0.571428571428571,1.),(0.,1.),.UNSPECIFIED.);
#24=B_SPLINE_SURFACE_WITH_KNOTS('',3,3,((#3227,#3228,#3229,#3230),(#3231,
#3232,#3233,#3234),(#3235,#3236,#3237,#3238),(#3239,#3240,#3241,#3242)),
 .UNSPECIFIED.,.F.,.F.,.F.,(4,4),(4,4),(0.,1.),(0.859354992300649,1.),
 .UNSPECIFIED.);
#25=B_SPLINE_SURFACE_WITH_KNOTS('',3,3,((#3245,#3246,#3247,#3248),(#3249,
#3250,#3251,#3252),(#3253,#3254,#3255,#3256),(#3257,#3258,#3259,#3260),
(#3261,#3262,#3263,#3264),(#3265,#3266,#3267,#3268),(#3269,#3270,#3271,
#3272),(#3273,#3274,#3275,#3276),(#3277,#3278,#3279,#3280),(#3281,#3282,
#3283,#3284),(#3285,#3286,#3287,#3288),(#3289,#3290,#3291,#3292),(#3293,
#3294,#3295,#3296),(#3297,#3298,#3299,#3300),(#3301,#3302,#3303,#3304)),
 .UNSPECIFIED.,.F.,.F.,.F.,(4,1,2,1,1,2,1,1,1,1,4),(4,4),(0.0469379256465784,
0.165037647951713,0.342187231409415,0.35447309303625,0.37904481628992,0.40361653954359,
0.463254885589231,0.522893231634872,0.761446615817436,0.880723307908718,
1.),(0.,1.),.UNSPECIFIED.);
#26=B_SPLINE_SURFACE_WITH_KNOTS('',3,3,((#3327,#3328,#3329,#3330),(#3331,
#3332,#3333,#3334),(#3335,#3336,#3337,#3338),(#3339,#3340,#3341,#3342)),
 .UNSPECIFIED.,.F.,.F.,.F.,(4,4),(4,4),(0.,0.0469379256465785),(0.948462874753092,
1.),.UNSPECIFIED.);
#27=B_SPLINE_SURFACE_WITH_KNOTS('',3,3,((#3369,#3370,#3371,#3372),(#3373,
#3374,#3375,#3376),(#3377,#3378,#3379,#3380),(#3381,#3382,#3383,#3384),
(#3385,#3386,#3387,#3388),(#3389,#3390,#3391,#3392),(#3393,#3394,#3395,
#3396)),.UNSPECIFIED.,.F.,.F.,.F.,(4,1,1,1,4),(4,4),(0.,0.285714285714286,
0.571428571428571,0.857142857142857,1.),(0.,1.),.UNSPECIFIED.);
#28=B_SPLINE_SURFACE_WITH_KNOTS('',3,3,((#3399,#3400,#3401,#3402),(#3403,
#3404,#3405,#3406),(#3407,#3408,#3409,#3410),(#3411,#3412,#3413,#3414)),
 .UNSPECIFIED.,.F.,.F.,.F.,(4,4),(4,4),(0.,1.),(0.,1.),.UNSPECIFIED.);
#29=B_SPLINE_SURFACE_WITH_KNOTS('',3,3,((#3417,#3418,#3419,#3420),(#3421,
#3422,#3423,#3424),(#3425,#3426,#3427,#3428),(#3429,#3430,#3431,#3432),
(#3433,#3434,#3435,#3436),(#3437,#3438,#3439,#3440),(#3441,#3442,#3443,
#3444),(#3445,#3446,#3447,#3448),(#3449,#3450,#3451,#3452),(#3453,#3454,
#3455,#3456),(#3457,#3458,#3459,#3460),(#3461,#3462,#3463,#3464)),
 .UNSPECIFIED.,.F.,.F.,.F.,(4,1,2,1,1,2,1,4),(4,4),(0.,0.183525629919923,
0.458814074799809,0.481648243936517,0.55015075134664,0.572984920483347,
0.829193968193339,1.),(0.,1.),.UNSPECIFIED.);
#30=(
BOUNDED_SURFACE()
B_SPLINE_SURFACE(2,2,((#2605,#2606,#2607),(#2608,#2609,#2610),(#2611,#2612,
#2613)),.UNSPECIFIED.,.F.,.F.,.F.)
B_SPLINE_SURFACE_WITH_KNOTS((3,3),(3,3),(1.11976951499863,1.5707963267949),
(-3.14159265358979,-1.57079632679489),.UNSPECIFIED.)
GEOMETRIC_REPRESENTATION_ITEM()
RATIONAL_B_SPLINE_SURFACE(((1.,0.707106781186547,1.),(0.974679434480883,
0.6892024376045,0.974679434480883),(1.,0.707106781186547,1.)))
REPRESENTATION_ITEM('')
SURFACE()
);
#31=(
BOUNDED_SURFACE()
B_SPLINE_SURFACE(2,2,((#2625,#2626,#2627),(#2628,#2629,#2630),(#2631,#2632,
#2633)),.UNSPECIFIED.,.F.,.F.,.F.)
B_SPLINE_SURFACE_WITH_KNOTS((3,3),(3,3),(1.11976951499863,1.5707963267949),
(-1.5707963267949,0.),.UNSPECIFIED.)
GEOMETRIC_REPRESENTATION_ITEM()
RATIONAL_B_SPLINE_SURFACE(((1.,0.707106781186548,1.),(0.974679434480894,
0.68920243760451,0.974679434480894),(1.,0.707106781186548,1.)))
REPRESENTATION_ITEM('')
SURFACE()
);
#32=(
BOUNDED_SURFACE()
B_SPLINE_SURFACE(2,2,((#2645,#2646,#2647),(#2648,#2649,#2650),(#2651,#2652,
#2653)),.UNSPECIFIED.,.F.,.F.,.F.)
B_SPLINE_SURFACE_WITH_KNOTS((3,3),(3,3),(1.11976951499863,1.5707963267949),
(0.,1.5707963267949),.UNSPECIFIED.)
GEOMETRIC_REPRESENTATION_ITEM()
RATIONAL_B_SPLINE_SURFACE(((1.,0.707106781186548,1.),(0.974679434480898,
0.689202437604512,0.974679434480898),(1.,0.707106781186548,1.)))
REPRESENTATION_ITEM('')
SURFACE()
);
#33=(
BOUNDED_SURFACE()
B_SPLINE_SURFACE(2,2,((#2665,#2666,#2667),(#2668,#2669,#2670),(#2671,#2672,
#2673)),.UNSPECIFIED.,.F.,.F.,.F.)
B_SPLINE_SURFACE_WITH_KNOTS((3,3),(3,3),(1.11976951499863,1.5707963267949),
(1.5707963267949,3.14159265358979),.UNSPECIFIED.)
GEOMETRIC_REPRESENTATION_ITEM()
RATIONAL_B_SPLINE_SURFACE(((1.,0.70710678118655,1.),(0.974679434480898,
0.689202437604514,0.974679434480898),(1.,0.70710678118655,1.)))
REPRESENTATION_ITEM('')
SURFACE()
);
#34=(
BOUNDED_SURFACE()
B_SPLINE_SURFACE(2,2,((#2676,#2677,#2678),(#2679,#2680,#2681),(#2682,#2683,
#2684)),.UNSPECIFIED.,.F.,.F.,.F.)
B_SPLINE_SURFACE_WITH_KNOTS((3,3),(3,3),(1.5707963267949,2.02182313859116),
(1.5707963267949,3.14159265358979),.UNSPECIFIED.)
GEOMETRIC_REPRESENTATION_ITEM()
RATIONAL_B_SPLINE_SURFACE(((1.,0.707106781186547,1.),(0.974679434480888,
0.689202437604505,0.974679434480888),(1.,0.707106781186547,1.)))
REPRESENTATION_ITEM('')
SURFACE()
);
#35=(
BOUNDED_SURFACE()
B_SPLINE_SURFACE(2,2,((#2694,#2695,#2696),(#2697,#2698,#2699),(#2700,#2701,
#2702)),.UNSPECIFIED.,.F.,.F.,.F.)
B_SPLINE_SURFACE_WITH_KNOTS((3,3),(3,3),(1.5707963267949,2.02182313859116),
(-3.14159265358979,-1.57079632679491),.UNSPECIFIED.)
GEOMETRIC_REPRESENTATION_ITEM()
RATIONAL_B_SPLINE_SURFACE(((1.,0.707106781186552,1.),(0.974679434480888,
0.68920243760451,0.974679434480888),(1.,0.707106781186552,1.)))
REPRESENTATION_ITEM('')
SURFACE()
);
#36=(
BOUNDED_SURFACE()
B_SPLINE_SURFACE(2,2,((#2715,#2716,#2717),(#2718,#2719,#2720),(#2721,#2722,
#2723)),.UNSPECIFIED.,.F.,.F.,.F.)
B_SPLINE_SURFACE_WITH_KNOTS((3,3),(3,3),(1.5707963267949,2.02182313859116),
(-3.14159265358979,-1.57079632679489),.UNSPECIFIED.)
GEOMETRIC_REPRESENTATION_ITEM()
RATIONAL_B_SPLINE_SURFACE(((1.,0.707106781186547,1.),(0.974679434480879,
0.689202437604498,0.974679434480879),(1.,0.707106781186547,1.)))
REPRESENTATION_ITEM('')
SURFACE()
);
#37=(
BOUNDED_SURFACE()
B_SPLINE_SURFACE(2,2,((#2727,#2728,#2729),(#2730,#2731,#2732),(#2733,#2734,
#2735)),.UNSPECIFIED.,.F.,.F.,.F.)
B_SPLINE_SURFACE_WITH_KNOTS((3,3),(3,3),(1.5707963267949,2.02182313859116),
(1.5707963267949,3.14159265358979),.UNSPECIFIED.)
GEOMETRIC_REPRESENTATION_ITEM()
RATIONAL_B_SPLINE_SURFACE(((1.,0.707106781186548,1.),(0.974679434480889,
0.689202437604506,0.974679434480889),(1.,0.707106781186548,1.)))
REPRESENTATION_ITEM('')
SURFACE()
);
#38=B_SPLINE_CURVE_WITH_KNOTS('',3,(#2505,#2506,#2507,#2508,#2509,#2510,
#2511,#2512,#2513,#2514,#2515,#2516,#2517,#2518,#2519),.UNSPECIFIED.,.F.,
 .F.,(4,1,2,1,1,2,1,1,1,1,4),(0.0469379256465784,0.165037647951713,0.342187231409415,
0.35447309303625,0.37904481628992,0.40361653954359,0.463254885589231,0.522893231634872,
0.761446615817436,0.880723307908718,1.),.UNSPECIFIED.);
#39=B_SPLINE_CURVE_WITH_KNOTS('',3,(#2521,#2522,#2523,#2524,#2525,#2526,
#2527),.UNSPECIFIED.,.F.,.F.,(4,1,1,1,4),(0.,0.285714285714286,0.571428571428571,
0.857142857142857,1.),.UNSPECIFIED.);
#40=B_SPLINE_CURVE_WITH_KNOTS('',3,(#2529,#2530,#2531,#2532,#2533),
 .UNSPECIFIED.,.F.,.F.,(4,1,4),(0.,0.571428571428571,1.),.UNSPECIFIED.);
#41=B_SPLINE_CURVE_WITH_KNOTS('',3,(#2535,#2536,#2537,#2538),
 .UNSPECIFIED.,.F.,.F.,(4,4),(0.,1.),.UNSPECIFIED.);
#42=B_SPLINE_CURVE_WITH_KNOTS('',3,(#2540,#2541,#2542,#2543,#2544,#2545,
#2546,#2547,#2548,#2549,#2550,#2551),.UNSPECIFIED.,.F.,.F.,(4,1,2,1,1,2,
1,4),(0.,0.183525629919923,0.458814074799809,0.481648243936517,0.55015075134664,
0.572984920483347,0.829193968193339,1.),.UNSPECIFIED.);
#43=B_SPLINE_CURVE_WITH_KNOTS('',3,(#2553,#2554,#2555,#2556),
 .UNSPECIFIED.,.F.,.F.,(4,4),(0.,1.),.UNSPECIFIED.);
#44=B_SPLINE_CURVE_WITH_KNOTS('',3,(#2557,#2558,#2559,#2560),
 .UNSPECIFIED.,.F.,.F.,(4,4),(0.,0.0469379256465785),.UNSPECIFIED.);
#45=B_SPLINE_CURVE_WITH_KNOTS('',3,(#2824,#2825,#2826,#2827,#2828,#2829,
#2830,#2831,#2832,#2833,#2834,#2835,#2836,#2837,#2838,#2839,#2840,#2841,
#2842,#2843,#2844,#2845,#2846,#2847,#2848,#2849),.UNSPECIFIED.,.F.,.F.,
(4,2,2,2,2,2,2,2,2,2,2,2,4),(-1.17347316732241,-1.09566350770751,-0.999868581959548,
-0.899167775117965,-0.833383661017144,-0.784652360482388,-0.738436861229778,
-0.709006320817392,-0.68349056958012,-0.654269715615028,-0.613044876387442,
-0.55531764184494,-0.538926243012354),.UNSPECIFIED.);
#46=B_SPLINE_CURVE_WITH_KNOTS('',3,(#2850,#2851,#2852,#2853,#2854,#2855,
#2856,#2857,#2858,#2859,#2860,#2861,#2862,#2863,#2864,#2865,#2866,#2867,
#2868,#2869,#2870,#2871),.UNSPECIFIED.,.F.,.F.,(4,2,2,2,2,2,2,2,2,2,4),
(-0.538926243012354,-0.486346164542799,-0.391410498649583,-0.279253302130136,
-0.206986136362861,-0.140676108980917,-0.107480890140242,-0.0870322384368639,
-0.0685338315960289,-0.044913148098923,0.),.UNSPECIFIED.);
#47=B_SPLINE_CURVE_WITH_KNOTS('',3,(#2876,#2877,#2878,#2879,#2880,#2881,
#2882,#2883,#2884,#2885,#2886,#2887,#2888,#2889),.UNSPECIFIED.,.F.,.F.,
(4,2,2,2,2,2,4),(-0.424388185118533,-0.357595388905714,-0.279258284124574,
-0.174661689510933,-0.0899237740114833,-0.0399803854829165,-0.0336972226844693),
 .UNSPECIFIED.);
#48=B_SPLINE_CURVE_WITH_KNOTS('',3,(#2891,#2892,#2893,#2894,#2895,#2896,
#2897,#2898,#2899,#2900,#2901,#2902,#2903,#2904,#2905,#2906,#2907,#2908,
#2909,#2910,#2911,#2912,#2913,#2914,#2915,#2916,#2917,#2918,#2919,#2920,
#2921,#2922,#2923,#2924,#2925,#2926),.UNSPECIFIED.,.F.,.F.,(4,2,2,2,2,2,
2,2,2,2,2,2,2,2,2,2,2,4),(-0.928756744199693,-0.850415136854807,-0.792290416927107,
-0.742774003237517,-0.717841951851624,-0.69828709733698,-0.676631289631055,
-0.641162606424335,-0.572339735578043,-0.482145517002451,-0.342567809300563,
-0.247102428235911,-0.181860246218742,-0.119244851255802,-0.0878242016122292,
-0.0636212995789499,-0.0378933344763774,0.),.UNSPECIFIED.);
#49=B_SPLINE_CURVE_WITH_KNOTS('',3,(#2927,#2928,#2929,#2930,#2931,#2932,
#2933),.UNSPECIFIED.,.F.,.F.,(4,3,4),(-0.0336972226844693,-0.0110094886496266,
0.),.UNSPECIFIED.);
#50=B_SPLINE_CURVE_WITH_KNOTS('',3,(#2938,#2939,#2940,#2941,#2942,#2943,
#2944,#2945,#2946,#2947,#2948,#2949,#2950,#2951,#2952,#2953,#2954,#2955,
#2956,#2957,#2958,#2959,#2960,#2961,#2962,#2963,#2964,#2965,#2966,#2967,
#2968,#2969,#2970,#2971),.UNSPECIFIED.,.F.,.F.,(4,2,2,2,2,2,2,2,2,2,2,2,
2,2,2,2,4),(-1.34669941909094,-1.26385730066209,-1.18592349503785,-1.0831410056154,
-1.00277487522269,-0.93709106467005,-0.866575609292854,-0.826740971470609,
-0.802079836259503,-0.780686120186436,-0.755521642767266,-0.713039996126852,
-0.647946639195988,-0.577109154867791,-0.466108685864607,-0.348777985067926,
-0.317673984284603),.UNSPECIFIED.);
#51=B_SPLINE_CURVE_WITH_KNOTS('',3,(#2972,#2973,#2974,#2975,#2976,#2977,
#2978,#2979,#2980,#2981,#2982,#2983,#2984,#2985,#2986,#2987,#2988,#2989,
#2990,#2991,#2992,#2993,#2994,#2995,#2996,#2997,#2998,#2999,#3000,#3001,
#3002,#3003,#3004,#3005,#3006,#3007,#3008,#3009,#3010,#3011,#3012,#3013,
#3014,#3015,#3016,#3017),.UNSPECIFIED.,.F.,.F.,(4,3,3,3,3,3,3,3,3,3,3,3,
3,3,3,4),(-0.317673984284603,-0.273419324539877,-0.255626339504103,-0.226422164970298,
-0.222036460513307,-0.194819503684241,-0.177798799730245,-0.159218287302167,
-0.145946632292702,-0.132441926539038,-0.112739329598558,-0.0812019531221613,
-0.0658192141474326,-0.0353504877400887,-0.00551450377203954,0.),
 .UNSPECIFIED.);
#52=B_SPLINE_CURVE_WITH_KNOTS('',3,(#3022,#3023,#3024,#3025,#3026,#3027,
#3028,#3029,#3030,#3031,#3032,#3033,#3034,#3035,#3036,#3037,#3038,#3039,
#3040,#3041,#3042,#3043,#3044,#3045,#3046,#3047,#3048,#3049,#3050,#3051,
#3052,#3053,#3054,#3055),.UNSPECIFIED.,.F.,.F.,(4,3,3,3,3,3,3,3,3,3,3,4),
(-1.01762194424494,-0.992797188035396,-0.969912996415228,-0.942708677035107,
-0.910769503384603,-0.884667002610168,-0.858564501835732,-0.831880106567895,
-0.804118761808964,-0.780301995298025,-0.746232102835214,-0.717063361642127),
 .UNSPECIFIED.);
#53=B_SPLINE_CURVE_WITH_KNOTS('',3,(#3057,#3058,#3059,#3060,#3061,#3062,
#3063,#3064,#3065,#3066,#3067,#3068,#3069,#3070,#3071,#3072,#3073,#3074,
#3075,#3076,#3077,#3078,#3079,#3080,#3081,#3082,#3083,#3084,#3085,#3086,
#3087,#3088,#3089,#3090,#3091,#3092,#3093,#3094,#3095,#3096,#3097,#3098,
#3099,#3100,#3101,#3102,#3103,#3104,#3105),.UNSPECIFIED.,.F.,.F.,(4,3,3,
3,3,3,3,3,3,3,3,3,3,3,3,3,4),(-0.437066165910763,-0.413731692542521,-0.405805402567534,
-0.382698292709663,-0.35831912544852,-0.353063405229347,-0.325653989779734,
-0.294154515775146,-0.276888103933326,-0.236529160057661,-0.187203436005769,
-0.132559854050089,-0.0937133841691071,-0.0779162720944101,-0.0446240246611004,
-0.0145972137445523,0.),.UNSPECIFIED.);
#54=B_SPLINE_CURVE_WITH_KNOTS('',3,(#3106,#3107,#3108,#3109,#3110,#3111,
#3112,#3113,#3114,#3115,#3116,#3117,#3118,#3119,#3120,#3121,#3122,#3123,
#3124,#3125,#3126,#3127,#3128,#3129,#3130,#3131),.UNSPECIFIED.,.F.,.F.,
(4,2,2,2,2,2,2,2,2,2,2,2,4),(-0.717063361642127,-0.676178897837054,-0.627823618287824,
-0.489237452075271,-0.397517052915714,-0.334559409574747,-0.284620804835506,
-0.258101752763856,-0.236346715151812,-0.211177790514018,-0.167726978306786,
-0.0933981723976243,0.),.UNSPECIFIED.);
#55=B_SPLINE_CURVE_WITH_KNOTS('',3,(#3163,#3164,#3165,#3166,#3167,#3168),
 .UNSPECIFIED.,.F.,.F.,(4,2,4),(-1.50679512722327,-0.750265099008342,-0.23875573330732),
 .UNSPECIFIED.);
#56=B_SPLINE_CURVE_WITH_KNOTS('',3,(#3176,#3177,#3178,#3179),
 .UNSPECIFIED.,.F.,.F.,(4,4),(-0.0416278399241884,0.),.UNSPECIFIED.);
#57=B_SPLINE_CURVE_WITH_KNOTS('',3,(#3184,#3185,#3186,#3187,#3188,#3189,
#3190,#3191,#3192,#3193),.UNSPECIFIED.,.F.,.F.,(4,2,2,2,4),(-0.729111964293897,
-0.721263284059403,-0.640308330059842,-0.51132679356184,-0.057493626624742),
 .UNSPECIFIED.);
#58=B_SPLINE_CURVE_WITH_KNOTS('',3,(#3195,#3196,#3197,#3198,#3199,#3200,
#3201,#3202,#3203,#3204),.UNSPECIFIED.,.F.,.F.,(4,2,2,2,4),(-1.18373986230431,
-1.17682246882338,-0.910635350356769,-0.799046742977053,-0.729111964293897),
 .UNSPECIFIED.);
#59=B_SPLINE_CURVE_WITH_KNOTS('',3,(#3205,#3206,#3207,#3208,#3209,#3210,
#3211,#3212,#3213,#3214,#3215,#3216,#3217,#3218,#3219,#3220),
 .UNSPECIFIED.,.F.,.F.,(4,3,3,3,3,4),(-0.170777513998966,-0.121518822601215,
-0.0829268002182167,-0.072260131203465,-0.0258431284183315,0.),
 .UNSPECIFIED.);
#60=B_SPLINE_CURVE_WITH_KNOTS('',3,(#3307,#3308,#3309,#3310,#3311,#3312),
 .UNSPECIFIED.,.F.,.F.,(4,2,4),(-1.34317418022351,-0.758932015388931,0.),
 .UNSPECIFIED.);
#61=B_SPLINE_CURVE_WITH_KNOTS('',3,(#3320,#3321,#3322,#3323),
 .UNSPECIFIED.,.F.,.F.,(4,4),(0.665145270590737,0.714029195067595),
 .UNSPECIFIED.);
#62=FACE_BOUND('',#276,.T.);
#63=FACE_BOUND('',#277,.T.);
#64=FACE_BOUND('',#283,.T.);
#65=FACE_BOUND('',#284,.T.);
#66=FACE_BOUND('',#285,.T.);
#67=FACE_BOUND('',#286,.T.);
#68=FACE_BOUND('',#287,.T.);
#69=FACE_BOUND('',#288,.T.);
#70=FACE_BOUND('',#314,.T.);
#71=FACE_BOUND('',#315,.T.);
#72=FACE_BOUND('',#316,.T.);
#73=FACE_BOUND('',#317,.T.);
#74=FACE_BOUND('',#318,.T.);
#75=FACE_BOUND('',#323,.T.);
#76=FACE_BOUND('',#326,.T.);
#77=FACE_BOUND('',#329,.T.);
#78=FACE_BOUND('',#332,.T.);
#79=FACE_BOUND('',#345,.T.);
#80=FACE_BOUND('',#351,.T.);
#81=ELLIPSE('',#1785,2.74019717457623,2.5);
#82=ELLIPSE('',#1789,2.77044170164655,2.5);
#83=ELLIPSE('',#1798,2.77044170164655,2.5);
#84=ELLIPSE('',#1800,2.81026145481954,2.5);
#85=ELLIPSE('',#1801,2.78045010345048,2.5);
#86=ELLIPSE('',#1802,2.74019717457623,2.5);
#87=ELLIPSE('',#1810,6.74462749156692,2.5);
#88=ELLIPSE('',#1811,9.36753818273185,2.5);
#89=ELLIPSE('',#1814,9.26816701150165,2.5);
#90=ELLIPSE('',#1815,7.25334809595773,2.5);
#91=CYLINDRICAL_SURFACE('',#1769,1.75);
#92=CYLINDRICAL_SURFACE('',#1775,1.75);
#93=CYLINDRICAL_SURFACE('',#1791,3.);
#94=CYLINDRICAL_SURFACE('',#1795,3.);
#95=CYLINDRICAL_SURFACE('',#1797,2.5);
#96=CYLINDRICAL_SURFACE('',#1809,2.5);
#97=CYLINDRICAL_SURFACE('',#1813,2.5);
#98=CYLINDRICAL_SURFACE('',#1818,2.5);
#99=CYLINDRICAL_SURFACE('',#1819,5.);
#100=CYLINDRICAL_SURFACE('',#1825,5.);
#101=CYLINDRICAL_SURFACE('',#1830,5.);
#102=CYLINDRICAL_SURFACE('',#1835,5.);
#103=CYLINDRICAL_SURFACE('',#1842,5.);
#104=CYLINDRICAL_SURFACE('',#1846,5.);
#105=CYLINDRICAL_SURFACE('',#1849,5.);
#106=CYLINDRICAL_SURFACE('',#1855,5.);
#107=CYLINDRICAL_SURFACE('',#1861,1.75);
#108=CYLINDRICAL_SURFACE('',#1864,3.);
#109=CYLINDRICAL_SURFACE('',#1867,1.75000000000001);
#110=CYLINDRICAL_SURFACE('',#1870,3.);
#111=CYLINDRICAL_SURFACE('',#1873,1.75);
#112=CYLINDRICAL_SURFACE('',#1876,1.8);
#113=CYLINDRICAL_SURFACE('',#1877,1.8);
#114=CYLINDRICAL_SURFACE('',#1878,1.8);
#115=CYLINDRICAL_SURFACE('',#1879,1.8);
#116=CYLINDRICAL_SURFACE('',#1893,4.);
#117=CYLINDRICAL_SURFACE('',#1895,4.);
#118=CYLINDRICAL_SURFACE('',#1897,4.);
#119=CYLINDRICAL_SURFACE('',#1899,4.);
#120=PLANE('',#1768);
#121=PLANE('',#1774);
#122=PLANE('',#1777);
#123=PLANE('',#1779);
#124=PLANE('',#1784);
#125=PLANE('',#1799);
#126=PLANE('',#1808);
#127=PLANE('',#1812);
#128=PLANE('',#1816);
#129=PLANE('',#1817);
#130=PLANE('',#1848);
#131=PLANE('',#1856);
#132=PLANE('',#1863);
#133=PLANE('',#1866);
#134=PLANE('',#1869);
#135=PLANE('',#1872);
#136=PLANE('',#1875);
#137=PLANE('',#1880);
#138=PLANE('',#1881);
#139=PLANE('',#1882);
#140=PLANE('',#1883);
#141=PLANE('',#1884);
#142=PLANE('',#1886);
#143=PLANE('',#1890);
#144=PLANE('',#1892);
#145=PLANE('',#1894);
#146=PLANE('',#1896);
#147=PLANE('',#1898);
#148=PLANE('',#1900);
#149=PLANE('',#1901);
#150=PLANE('',#1902);
#151=PLANE('',#1903);
#152=PLANE('',#1904);
#153=PLANE('',#1905);
#154=PLANE('',#1906);
#155=PLANE('',#1907);
#156=PLANE('',#1908);
#157=PLANE('',#1909);
#158=PLANE('',#1910);
#159=PLANE('',#1911);
#160=PLANE('',#1912);
#161=PLANE('',#1913);
#162=PLANE('',#1914);
#163=PLANE('',#1915);
#164=PLANE('',#1916);
#165=PLANE('',#1917);
#166=PLANE('',#1918);
#167=PLANE('',#1919);
#168=PLANE('',#1920);
#169=FACE_OUTER_BOUND('',#266,.T.);
#170=FACE_OUTER_BOUND('',#267,.T.);
#171=FACE_OUTER_BOUND('',#268,.T.);
#172=FACE_OUTER_BOUND('',#269,.T.);
#173=FACE_OUTER_BOUND('',#270,.T.);
#174=FACE_OUTER_BOUND('',#271,.T.);
#175=FACE_OUTER_BOUND('',#272,.T.);
#176=FACE_OUTER_BOUND('',#273,.T.);
#177=FACE_OUTER_BOUND('',#274,.T.);
#178=FACE_OUTER_BOUND('',#275,.T.);
#179=FACE_OUTER_BOUND('',#278,.T.);
#180=FACE_OUTER_BOUND('',#279,.T.);
#181=FACE_OUTER_BOUND('',#280,.T.);
#182=FACE_OUTER_BOUND('',#281,.T.);
#183=FACE_OUTER_BOUND('',#282,.T.);
#184=FACE_OUTER_BOUND('',#289,.T.);
#185=FACE_OUTER_BOUND('',#290,.T.);
#186=FACE_OUTER_BOUND('',#291,.T.);
#187=FACE_OUTER_BOUND('',#292,.T.);
#188=FACE_OUTER_BOUND('',#293,.T.);
#189=FACE_OUTER_BOUND('',#294,.T.);
#190=FACE_OUTER_BOUND('',#295,.T.);
#191=FACE_OUTER_BOUND('',#296,.T.);
#192=FACE_OUTER_BOUND('',#297,.T.);
#193=FACE_OUTER_BOUND('',#298,.T.);
#194=FACE_OUTER_BOUND('',#299,.T.);
#195=FACE_OUTER_BOUND('',#300,.T.);
#196=FACE_OUTER_BOUND('',#301,.T.);
#197=FACE_OUTER_BOUND('',#302,.T.);
#198=FACE_OUTER_BOUND('',#303,.T.);
#199=FACE_OUTER_BOUND('',#304,.T.);
#200=FACE_OUTER_BOUND('',#305,.T.);
#201=FACE_OUTER_BOUND('',#306,.T.);
#202=FACE_OUTER_BOUND('',#307,.T.);
#203=FACE_OUTER_BOUND('',#308,.T.);
#204=FACE_OUTER_BOUND('',#309,.T.);
#205=FACE_OUTER_BOUND('',#310,.T.);
#206=FACE_OUTER_BOUND('',#311,.T.);
#207=FACE_OUTER_BOUND('',#312,.T.);
#208=FACE_OUTER_BOUND('',#313,.T.);
#209=FACE_OUTER_BOUND('',#319,.T.);
#210=FACE_OUTER_BOUND('',#320,.T.);
#211=FACE_OUTER_BOUND('',#321,.T.);
#212=FACE_OUTER_BOUND('',#322,.T.);
#213=FACE_OUTER_BOUND('',#324,.T.);
#214=FACE_OUTER_BOUND('',#325,.T.);
#215=FACE_OUTER_BOUND('',#327,.T.);
#216=FACE_OUTER_BOUND('',#328,.T.);
#217=FACE_OUTER_BOUND('',#330,.T.);
#218=FACE_OUTER_BOUND('',#331,.T.);
#219=FACE_OUTER_BOUND('',#333,.T.);
#220=FACE_OUTER_BOUND('',#334,.T.);
#221=FACE_OUTER_BOUND('',#335,.T.);
#222=FACE_OUTER_BOUND('',#336,.T.);
#223=FACE_OUTER_BOUND('',#337,.T.);
#224=FACE_OUTER_BOUND('',#338,.T.);
#225=FACE_OUTER_BOUND('',#339,.T.);
#226=FACE_OUTER_BOUND('',#340,.T.);
#227=FACE_OUTER_BOUND('',#341,.T.);
#228=FACE_OUTER_BOUND('',#342,.T.);
#229=FACE_OUTER_BOUND('',#343,.T.);
#230=FACE_OUTER_BOUND('',#344,.T.);
#231=FACE_OUTER_BOUND('',#346,.T.);
#232=FACE_OUTER_BOUND('',#347,.T.);
#233=FACE_OUTER_BOUND('',#348,.T.);
#234=FACE_OUTER_BOUND('',#349,.T.);
#235=FACE_OUTER_BOUND('',#350,.T.);
#236=FACE_OUTER_BOUND('',#352,.T.);
#237=FACE_OUTER_BOUND('',#353,.T.);
#238=FACE_OUTER_BOUND('',#354,.T.);
#239=FACE_OUTER_BOUND('',#355,.T.);
#240=FACE_OUTER_BOUND('',#356,.T.);
#241=FACE_OUTER_BOUND('',#357,.T.);
#242=FACE_OUTER_BOUND('',#358,.T.);
#243=FACE_OUTER_BOUND('',#359,.T.);
#244=FACE_OUTER_BOUND('',#360,.T.);
#245=FACE_OUTER_BOUND('',#361,.T.);
#246=FACE_OUTER_BOUND('',#362,.T.);
#247=FACE_OUTER_BOUND('',#363,.T.);
#248=FACE_OUTER_BOUND('',#364,.T.);
#249=FACE_OUTER_BOUND('',#365,.T.);
#250=FACE_OUTER_BOUND('',#366,.T.);
#251=FACE_OUTER_BOUND('',#367,.T.);
#252=FACE_OUTER_BOUND('',#368,.T.);
#253=FACE_OUTER_BOUND('',#369,.T.);
#254=FACE_OUTER_BOUND('',#370,.T.);
#255=FACE_OUTER_BOUND('',#371,.T.);
#256=FACE_OUTER_BOUND('',#372,.T.);
#257=FACE_OUTER_BOUND('',#373,.T.);
#258=FACE_OUTER_BOUND('',#374,.T.);
#259=FACE_OUTER_BOUND('',#375,.T.);
#260=FACE_OUTER_BOUND('',#376,.T.);
#261=FACE_OUTER_BOUND('',#377,.T.);
#262=FACE_OUTER_BOUND('',#378,.T.);
#263=FACE_OUTER_BOUND('',#379,.T.);
#264=FACE_OUTER_BOUND('',#380,.T.);
#265=FACE_OUTER_BOUND('',#381,.T.);
#266=EDGE_LOOP('',(#1151,#1152,#1153,#1154));
#267=EDGE_LOOP('',(#1155));
#268=EDGE_LOOP('',(#1156,#1157,#1158,#1159));
#269=EDGE_LOOP('',(#1160,#1161,#1162,#1163));
#270=EDGE_LOOP('',(#1164));
#271=EDGE_LOOP('',(#1165,#1166,#1167,#1168));
#272=EDGE_LOOP('',(#1169));
#273=EDGE_LOOP('',(#1170));
#274=EDGE_LOOP('',(#1171,#1172,#1173,#1174));
#275=EDGE_LOOP('',(#1175,#1176,#1177,#1178,#1179,#1180,#1181,#1182,#1183,
#1184,#1185));
#276=EDGE_LOOP('',(#1186));
#277=EDGE_LOOP('',(#1187));
#278=EDGE_LOOP('',(#1188,#1189,#1190,#1191));
#279=EDGE_LOOP('',(#1192,#1193,#1194,#1195));
#280=EDGE_LOOP('',(#1196,#1197,#1198,#1199));
#281=EDGE_LOOP('',(#1200,#1201,#1202,#1203));
#282=EDGE_LOOP('',(#1204,#1205,#1206,#1207,#1208,#1209,#1210,#1211,#1212,
#1213,#1214,#1215));
#283=EDGE_LOOP('',(#1216));
#284=EDGE_LOOP('',(#1217));
#285=EDGE_LOOP('',(#1218));
#286=EDGE_LOOP('',(#1219));
#287=EDGE_LOOP('',(#1220));
#288=EDGE_LOOP('',(#1221,#1222,#1223,#1224,#1225,#1226,#1227));
#289=EDGE_LOOP('',(#1228,#1229,#1230,#1231));
#290=EDGE_LOOP('',(#1232,#1233,#1234,#1235,#1236));
#291=EDGE_LOOP('',(#1237,#1238,#1239,#1240,#1241,#1242,#1243,#1244));
#292=EDGE_LOOP('',(#1245,#1246,#1247,#1248,#1249));
#293=EDGE_LOOP('',(#1250,#1251,#1252,#1253));
#294=EDGE_LOOP('',(#1254,#1255,#1256,#1257));
#295=EDGE_LOOP('',(#1258,#1259,#1260,#1261));
#296=EDGE_LOOP('',(#1262,#1263,#1264,#1265));
#297=EDGE_LOOP('',(#1266,#1267,#1268,#1269));
#298=EDGE_LOOP('',(#1270,#1271,#1272,#1273));
#299=EDGE_LOOP('',(#1274,#1275,#1276,#1277));
#300=EDGE_LOOP('',(#1278,#1279,#1280,#1281));
#301=EDGE_LOOP('',(#1282,#1283,#1284,#1285));
#302=EDGE_LOOP('',(#1286,#1287,#1288,#1289));
#303=EDGE_LOOP('',(#1290,#1291,#1292,#1293));
#304=EDGE_LOOP('',(#1294,#1295,#1296,#1297));
#305=EDGE_LOOP('',(#1298,#1299,#1300,#1301));
#306=EDGE_LOOP('',(#1302,#1303,#1304,#1305));
#307=EDGE_LOOP('',(#1306,#1307,#1308,#1309));
#308=EDGE_LOOP('',(#1310,#1311,#1312,#1313,#1314,#1315,#1316,#1317));
#309=EDGE_LOOP('',(#1318,#1319,#1320,#1321));
#310=EDGE_LOOP('',(#1322,#1323,#1324,#1325));
#311=EDGE_LOOP('',(#1326,#1327,#1328,#1329));
#312=EDGE_LOOP('',(#1330,#1331,#1332,#1333));
#313=EDGE_LOOP('',(#1334,#1335,#1336,#1337));
#314=EDGE_LOOP('',(#1338,#1339,#1340,#1341,#1342,#1343,#1344,#1345));
#315=EDGE_LOOP('',(#1346,#1347,#1348,#1349,#1350,#1351,#1352,#1353));
#316=EDGE_LOOP('',(#1354,#1355,#1356,#1357));
#317=EDGE_LOOP('',(#1358,#1359,#1360,#1361));
#318=EDGE_LOOP('',(#1362,#1363,#1364,#1365,#1366,#1367,#1368,#1369));
#319=EDGE_LOOP('',(#1370,#1371,#1372,#1373));
#320=EDGE_LOOP('',(#1374));
#321=EDGE_LOOP('',(#1375,#1376,#1377,#1378,#1379));
#322=EDGE_LOOP('',(#1380));
#323=EDGE_LOOP('',(#1381));
#324=EDGE_LOOP('',(#1382,#1383,#1384,#1385));
#325=EDGE_LOOP('',(#1386));
#326=EDGE_LOOP('',(#1387));
#327=EDGE_LOOP('',(#1388,#1389,#1390,#1391));
#328=EDGE_LOOP('',(#1392));
#329=EDGE_LOOP('',(#1393));
#330=EDGE_LOOP('',(#1394,#1395,#1396,#1397));
#331=EDGE_LOOP('',(#1398));
#332=EDGE_LOOP('',(#1399));
#333=EDGE_LOOP('',(#1400,#1401,#1402,#1403,#1404));
#334=EDGE_LOOP('',(#1405,#1406,#1407,#1408,#1409,#1410));
#335=EDGE_LOOP('',(#1411,#1412,#1413,#1414,#1415));
#336=EDGE_LOOP('',(#1416,#1417,#1418,#1419,#1420,#1421));
#337=EDGE_LOOP('',(#1422,#1423,#1424,#1425,#1426,#1427,#1428,#1429));
#338=EDGE_LOOP('',(#1430,#1431,#1432));
#339=EDGE_LOOP('',(#1433,#1434,#1435));
#340=EDGE_LOOP('',(#1436,#1437,#1438,#1439,#1440,#1441,#1442));
#341=EDGE_LOOP('',(#1443,#1444,#1445));
#342=EDGE_LOOP('',(#1446,#1447,#1448,#1449));
#343=EDGE_LOOP('',(#1450,#1451,#1452,#1453));
#344=EDGE_LOOP('',(#1454,#1455,#1456,#1457,#1458,#1459,#1460,#1461,#1462,
#1463,#1464));
#345=EDGE_LOOP('',(#1465,#1466));
#346=EDGE_LOOP('',(#1467,#1468,#1469));
#347=EDGE_LOOP('',(#1470,#1471,#1472,#1473,#1474,#1475,#1476,#1477,#1478,
#1479,#1480,#1481,#1482,#1483,#1484,#1485,#1486,#1487));
#348=EDGE_LOOP('',(#1488,#1489,#1490,#1491,#1492,#1493,#1494,#1495,#1496,
#1497,#1498));
#349=EDGE_LOOP('',(#1499,#1500,#1501,#1502));
#350=EDGE_LOOP('',(#1503,#1504,#1505,#1506,#1507,#1508,#1509,#1510));
#351=EDGE_LOOP('',(#1511,#1512));
#352=EDGE_LOOP('',(#1513,#1514,#1515,#1516,#1517,#1518,#1519,#1520));
#353=EDGE_LOOP('',(#1521,#1522,#1523,#1524));
#354=EDGE_LOOP('',(#1525,#1526,#1527,#1528));
#355=EDGE_LOOP('',(#1529,#1530,#1531,#1532));
#356=EDGE_LOOP('',(#1533,#1534,#1535,#1536));
#357=EDGE_LOOP('',(#1537,#1538,#1539,#1540));
#358=EDGE_LOOP('',(#1541,#1542,#1543,#1544));
#359=EDGE_LOOP('',(#1545,#1546,#1547,#1548));
#360=EDGE_LOOP('',(#1549,#1550,#1551,#1552));
#361=EDGE_LOOP('',(#1553,#1554,#1555,#1556));
#362=EDGE_LOOP('',(#1557,#1558,#1559,#1560));
#363=EDGE_LOOP('',(#1561,#1562,#1563,#1564));
#364=EDGE_LOOP('',(#1565,#1566,#1567,#1568));
#365=EDGE_LOOP('',(#1569,#1570,#1571,#1572));
#366=EDGE_LOOP('',(#1573,#1574,#1575,#1576));
#367=EDGE_LOOP('',(#1577,#1578,#1579,#1580));
#368=EDGE_LOOP('',(#1581,#1582,#1583,#1584));
#369=EDGE_LOOP('',(#1585,#1586,#1587,#1588));
#370=EDGE_LOOP('',(#1589,#1590,#1591,#1592));
#371=EDGE_LOOP('',(#1593,#1594,#1595,#1596));
#372=EDGE_LOOP('',(#1597,#1598,#1599,#1600));
#373=EDGE_LOOP('',(#1601,#1602,#1603,#1604));
#374=EDGE_LOOP('',(#1605,#1606,#1607,#1608));
#375=EDGE_LOOP('',(#1609,#1610,#1611,#1612));
#376=EDGE_LOOP('',(#1613,#1614,#1615,#1616));
#377=EDGE_LOOP('',(#1617,#1618,#1619,#1620,#1621,#1622));
#378=EDGE_LOOP('',(#1623,#1624,#1625,#1626));
#379=EDGE_LOOP('',(#1627,#1628,#1629,#1630));
#380=EDGE_LOOP('',(#1631,#1632,#1633,#1634,#1635,#1636,#1637,#1638,#1639,
#1640));
#381=EDGE_LOOP('',(#1641,#1642,#1643,#1644,#1645,#1646,#1647,#1648));
#382=LINE('',#2400,#533);
#383=LINE('',#2406,#534);
#384=LINE('',#2411,#535);
#385=LINE('',#2417,#536);
#386=LINE('',#2428,#537);
#387=LINE('',#2433,#538);
#388=LINE('',#2437,#539);
#389=LINE('',#2442,#540);
#390=LINE('',#2444,#541);
#391=LINE('',#2446,#542);
#392=LINE('',#2449,#543);
#393=LINE('',#2456,#544);
#394=LINE('',#2459,#545);
#395=LINE('',#2464,#546);
#396=LINE('',#2469,#547);
#397=LINE('',#2470,#548);
#398=LINE('',#2473,#549);
#399=LINE('',#2477,#550);
#400=LINE('',#2479,#551);
#401=LINE('',#2481,#552);
#402=LINE('',#2483,#553);
#403=LINE('',#2485,#554);
#404=LINE('',#2489,#555);
#405=LINE('',#2492,#556);
#406=LINE('',#2563,#557);
#407=LINE('',#2564,#558);
#408=LINE('',#2570,#559);
#409=LINE('',#2573,#560);
#410=LINE('',#2575,#561);
#411=LINE('',#2577,#562);
#412=LINE('',#2578,#563);
#413=LINE('',#2581,#564);
#414=LINE('',#2586,#565);
#415=LINE('',#2589,#566);
#416=LINE('',#2590,#567);
#417=LINE('',#2592,#568);
#418=LINE('',#2593,#569);
#419=LINE('',#2595,#570);
#420=LINE('',#2601,#571);
#421=LINE('',#2604,#572);
#422=LINE('',#2623,#573);
#423=LINE('',#2624,#574);
#424=LINE('',#2643,#575);
#425=LINE('',#2644,#576);
#426=LINE('',#2663,#577);
#427=LINE('',#2664,#578);
#428=LINE('',#2693,#579);
#429=LINE('',#2709,#580);
#430=LINE('',#2713,#581);
#431=LINE('',#2740,#582);
#432=LINE('',#2743,#583);
#433=LINE('',#2745,#584);
#434=LINE('',#2746,#585);
#435=LINE('',#2751,#586);
#436=LINE('',#2753,#587);
#437=LINE('',#2755,#588);
#438=LINE('',#2759,#589);
#439=LINE('',#2761,#590);
#440=LINE('',#2762,#591);
#441=LINE('',#2767,#592);
#442=LINE('',#2769,#593);
#443=LINE('',#2771,#594);
#444=LINE('',#2775,#595);
#445=LINE('',#2777,#596);
#446=LINE('',#2778,#597);
#447=LINE('',#2781,#598);
#448=LINE('',#2783,#599);
#449=LINE('',#2785,#600);
#450=LINE('',#2786,#601);
#451=LINE('',#2789,#602);
#452=LINE('',#2791,#603);
#453=LINE('',#2793,#604);
#454=LINE('',#2794,#605);
#455=LINE('',#2797,#606);
#456=LINE('',#2803,#607);
#457=LINE('',#2808,#608);
#458=LINE('',#2813,#609);
#459=LINE('',#2818,#610);
#460=LINE('',#2822,#611);
#461=LINE('',#2874,#612);
#462=LINE('',#2936,#613);
#463=LINE('',#3020,#614);
#464=LINE('',#3153,#615);
#465=LINE('',#3155,#616);
#466=LINE('',#3157,#617);
#467=LINE('',#3158,#618);
#468=LINE('',#3159,#619);
#469=LINE('',#3170,#620);
#470=LINE('',#3171,#621);
#471=LINE('',#3173,#622);
#472=LINE('',#3181,#623);
#473=LINE('',#3183,#624);
#474=LINE('',#3223,#625);
#475=LINE('',#3224,#626);
#476=LINE('',#3226,#627);
#477=LINE('',#3243,#628);
#478=LINE('',#3244,#629);
#479=LINE('',#3305,#630);
#480=LINE('',#3314,#631);
#481=LINE('',#3318,#632);
#482=LINE('',#3325,#633);
#483=LINE('',#3326,#634);
#484=LINE('',#3345,#635);
#485=LINE('',#3349,#636);
#486=LINE('',#3350,#637);
#487=LINE('',#3352,#638);
#488=LINE('',#3354,#639);
#489=LINE('',#3356,#640);
#490=LINE('',#3358,#641);
#491=LINE('',#3359,#642);
#492=LINE('',#3361,#643);
#493=LINE('',#3363,#644);
#494=LINE('',#3367,#645);
#495=LINE('',#3368,#646);
#496=LINE('',#3397,#647);
#497=LINE('',#3398,#648);
#498=LINE('',#3415,#649);
#499=LINE('',#3416,#650);
#500=LINE('',#3465,#651);
#501=LINE('',#3467,#652);
#502=LINE('',#3470,#653);
#503=LINE('',#3474,#654);
#504=LINE('',#3475,#655);
#505=LINE('',#3478,#656);
#506=LINE('',#3479,#657);
#507=LINE('',#3481,#658);
#508=LINE('',#3483,#659);
#509=LINE('',#3484,#660);
#510=LINE('',#3486,#661);
#511=LINE('',#3488,#662);
#512=LINE('',#3489,#663);
#513=LINE('',#3491,#664);
#514=LINE('',#3493,#665);
#515=LINE('',#3494,#666);
#516=LINE('',#3496,#667);
#517=LINE('',#3499,#668);
#518=LINE('',#3500,#669);
#519=LINE('',#3502,#670);
#520=LINE('',#3504,#671);
#521=LINE('',#3506,#672);
#522=LINE('',#3510,#673);
#523=LINE('',#3511,#674);
#524=LINE('',#3513,#675);
#525=LINE('',#3515,#676);
#526=LINE('',#3518,#677);
#527=LINE('',#3519,#678);
#528=LINE('',#3521,#679);
#529=LINE('',#3523,#680);
#530=LINE('',#3526,#681);
#531=LINE('',#3529,#682);
#532=LINE('',#3532,#683);
#533=VECTOR('',#1931,1.25);
#534=VECTOR('',#1940,1.75);
#535=VECTOR('',#1945,1.25);
#536=VECTOR('',#1954,1.75);
#537=VECTOR('',#1967,4.);
#538=VECTOR('',#1972,10.);
#539=VECTOR('',#1975,10.);
#540=VECTOR('',#1980,10.);
#541=VECTOR('',#1981,10.);
#542=VECTOR('',#1982,10.);
#543=VECTOR('',#1985,10.);
#544=VECTOR('',#1994,3.);
#545=VECTOR('',#1997,4.);
#546=VECTOR('',#2004,3.);
#547=VECTOR('',#2009,10.);
#548=VECTOR('',#2010,10.);
#549=VECTOR('',#2013,10.);
#550=VECTOR('',#2016,10.);
#551=VECTOR('',#2017,10.);
#552=VECTOR('',#2018,10.);
#553=VECTOR('',#2019,10.);
#554=VECTOR('',#2020,10.);
#555=VECTOR('',#2023,10.);
#556=VECTOR('',#2026,10.);
#557=VECTOR('',#2039,10.);
#558=VECTOR('',#2040,10.);
#559=VECTOR('',#2047,10.);
#560=VECTOR('',#2050,10.);
#561=VECTOR('',#2051,10.);
#562=VECTOR('',#2052,10.);
#563=VECTOR('',#2053,10.);
#564=VECTOR('',#2056,10.);
#565=VECTOR('',#2061,10.);
#566=VECTOR('',#2064,10.);
#567=VECTOR('',#2065,10.);
#568=VECTOR('',#2068,10.);
#569=VECTOR('',#2069,10.);
#570=VECTOR('',#2072,10.);
#571=VECTOR('',#2077,10.);
#572=VECTOR('',#2080,10.);
#573=VECTOR('',#2091,10.);
#574=VECTOR('',#2092,10.);
#575=VECTOR('',#2103,10.);
#576=VECTOR('',#2104,10.);
#577=VECTOR('',#2115,10.);
#578=VECTOR('',#2116,10.);
#579=VECTOR('',#2131,5.);
#580=VECTOR('',#2140,5.);
#581=VECTOR('',#2145,5.);
#582=VECTOR('',#2158,5.);
#583=VECTOR('',#2161,10.);
#584=VECTOR('',#2162,10.);
#585=VECTOR('',#2163,10.);
#586=VECTOR('',#2166,10.);
#587=VECTOR('',#2167,10.);
#588=VECTOR('',#2168,10.);
#589=VECTOR('',#2171,10.);
#590=VECTOR('',#2172,10.);
#591=VECTOR('',#2173,10.);
#592=VECTOR('',#2176,10.);
#593=VECTOR('',#2177,10.);
#594=VECTOR('',#2178,10.);
#595=VECTOR('',#2181,10.);
#596=VECTOR('',#2182,10.);
#597=VECTOR('',#2183,10.);
#598=VECTOR('',#2184,10.);
#599=VECTOR('',#2185,10.);
#600=VECTOR('',#2186,10.);
#601=VECTOR('',#2187,10.);
#602=VECTOR('',#2188,10.);
#603=VECTOR('',#2189,10.);
#604=VECTOR('',#2190,10.);
#605=VECTOR('',#2191,10.);
#606=VECTOR('',#2194,1.75);
#607=VECTOR('',#2203,3.);
#608=VECTOR('',#2210,1.75000000000001);
#609=VECTOR('',#2217,3.);
#610=VECTOR('',#2224,1.75);
#611=VECTOR('',#2229,1.8);
#612=VECTOR('',#2232,1.8);
#613=VECTOR('',#2235,1.8);
#614=VECTOR('',#2238,1.8);
#615=VECTOR('',#2239,23.3307372239665);
#616=VECTOR('',#2240,10.);
#617=VECTOR('',#2241,10.);
#618=VECTOR('',#2242,15.759438224062);
#619=VECTOR('',#2243,23.3307372239665);
#620=VECTOR('',#2246,10.);
#621=VECTOR('',#2247,10.);
#622=VECTOR('',#2250,10.);
#623=VECTOR('',#2253,10.);
#624=VECTOR('',#2254,10.);
#625=VECTOR('',#2257,10.);
#626=VECTOR('',#2258,10.);
#627=VECTOR('',#2261,10.);
#628=VECTOR('',#2262,15.5136857719607);
#629=VECTOR('',#2263,15.1848802459249);
#630=VECTOR('',#2264,23.5970964918892);
#631=VECTOR('',#2265,10.);
#632=VECTOR('',#2268,10.);
#633=VECTOR('',#2269,10.);
#634=VECTOR('',#2270,23.5970964918892);
#635=VECTOR('',#2273,10.);
#636=VECTOR('',#2276,10.);
#637=VECTOR('',#2277,10.);
#638=VECTOR('',#2278,10.);
#639=VECTOR('',#2279,10.);
#640=VECTOR('',#2280,10.);
#641=VECTOR('',#2281,10.);
#642=VECTOR('',#2282,10.);
#643=VECTOR('',#2283,10.);
#644=VECTOR('',#2284,10.);
#645=VECTOR('',#2287,10.);
#646=VECTOR('',#2288,10.);
#647=VECTOR('',#2289,10.);
#648=VECTOR('',#2290,10.);
#649=VECTOR('',#2291,10.);
#650=VECTOR('',#2292,15.4425491334356);
#651=VECTOR('',#2293,10.);
#652=VECTOR('',#2296,10.);
#653=VECTOR('',#2299,10.);
#654=VECTOR('',#2302,10.);
#655=VECTOR('',#2303,10.);
#656=VECTOR('',#2308,10.);
#657=VECTOR('',#2309,10.);
#658=VECTOR('',#2312,10.);
#659=VECTOR('',#2315,10.);
#660=VECTOR('',#2316,10.);
#661=VECTOR('',#2319,10.);
#662=VECTOR('',#2322,10.);
#663=VECTOR('',#2323,10.);
#664=VECTOR('',#2326,10.);
#665=VECTOR('',#2329,10.);
#666=VECTOR('',#2330,10.);
#667=VECTOR('',#2333,10.);
#668=VECTOR('',#2336,10.);
#669=VECTOR('',#2337,10.);
#670=VECTOR('',#2340,10.);
#671=VECTOR('',#2343,10.);
#672=VECTOR('',#2346,10.);
#673=VECTOR('',#2353,10.);
#674=VECTOR('',#2354,10.);
#675=VECTOR('',#2357,10.);
#676=VECTOR('',#2360,10.);
#677=VECTOR('',#2365,10.);
#678=VECTOR('',#2366,10.);
#679=VECTOR('',#2369,10.);
#680=VECTOR('',#2372,10.);
#681=VECTOR('',#2377,10.);
#682=VECTOR('',#2382,10.);
#683=VECTOR('',#2387,10.);
#684=CIRCLE('',#1766,1.75);
#685=CIRCLE('',#1767,0.750000000000002);
#686=CIRCLE('',#1770,1.75);
#687=CIRCLE('',#1772,1.75);
#688=CIRCLE('',#1773,0.75);
#689=CIRCLE('',#1776,1.75);
#690=CIRCLE('',#1778,1.75000000000001);
#691=CIRCLE('',#1780,1.75);
#692=CIRCLE('',#1782,5.);
#693=CIRCLE('',#1783,3.);
#694=CIRCLE('',#1786,3.);
#695=CIRCLE('',#1787,3.);
#696=CIRCLE('',#1788,3.);
#697=CIRCLE('',#1790,5.);
#698=CIRCLE('',#1792,3.);
#699=CIRCLE('',#1794,3.);
#700=CIRCLE('',#1796,3.);
#701=CIRCLE('',#1803,1.75);
#702=CIRCLE('',#1804,1.8);
#703=CIRCLE('',#1805,1.8);
#704=CIRCLE('',#1806,1.8);
#705=CIRCLE('',#1807,1.8);
#706=CIRCLE('',#1820,5.);
#707=CIRCLE('',#1821,5.);
#708=CIRCLE('',#1822,5.);
#709=CIRCLE('',#1823,2.82055052822966);
#710=CIRCLE('',#1824,0.641101056459326);
#711=CIRCLE('',#1826,5.);
#712=CIRCLE('',#1827,5.);
#713=CIRCLE('',#1828,2.82055052822966);
#714=CIRCLE('',#1829,0.641101056459328);
#715=CIRCLE('',#1831,5.);
#716=CIRCLE('',#1832,5.);
#717=CIRCLE('',#1833,2.82055052822966);
#718=CIRCLE('',#1834,0.641101056459328);
#719=CIRCLE('',#1836,5.);
#720=CIRCLE('',#1837,2.82055052822968);
#721=CIRCLE('',#1838,0.641101056459342);
#722=CIRCLE('',#1839,5.);
#723=CIRCLE('',#1840,5.);
#724=CIRCLE('',#1841,5.);
#725=CIRCLE('',#1843,5.);
#726=CIRCLE('',#1844,5.);
#727=CIRCLE('',#1845,5.00000000000002);
#728=CIRCLE('',#1847,5.);
#729=CIRCLE('',#1850,5.);
#730=CIRCLE('',#1851,5.);
#731=CIRCLE('',#1852,5.);
#732=CIRCLE('',#1853,5.);
#733=CIRCLE('',#1854,5.);
#734=CIRCLE('',#1857,4.);
#735=CIRCLE('',#1858,4.);
#736=CIRCLE('',#1859,4.);
#737=CIRCLE('',#1860,4.);
#738=CIRCLE('',#1862,1.75);
#739=CIRCLE('',#1865,3.);
#740=CIRCLE('',#1868,1.75000000000001);
#741=CIRCLE('',#1871,3.);
#742=CIRCLE('',#1874,1.75);
#743=CIRCLE('',#1885,4.);
#744=CIRCLE('',#1887,4.);
#745=CIRCLE('',#1888,4.);
#746=CIRCLE('',#1889,4.);
#747=CIRCLE('',#1891,4.);
#748=VERTEX_POINT('',#2397);
#749=VERTEX_POINT('',#2399);
#750=VERTEX_POINT('',#2404);
#751=VERTEX_POINT('',#2408);
#752=VERTEX_POINT('',#2410);
#753=VERTEX_POINT('',#2415);
#754=VERTEX_POINT('',#2419);
#755=VERTEX_POINT('',#2422);
#756=VERTEX_POINT('',#2425);
#757=VERTEX_POINT('',#2427);
#758=VERTEX_POINT('',#2431);
#759=VERTEX_POINT('',#2432);
#760=VERTEX_POINT('',#2434);
#761=VERTEX_POINT('',#2436);
#762=VERTEX_POINT('',#2438);
#763=VERTEX_POINT('',#2441);
#764=VERTEX_POINT('',#2443);
#765=VERTEX_POINT('',#2445);
#766=VERTEX_POINT('',#2448);
#767=VERTEX_POINT('',#2451);
#768=VERTEX_POINT('',#2454);
#769=VERTEX_POINT('',#2458);
#770=VERTEX_POINT('',#2462);
#771=VERTEX_POINT('',#2466);
#772=VERTEX_POINT('',#2467);
#773=VERTEX_POINT('',#2472);
#774=VERTEX_POINT('',#2474);
#775=VERTEX_POINT('',#2476);
#776=VERTEX_POINT('',#2478);
#777=VERTEX_POINT('',#2480);
#778=VERTEX_POINT('',#2482);
#779=VERTEX_POINT('',#2484);
#780=VERTEX_POINT('',#2486);
#781=VERTEX_POINT('',#2488);
#782=VERTEX_POINT('',#2490);
#783=VERTEX_POINT('',#2493);
#784=VERTEX_POINT('',#2495);
#785=VERTEX_POINT('',#2497);
#786=VERTEX_POINT('',#2499);
#787=VERTEX_POINT('',#2501);
#788=VERTEX_POINT('',#2503);
#789=VERTEX_POINT('',#2504);
#790=VERTEX_POINT('',#2520);
#791=VERTEX_POINT('',#2528);
#792=VERTEX_POINT('',#2534);
#793=VERTEX_POINT('',#2539);
#794=VERTEX_POINT('',#2552);
#795=VERTEX_POINT('',#2562);
#796=VERTEX_POINT('',#2566);
#797=VERTEX_POINT('',#2568);
#798=VERTEX_POINT('',#2572);
#799=VERTEX_POINT('',#2574);
#800=VERTEX_POINT('',#2576);
#801=VERTEX_POINT('',#2580);
#802=VERTEX_POINT('',#2582);
#803=VERTEX_POINT('',#2584);
#804=VERTEX_POINT('',#2588);
#805=VERTEX_POINT('',#2597);
#806=VERTEX_POINT('',#2598);
#807=VERTEX_POINT('',#2600);
#808=VERTEX_POINT('',#2602);
#809=VERTEX_POINT('',#2614);
#810=VERTEX_POINT('',#2615);
#811=VERTEX_POINT('',#2620);
#812=VERTEX_POINT('',#2621);
#813=VERTEX_POINT('',#2634);
#814=VERTEX_POINT('',#2635);
#815=VERTEX_POINT('',#2640);
#816=VERTEX_POINT('',#2641);
#817=VERTEX_POINT('',#2654);
#818=VERTEX_POINT('',#2655);
#819=VERTEX_POINT('',#2660);
#820=VERTEX_POINT('',#2661);
#821=VERTEX_POINT('',#2685);
#822=VERTEX_POINT('',#2687);
#823=VERTEX_POINT('',#2691);
#824=VERTEX_POINT('',#2703);
#825=VERTEX_POINT('',#2707);
#826=VERTEX_POINT('',#2712);
#827=VERTEX_POINT('',#2724);
#828=VERTEX_POINT('',#2736);
#829=VERTEX_POINT('',#2742);
#830=VERTEX_POINT('',#2744);
#831=VERTEX_POINT('',#2747);
#832=VERTEX_POINT('',#2748);
#833=VERTEX_POINT('',#2750);
#834=VERTEX_POINT('',#2752);
#835=VERTEX_POINT('',#2754);
#836=VERTEX_POINT('',#2756);
#837=VERTEX_POINT('',#2758);
#838=VERTEX_POINT('',#2760);
#839=VERTEX_POINT('',#2763);
#840=VERTEX_POINT('',#2764);
#841=VERTEX_POINT('',#2766);
#842=VERTEX_POINT('',#2768);
#843=VERTEX_POINT('',#2770);
#844=VERTEX_POINT('',#2772);
#845=VERTEX_POINT('',#2774);
#846=VERTEX_POINT('',#2776);
#847=VERTEX_POINT('',#2779);
#848=VERTEX_POINT('',#2780);
#849=VERTEX_POINT('',#2782);
#850=VERTEX_POINT('',#2784);
#851=VERTEX_POINT('',#2787);
#852=VERTEX_POINT('',#2788);
#853=VERTEX_POINT('',#2790);
#854=VERTEX_POINT('',#2792);
#855=VERTEX_POINT('',#2796);
#856=VERTEX_POINT('',#2801);
#857=VERTEX_POINT('',#2806);
#858=VERTEX_POINT('',#2811);
#859=VERTEX_POINT('',#2816);
#860=VERTEX_POINT('',#2821);
#861=VERTEX_POINT('',#2823);
#862=VERTEX_POINT('',#2873);
#863=VERTEX_POINT('',#2875);
#864=VERTEX_POINT('',#2890);
#865=VERTEX_POINT('',#2935);
#866=VERTEX_POINT('',#2937);
#867=VERTEX_POINT('',#3019);
#868=VERTEX_POINT('',#3021);
#869=VERTEX_POINT('',#3056);
#870=VERTEX_POINT('',#3152);
#871=VERTEX_POINT('',#3154);
#872=VERTEX_POINT('',#3156);
#873=VERTEX_POINT('',#3161);
#874=VERTEX_POINT('',#3162);
#875=VERTEX_POINT('',#3169);
#876=VERTEX_POINT('',#3175);
#877=VERTEX_POINT('',#3180);
#878=VERTEX_POINT('',#3182);
#879=VERTEX_POINT('',#3194);
#880=VERTEX_POINT('',#3222);
#881=VERTEX_POINT('',#3306);
#882=VERTEX_POINT('',#3313);
#883=VERTEX_POINT('',#3315);
#884=VERTEX_POINT('',#3317);
#885=VERTEX_POINT('',#3319);
#886=VERTEX_POINT('',#3324);
#887=VERTEX_POINT('',#3344);
#888=VERTEX_POINT('',#3346);
#889=VERTEX_POINT('',#3348);
#890=VERTEX_POINT('',#3351);
#891=VERTEX_POINT('',#3353);
#892=VERTEX_POINT('',#3355);
#893=VERTEX_POINT('',#3357);
#894=VERTEX_POINT('',#3360);
#895=VERTEX_POINT('',#3362);
#896=VERTEX_POINT('',#3364);
#897=VERTEX_POINT('',#3366);
#898=VERTEX_POINT('',#3469);
#899=VERTEX_POINT('',#3471);
#900=VERTEX_POINT('',#3473);
#901=VERTEX_POINT('',#3498);
#902=EDGE_CURVE('',#748,#748,#684,.T.);
#903=EDGE_CURVE('',#748,#749,#382,.T.);
#904=EDGE_CURVE('',#749,#749,#685,.T.);
#905=EDGE_CURVE('',#750,#750,#686,.T.);
#906=EDGE_CURVE('',#750,#748,#383,.T.);
#907=EDGE_CURVE('',#751,#751,#687,.T.);
#908=EDGE_CURVE('',#751,#752,#384,.T.);
#909=EDGE_CURVE('',#752,#752,#688,.T.);
#910=EDGE_CURVE('',#753,#753,#689,.T.);
#911=EDGE_CURVE('',#753,#751,#385,.T.);
#912=EDGE_CURVE('',#754,#754,#690,.T.);
#913=EDGE_CURVE('',#755,#755,#691,.T.);
#914=EDGE_CURVE('',#756,#756,#692,.T.);
#915=EDGE_CURVE('',#756,#757,#386,.T.);
#916=EDGE_CURVE('',#757,#757,#693,.T.);
#917=EDGE_CURVE('',#758,#759,#387,.T.);
#918=EDGE_CURVE('',#760,#759,#81,.F.);
#919=EDGE_CURVE('',#761,#760,#388,.T.);
#920=EDGE_CURVE('',#761,#762,#694,.T.);
#921=EDGE_CURVE('',#762,#761,#695,.T.);
#922=EDGE_CURVE('',#763,#761,#389,.T.);
#923=EDGE_CURVE('',#764,#763,#390,.T.);
#924=EDGE_CURVE('',#765,#764,#391,.T.);
#925=EDGE_CURVE('',#765,#765,#696,.T.);
#926=EDGE_CURVE('',#766,#765,#392,.T.);
#927=EDGE_CURVE('',#766,#758,#82,.T.);
#928=EDGE_CURVE('',#767,#767,#697,.T.);
#929=EDGE_CURVE('',#768,#768,#698,.T.);
#930=EDGE_CURVE('',#768,#757,#393,.T.);
#931=EDGE_CURVE('',#767,#769,#394,.T.);
#932=EDGE_CURVE('',#769,#769,#699,.T.);
#933=EDGE_CURVE('',#770,#770,#700,.T.);
#934=EDGE_CURVE('',#770,#769,#395,.T.);
#935=EDGE_CURVE('',#771,#772,#83,.T.);
#936=EDGE_CURVE('',#772,#758,#396,.T.);
#937=EDGE_CURVE('',#766,#771,#397,.T.);
#938=EDGE_CURVE('',#771,#773,#398,.T.);
#939=EDGE_CURVE('',#774,#773,#84,.T.);
#940=EDGE_CURVE('',#774,#775,#399,.T.);
#941=EDGE_CURVE('',#775,#776,#400,.T.);
#942=EDGE_CURVE('',#776,#777,#401,.T.);
#943=EDGE_CURVE('',#777,#778,#402,.T.);
#944=EDGE_CURVE('',#778,#779,#403,.T.);
#945=EDGE_CURVE('',#780,#779,#85,.T.);
#946=EDGE_CURVE('',#780,#781,#404,.T.);
#947=EDGE_CURVE('',#782,#781,#86,.T.);
#948=EDGE_CURVE('',#782,#772,#405,.T.);
#949=EDGE_CURVE('',#783,#783,#701,.T.);
#950=EDGE_CURVE('',#784,#784,#702,.T.);
#951=EDGE_CURVE('',#785,#785,#703,.T.);
#952=EDGE_CURVE('',#786,#786,#704,.T.);
#953=EDGE_CURVE('',#787,#787,#705,.T.);
#954=EDGE_CURVE('',#788,#789,#38,.T.);
#955=EDGE_CURVE('',#789,#790,#39,.T.);
#956=EDGE_CURVE('',#790,#791,#40,.T.);
#957=EDGE_CURVE('',#791,#792,#41,.T.);
#958=EDGE_CURVE('',#792,#793,#42,.T.);
#959=EDGE_CURVE('',#793,#794,#43,.T.);
#960=EDGE_CURVE('',#794,#788,#44,.T.);
#961=EDGE_CURVE('',#795,#766,#406,.T.);
#962=EDGE_CURVE('',#773,#795,#407,.T.);
#963=EDGE_CURVE('',#795,#796,#87,.T.);
#964=EDGE_CURVE('',#796,#797,#88,.T.);
#965=EDGE_CURVE('',#797,#774,#408,.T.);
#966=EDGE_CURVE('',#798,#764,#409,.T.);
#967=EDGE_CURVE('',#798,#799,#410,.T.);
#968=EDGE_CURVE('',#800,#799,#411,.T.);
#969=EDGE_CURVE('',#796,#800,#412,.T.);
#970=EDGE_CURVE('',#779,#801,#413,.T.);
#971=EDGE_CURVE('',#801,#802,#89,.T.);
#972=EDGE_CURVE('',#802,#803,#90,.T.);
#973=EDGE_CURVE('',#803,#780,#414,.T.);
#974=EDGE_CURVE('',#778,#804,#415,.T.);
#975=EDGE_CURVE('',#801,#804,#416,.T.);
#976=EDGE_CURVE('',#760,#803,#417,.T.);
#977=EDGE_CURVE('',#781,#760,#418,.T.);
#978=EDGE_CURVE('',#759,#782,#419,.T.);
#979=EDGE_CURVE('',#805,#806,#706,.T.);
#980=EDGE_CURVE('',#806,#807,#420,.T.);
#981=EDGE_CURVE('',#807,#808,#707,.T.);
#982=EDGE_CURVE('',#808,#805,#421,.T.);
#983=EDGE_CURVE('',#809,#810,#708,.T.);
#984=EDGE_CURVE('',#810,#808,#709,.T.);
#985=EDGE_CURVE('',#807,#809,#710,.T.);
#986=EDGE_CURVE('',#811,#812,#711,.T.);
#987=EDGE_CURVE('',#812,#810,#422,.T.);
#988=EDGE_CURVE('',#809,#811,#423,.T.);
#989=EDGE_CURVE('',#813,#814,#712,.T.);
#990=EDGE_CURVE('',#814,#812,#713,.T.);
#991=EDGE_CURVE('',#811,#813,#714,.T.);
#992=EDGE_CURVE('',#815,#816,#715,.T.);
#993=EDGE_CURVE('',#816,#814,#424,.T.);
#994=EDGE_CURVE('',#813,#815,#425,.T.);
#995=EDGE_CURVE('',#817,#818,#716,.T.);
#996=EDGE_CURVE('',#818,#816,#717,.T.);
#997=EDGE_CURVE('',#815,#817,#718,.T.);
#998=EDGE_CURVE('',#819,#820,#719,.T.);
#999=EDGE_CURVE('',#820,#818,#426,.T.);
#1000=EDGE_CURVE('',#817,#819,#427,.T.);
#1001=EDGE_CURVE('',#805,#820,#720,.T.);
#1002=EDGE_CURVE('',#819,#806,#721,.T.);
#1003=EDGE_CURVE('',#821,#818,#722,.T.);
#1004=EDGE_CURVE('',#821,#822,#723,.T.);
#1005=EDGE_CURVE('',#822,#816,#724,.T.);
#1006=EDGE_CURVE('',#820,#823,#725,.T.);
#1007=EDGE_CURVE('',#823,#821,#428,.T.);
#1008=EDGE_CURVE('',#805,#824,#726,.T.);
#1009=EDGE_CURVE('',#824,#823,#727,.T.);
#1010=EDGE_CURVE('',#808,#825,#728,.T.);
#1011=EDGE_CURVE('',#825,#824,#429,.T.);
#1012=EDGE_CURVE('',#822,#826,#430,.T.);
#1013=EDGE_CURVE('',#826,#814,#729,.T.);
#1014=EDGE_CURVE('',#810,#827,#730,.T.);
#1015=EDGE_CURVE('',#827,#825,#731,.T.);
#1016=EDGE_CURVE('',#826,#828,#732,.T.);
#1017=EDGE_CURVE('',#828,#812,#733,.T.);
#1018=EDGE_CURVE('',#828,#827,#431,.T.);
#1019=EDGE_CURVE('',#799,#829,#432,.T.);
#1020=EDGE_CURVE('',#829,#830,#433,.T.);
#1021=EDGE_CURVE('',#830,#800,#434,.T.);
#1022=EDGE_CURVE('',#831,#832,#734,.T.);
#1023=EDGE_CURVE('',#831,#833,#435,.T.);
#1024=EDGE_CURVE('',#833,#834,#436,.T.);
#1025=EDGE_CURVE('',#834,#835,#437,.T.);
#1026=EDGE_CURVE('',#836,#835,#735,.T.);
#1027=EDGE_CURVE('',#836,#837,#438,.T.);
#1028=EDGE_CURVE('',#837,#838,#439,.T.);
#1029=EDGE_CURVE('',#838,#832,#440,.T.);
#1030=EDGE_CURVE('',#839,#840,#736,.T.);
#1031=EDGE_CURVE('',#839,#841,#441,.T.);
#1032=EDGE_CURVE('',#841,#842,#442,.T.);
#1033=EDGE_CURVE('',#842,#843,#443,.T.);
#1034=EDGE_CURVE('',#844,#843,#737,.T.);
#1035=EDGE_CURVE('',#844,#845,#444,.T.);
#1036=EDGE_CURVE('',#845,#846,#445,.T.);
#1037=EDGE_CURVE('',#846,#840,#446,.T.);
#1038=EDGE_CURVE('',#847,#848,#447,.T.);
#1039=EDGE_CURVE('',#848,#849,#448,.T.);
#1040=EDGE_CURVE('',#849,#850,#449,.T.);
#1041=EDGE_CURVE('',#850,#847,#450,.T.);
#1042=EDGE_CURVE('',#851,#852,#451,.T.);
#1043=EDGE_CURVE('',#852,#853,#452,.T.);
#1044=EDGE_CURVE('',#853,#854,#453,.T.);
#1045=EDGE_CURVE('',#854,#851,#454,.T.);
#1046=EDGE_CURVE('',#783,#855,#455,.T.);
#1047=EDGE_CURVE('',#855,#855,#738,.T.);
#1048=EDGE_CURVE('',#856,#856,#739,.T.);
#1049=EDGE_CURVE('',#856,#762,#456,.T.);
#1050=EDGE_CURVE('',#857,#857,#740,.T.);
#1051=EDGE_CURVE('',#857,#754,#457,.T.);
#1052=EDGE_CURVE('',#858,#858,#741,.T.);
#1053=EDGE_CURVE('',#858,#765,#458,.T.);
#1054=EDGE_CURVE('',#859,#859,#742,.T.);
#1055=EDGE_CURVE('',#859,#755,#459,.T.);
#1056=EDGE_CURVE('',#784,#860,#460,.T.);
#1057=EDGE_CURVE('',#861,#860,#45,.T.);
#1058=EDGE_CURVE('',#860,#861,#46,.T.);
#1059=EDGE_CURVE('',#785,#862,#461,.T.);
#1060=EDGE_CURVE('',#863,#862,#47,.T.);
#1061=EDGE_CURVE('',#864,#863,#48,.T.);
#1062=EDGE_CURVE('',#862,#864,#49,.T.);
#1063=EDGE_CURVE('',#786,#865,#462,.T.);
#1064=EDGE_CURVE('',#866,#865,#50,.T.);
#1065=EDGE_CURVE('',#865,#866,#51,.T.);
#1066=EDGE_CURVE('',#787,#867,#463,.T.);
#1067=EDGE_CURVE('',#868,#867,#52,.T.);
#1068=EDGE_CURVE('',#869,#868,#53,.T.);
#1069=EDGE_CURVE('',#867,#869,#54,.T.);
#1070=EDGE_CURVE('',#870,#864,#464,.T.);
#1071=EDGE_CURVE('',#871,#870,#465,.T.);
#1072=EDGE_CURVE('',#871,#872,#466,.T.);
#1073=EDGE_CURVE('',#872,#791,#467,.T.);
#1074=EDGE_CURVE('',#863,#790,#468,.T.);
#1075=EDGE_CURVE('',#873,#874,#55,.T.);
#1076=EDGE_CURVE('',#875,#873,#469,.T.);
#1077=EDGE_CURVE('',#875,#874,#470,.T.);
#1078=EDGE_CURVE('',#804,#777,#471,.T.);
#1079=EDGE_CURVE('',#874,#876,#56,.T.);
#1080=EDGE_CURVE('',#877,#875,#472,.T.);
#1081=EDGE_CURVE('',#877,#878,#473,.T.);
#1082=EDGE_CURVE('',#788,#878,#57,.T.);
#1083=EDGE_CURVE('',#879,#788,#58,.T.);
#1084=EDGE_CURVE('',#876,#879,#59,.T.);
#1085=EDGE_CURVE('',#880,#775,#474,.T.);
#1086=EDGE_CURVE('',#880,#776,#475,.T.);
#1087=EDGE_CURVE('',#880,#797,#476,.T.);
#1088=EDGE_CURVE('',#879,#794,#477,.T.);
#1089=EDGE_CURVE('',#876,#793,#478,.T.);
#1090=EDGE_CURVE('',#868,#789,#479,.T.);
#1091=EDGE_CURVE('',#878,#881,#60,.T.);
#1092=EDGE_CURVE('',#882,#881,#480,.T.);
#1093=EDGE_CURVE('',#883,#882,#743,.T.);
#1094=EDGE_CURVE('',#884,#883,#481,.T.);
#1095=EDGE_CURVE('',#884,#885,#61,.T.);
#1096=EDGE_CURVE('',#886,#885,#482,.T.);
#1097=EDGE_CURVE('',#886,#869,#483,.T.);
#1098=EDGE_CURVE('',#887,#873,#484,.T.);
#1099=EDGE_CURVE('',#888,#887,#744,.T.);
#1100=EDGE_CURVE('',#889,#888,#485,.T.);
#1101=EDGE_CURVE('',#872,#889,#486,.T.);
#1102=EDGE_CURVE('',#890,#871,#487,.T.);
#1103=EDGE_CURVE('',#891,#890,#488,.T.);
#1104=EDGE_CURVE('',#892,#891,#489,.T.);
#1105=EDGE_CURVE('',#893,#892,#490,.T.);
#1106=EDGE_CURVE('',#885,#893,#491,.T.);
#1107=EDGE_CURVE('',#894,#884,#492,.T.);
#1108=EDGE_CURVE('',#895,#894,#493,.T.);
#1109=EDGE_CURVE('',#896,#895,#745,.T.);
#1110=EDGE_CURVE('',#897,#896,#494,.T.);
#1111=EDGE_CURVE('',#897,#877,#495,.T.);
#1112=EDGE_CURVE('',#892,#886,#496,.T.);
#1113=EDGE_CURVE('',#870,#891,#497,.T.);
#1114=EDGE_CURVE('',#872,#889,#498,.T.);
#1115=EDGE_CURVE('',#889,#792,#499,.T.);
#1116=EDGE_CURVE('',#889,#888,#500,.T.);
#1117=EDGE_CURVE('',#888,#887,#746,.T.);
#1118=EDGE_CURVE('',#887,#873,#501,.T.);
#1119=EDGE_CURVE('',#898,#872,#502,.T.);
#1120=EDGE_CURVE('',#899,#898,#747,.T.);
#1121=EDGE_CURVE('',#900,#899,#503,.T.);
#1122=EDGE_CURVE('',#873,#900,#504,.T.);
#1123=EDGE_CURVE('',#898,#836,#505,.T.);
#1124=EDGE_CURVE('',#835,#899,#506,.T.);
#1125=EDGE_CURVE('',#872,#837,#507,.T.);
#1126=EDGE_CURVE('',#882,#844,#508,.T.);
#1127=EDGE_CURVE('',#843,#883,#509,.T.);
#1128=EDGE_CURVE('',#881,#845,#510,.T.);
#1129=EDGE_CURVE('',#832,#888,#511,.T.);
#1130=EDGE_CURVE('',#887,#831,#512,.T.);
#1131=EDGE_CURVE('',#873,#833,#513,.T.);
#1132=EDGE_CURVE('',#840,#896,#514,.T.);
#1133=EDGE_CURVE('',#895,#839,#515,.T.);
#1134=EDGE_CURVE('',#897,#846,#516,.T.);
#1135=EDGE_CURVE('',#763,#901,#517,.T.);
#1136=EDGE_CURVE('',#798,#901,#518,.T.);
#1137=EDGE_CURVE('',#901,#829,#519,.T.);
#1138=EDGE_CURVE('',#889,#838,#520,.T.);
#1139=EDGE_CURVE('',#900,#834,#521,.T.);
#1140=EDGE_CURVE('',#870,#851,#522,.T.);
#1141=EDGE_CURVE('',#871,#854,#523,.T.);
#1142=EDGE_CURVE('',#890,#853,#524,.T.);
#1143=EDGE_CURVE('',#891,#852,#525,.T.);
#1144=EDGE_CURVE('',#893,#847,#526,.T.);
#1145=EDGE_CURVE('',#885,#850,#527,.T.);
#1146=EDGE_CURVE('',#886,#849,#528,.T.);
#1147=EDGE_CURVE('',#892,#848,#529,.T.);
#1148=EDGE_CURVE('',#894,#841,#530,.T.);
#1149=EDGE_CURVE('',#884,#842,#531,.T.);
#1150=EDGE_CURVE('',#802,#830,#532,.T.);
#1151=ORIENTED_EDGE('',*,*,#902,.T.);
#1152=ORIENTED_EDGE('',*,*,#903,.T.);
#1153=ORIENTED_EDGE('',*,*,#904,.T.);
#1154=ORIENTED_EDGE('',*,*,#903,.F.);
#1155=ORIENTED_EDGE('',*,*,#904,.F.);
#1156=ORIENTED_EDGE('',*,*,#905,.F.);
#1157=ORIENTED_EDGE('',*,*,#906,.T.);
#1158=ORIENTED_EDGE('',*,*,#902,.F.);
#1159=ORIENTED_EDGE('',*,*,#906,.F.);
#1160=ORIENTED_EDGE('',*,*,#907,.T.);
#1161=ORIENTED_EDGE('',*,*,#908,.T.);
#1162=ORIENTED_EDGE('',*,*,#909,.T.);
#1163=ORIENTED_EDGE('',*,*,#908,.F.);
#1164=ORIENTED_EDGE('',*,*,#909,.F.);
#1165=ORIENTED_EDGE('',*,*,#910,.F.);
#1166=ORIENTED_EDGE('',*,*,#911,.T.);
#1167=ORIENTED_EDGE('',*,*,#907,.F.);
#1168=ORIENTED_EDGE('',*,*,#911,.F.);
#1169=ORIENTED_EDGE('',*,*,#912,.F.);
#1170=ORIENTED_EDGE('',*,*,#913,.F.);
#1171=ORIENTED_EDGE('',*,*,#914,.T.);
#1172=ORIENTED_EDGE('',*,*,#915,.T.);
#1173=ORIENTED_EDGE('',*,*,#916,.T.);
#1174=ORIENTED_EDGE('',*,*,#915,.F.);
#1175=ORIENTED_EDGE('',*,*,#917,.T.);
#1176=ORIENTED_EDGE('',*,*,#918,.F.);
#1177=ORIENTED_EDGE('',*,*,#919,.F.);
#1178=ORIENTED_EDGE('',*,*,#920,.T.);
#1179=ORIENTED_EDGE('',*,*,#921,.T.);
#1180=ORIENTED_EDGE('',*,*,#922,.F.);
#1181=ORIENTED_EDGE('',*,*,#923,.F.);
#1182=ORIENTED_EDGE('',*,*,#924,.F.);
#1183=ORIENTED_EDGE('',*,*,#925,.T.);
#1184=ORIENTED_EDGE('',*,*,#926,.F.);
#1185=ORIENTED_EDGE('',*,*,#927,.T.);
#1186=ORIENTED_EDGE('',*,*,#928,.F.);
#1187=ORIENTED_EDGE('',*,*,#914,.F.);
#1188=ORIENTED_EDGE('',*,*,#929,.F.);
#1189=ORIENTED_EDGE('',*,*,#930,.T.);
#1190=ORIENTED_EDGE('',*,*,#916,.F.);
#1191=ORIENTED_EDGE('',*,*,#930,.F.);
#1192=ORIENTED_EDGE('',*,*,#928,.T.);
#1193=ORIENTED_EDGE('',*,*,#931,.T.);
#1194=ORIENTED_EDGE('',*,*,#932,.T.);
#1195=ORIENTED_EDGE('',*,*,#931,.F.);
#1196=ORIENTED_EDGE('',*,*,#933,.F.);
#1197=ORIENTED_EDGE('',*,*,#934,.T.);
#1198=ORIENTED_EDGE('',*,*,#932,.F.);
#1199=ORIENTED_EDGE('',*,*,#934,.F.);
#1200=ORIENTED_EDGE('',*,*,#935,.T.);
#1201=ORIENTED_EDGE('',*,*,#936,.T.);
#1202=ORIENTED_EDGE('',*,*,#927,.F.);
#1203=ORIENTED_EDGE('',*,*,#937,.T.);
#1204=ORIENTED_EDGE('',*,*,#935,.F.);
#1205=ORIENTED_EDGE('',*,*,#938,.T.);
#1206=ORIENTED_EDGE('',*,*,#939,.F.);
#1207=ORIENTED_EDGE('',*,*,#940,.T.);
#1208=ORIENTED_EDGE('',*,*,#941,.T.);
#1209=ORIENTED_EDGE('',*,*,#942,.T.);
#1210=ORIENTED_EDGE('',*,*,#943,.T.);
#1211=ORIENTED_EDGE('',*,*,#944,.T.);
#1212=ORIENTED_EDGE('',*,*,#945,.F.);
#1213=ORIENTED_EDGE('',*,*,#946,.T.);
#1214=ORIENTED_EDGE('',*,*,#947,.F.);
#1215=ORIENTED_EDGE('',*,*,#948,.T.);
#1216=ORIENTED_EDGE('',*,*,#949,.T.);
#1217=ORIENTED_EDGE('',*,*,#950,.T.);
#1218=ORIENTED_EDGE('',*,*,#951,.T.);
#1219=ORIENTED_EDGE('',*,*,#952,.T.);
#1220=ORIENTED_EDGE('',*,*,#953,.T.);
#1221=ORIENTED_EDGE('',*,*,#954,.T.);
#1222=ORIENTED_EDGE('',*,*,#955,.T.);
#1223=ORIENTED_EDGE('',*,*,#956,.T.);
#1224=ORIENTED_EDGE('',*,*,#957,.T.);
#1225=ORIENTED_EDGE('',*,*,#958,.T.);
#1226=ORIENTED_EDGE('',*,*,#959,.T.);
#1227=ORIENTED_EDGE('',*,*,#960,.T.);
#1228=ORIENTED_EDGE('',*,*,#937,.F.);
#1229=ORIENTED_EDGE('',*,*,#961,.F.);
#1230=ORIENTED_EDGE('',*,*,#962,.F.);
#1231=ORIENTED_EDGE('',*,*,#938,.F.);
#1232=ORIENTED_EDGE('',*,*,#939,.T.);
#1233=ORIENTED_EDGE('',*,*,#962,.T.);
#1234=ORIENTED_EDGE('',*,*,#963,.T.);
#1235=ORIENTED_EDGE('',*,*,#964,.T.);
#1236=ORIENTED_EDGE('',*,*,#965,.T.);
#1237=ORIENTED_EDGE('',*,*,#963,.F.);
#1238=ORIENTED_EDGE('',*,*,#961,.T.);
#1239=ORIENTED_EDGE('',*,*,#926,.T.);
#1240=ORIENTED_EDGE('',*,*,#924,.T.);
#1241=ORIENTED_EDGE('',*,*,#966,.F.);
#1242=ORIENTED_EDGE('',*,*,#967,.T.);
#1243=ORIENTED_EDGE('',*,*,#968,.F.);
#1244=ORIENTED_EDGE('',*,*,#969,.F.);
#1245=ORIENTED_EDGE('',*,*,#945,.T.);
#1246=ORIENTED_EDGE('',*,*,#970,.T.);
#1247=ORIENTED_EDGE('',*,*,#971,.T.);
#1248=ORIENTED_EDGE('',*,*,#972,.T.);
#1249=ORIENTED_EDGE('',*,*,#973,.T.);
#1250=ORIENTED_EDGE('',*,*,#970,.F.);
#1251=ORIENTED_EDGE('',*,*,#944,.F.);
#1252=ORIENTED_EDGE('',*,*,#974,.T.);
#1253=ORIENTED_EDGE('',*,*,#975,.F.);
#1254=ORIENTED_EDGE('',*,*,#973,.F.);
#1255=ORIENTED_EDGE('',*,*,#976,.F.);
#1256=ORIENTED_EDGE('',*,*,#977,.F.);
#1257=ORIENTED_EDGE('',*,*,#946,.F.);
#1258=ORIENTED_EDGE('',*,*,#947,.T.);
#1259=ORIENTED_EDGE('',*,*,#977,.T.);
#1260=ORIENTED_EDGE('',*,*,#918,.T.);
#1261=ORIENTED_EDGE('',*,*,#978,.T.);
#1262=ORIENTED_EDGE('',*,*,#979,.T.);
#1263=ORIENTED_EDGE('',*,*,#980,.T.);
#1264=ORIENTED_EDGE('',*,*,#981,.T.);
#1265=ORIENTED_EDGE('',*,*,#982,.T.);
#1266=ORIENTED_EDGE('',*,*,#983,.T.);
#1267=ORIENTED_EDGE('',*,*,#984,.T.);
#1268=ORIENTED_EDGE('',*,*,#981,.F.);
#1269=ORIENTED_EDGE('',*,*,#985,.T.);
#1270=ORIENTED_EDGE('',*,*,#986,.T.);
#1271=ORIENTED_EDGE('',*,*,#987,.T.);
#1272=ORIENTED_EDGE('',*,*,#983,.F.);
#1273=ORIENTED_EDGE('',*,*,#988,.T.);
#1274=ORIENTED_EDGE('',*,*,#989,.T.);
#1275=ORIENTED_EDGE('',*,*,#990,.T.);
#1276=ORIENTED_EDGE('',*,*,#986,.F.);
#1277=ORIENTED_EDGE('',*,*,#991,.T.);
#1278=ORIENTED_EDGE('',*,*,#992,.T.);
#1279=ORIENTED_EDGE('',*,*,#993,.T.);
#1280=ORIENTED_EDGE('',*,*,#989,.F.);
#1281=ORIENTED_EDGE('',*,*,#994,.T.);
#1282=ORIENTED_EDGE('',*,*,#995,.T.);
#1283=ORIENTED_EDGE('',*,*,#996,.T.);
#1284=ORIENTED_EDGE('',*,*,#992,.F.);
#1285=ORIENTED_EDGE('',*,*,#997,.T.);
#1286=ORIENTED_EDGE('',*,*,#998,.T.);
#1287=ORIENTED_EDGE('',*,*,#999,.T.);
#1288=ORIENTED_EDGE('',*,*,#995,.F.);
#1289=ORIENTED_EDGE('',*,*,#1000,.T.);
#1290=ORIENTED_EDGE('',*,*,#979,.F.);
#1291=ORIENTED_EDGE('',*,*,#1001,.T.);
#1292=ORIENTED_EDGE('',*,*,#998,.F.);
#1293=ORIENTED_EDGE('',*,*,#1002,.T.);
#1294=ORIENTED_EDGE('',*,*,#996,.F.);
#1295=ORIENTED_EDGE('',*,*,#1003,.F.);
#1296=ORIENTED_EDGE('',*,*,#1004,.T.);
#1297=ORIENTED_EDGE('',*,*,#1005,.T.);
#1298=ORIENTED_EDGE('',*,*,#999,.F.);
#1299=ORIENTED_EDGE('',*,*,#1006,.T.);
#1300=ORIENTED_EDGE('',*,*,#1007,.T.);
#1301=ORIENTED_EDGE('',*,*,#1003,.T.);
#1302=ORIENTED_EDGE('',*,*,#1001,.F.);
#1303=ORIENTED_EDGE('',*,*,#1008,.T.);
#1304=ORIENTED_EDGE('',*,*,#1009,.T.);
#1305=ORIENTED_EDGE('',*,*,#1006,.F.);
#1306=ORIENTED_EDGE('',*,*,#982,.F.);
#1307=ORIENTED_EDGE('',*,*,#1010,.T.);
#1308=ORIENTED_EDGE('',*,*,#1011,.T.);
#1309=ORIENTED_EDGE('',*,*,#1008,.F.);
#1310=ORIENTED_EDGE('',*,*,#980,.F.);
#1311=ORIENTED_EDGE('',*,*,#1002,.F.);
#1312=ORIENTED_EDGE('',*,*,#1000,.F.);
#1313=ORIENTED_EDGE('',*,*,#997,.F.);
#1314=ORIENTED_EDGE('',*,*,#994,.F.);
#1315=ORIENTED_EDGE('',*,*,#991,.F.);
#1316=ORIENTED_EDGE('',*,*,#988,.F.);
#1317=ORIENTED_EDGE('',*,*,#985,.F.);
#1318=ORIENTED_EDGE('',*,*,#993,.F.);
#1319=ORIENTED_EDGE('',*,*,#1005,.F.);
#1320=ORIENTED_EDGE('',*,*,#1012,.T.);
#1321=ORIENTED_EDGE('',*,*,#1013,.T.);
#1322=ORIENTED_EDGE('',*,*,#984,.F.);
#1323=ORIENTED_EDGE('',*,*,#1014,.T.);
#1324=ORIENTED_EDGE('',*,*,#1015,.T.);
#1325=ORIENTED_EDGE('',*,*,#1010,.F.);
#1326=ORIENTED_EDGE('',*,*,#990,.F.);
#1327=ORIENTED_EDGE('',*,*,#1013,.F.);
#1328=ORIENTED_EDGE('',*,*,#1016,.T.);
#1329=ORIENTED_EDGE('',*,*,#1017,.T.);
#1330=ORIENTED_EDGE('',*,*,#987,.F.);
#1331=ORIENTED_EDGE('',*,*,#1017,.F.);
#1332=ORIENTED_EDGE('',*,*,#1018,.T.);
#1333=ORIENTED_EDGE('',*,*,#1014,.F.);
#1334=ORIENTED_EDGE('',*,*,#968,.T.);
#1335=ORIENTED_EDGE('',*,*,#1019,.T.);
#1336=ORIENTED_EDGE('',*,*,#1020,.T.);
#1337=ORIENTED_EDGE('',*,*,#1021,.T.);
#1338=ORIENTED_EDGE('',*,*,#1022,.F.);
#1339=ORIENTED_EDGE('',*,*,#1023,.T.);
#1340=ORIENTED_EDGE('',*,*,#1024,.T.);
#1341=ORIENTED_EDGE('',*,*,#1025,.T.);
#1342=ORIENTED_EDGE('',*,*,#1026,.F.);
#1343=ORIENTED_EDGE('',*,*,#1027,.T.);
#1344=ORIENTED_EDGE('',*,*,#1028,.T.);
#1345=ORIENTED_EDGE('',*,*,#1029,.T.);
#1346=ORIENTED_EDGE('',*,*,#1030,.F.);
#1347=ORIENTED_EDGE('',*,*,#1031,.T.);
#1348=ORIENTED_EDGE('',*,*,#1032,.T.);
#1349=ORIENTED_EDGE('',*,*,#1033,.T.);
#1350=ORIENTED_EDGE('',*,*,#1034,.F.);
#1351=ORIENTED_EDGE('',*,*,#1035,.T.);
#1352=ORIENTED_EDGE('',*,*,#1036,.T.);
#1353=ORIENTED_EDGE('',*,*,#1037,.T.);
#1354=ORIENTED_EDGE('',*,*,#1038,.T.);
#1355=ORIENTED_EDGE('',*,*,#1039,.T.);
#1356=ORIENTED_EDGE('',*,*,#1040,.T.);
#1357=ORIENTED_EDGE('',*,*,#1041,.T.);
#1358=ORIENTED_EDGE('',*,*,#1042,.T.);
#1359=ORIENTED_EDGE('',*,*,#1043,.T.);
#1360=ORIENTED_EDGE('',*,*,#1044,.T.);
#1361=ORIENTED_EDGE('',*,*,#1045,.T.);
#1362=ORIENTED_EDGE('',*,*,#1007,.F.);
#1363=ORIENTED_EDGE('',*,*,#1009,.F.);
#1364=ORIENTED_EDGE('',*,*,#1011,.F.);
#1365=ORIENTED_EDGE('',*,*,#1015,.F.);
#1366=ORIENTED_EDGE('',*,*,#1018,.F.);
#1367=ORIENTED_EDGE('',*,*,#1016,.F.);
#1368=ORIENTED_EDGE('',*,*,#1012,.F.);
#1369=ORIENTED_EDGE('',*,*,#1004,.F.);
#1370=ORIENTED_EDGE('',*,*,#949,.F.);
#1371=ORIENTED_EDGE('',*,*,#1046,.T.);
#1372=ORIENTED_EDGE('',*,*,#1047,.T.);
#1373=ORIENTED_EDGE('',*,*,#1046,.F.);
#1374=ORIENTED_EDGE('',*,*,#1047,.F.);
#1375=ORIENTED_EDGE('',*,*,#1048,.F.);
#1376=ORIENTED_EDGE('',*,*,#1049,.T.);
#1377=ORIENTED_EDGE('',*,*,#920,.F.);
#1378=ORIENTED_EDGE('',*,*,#921,.F.);
#1379=ORIENTED_EDGE('',*,*,#1049,.F.);
#1380=ORIENTED_EDGE('',*,*,#1048,.T.);
#1381=ORIENTED_EDGE('',*,*,#905,.T.);
#1382=ORIENTED_EDGE('',*,*,#1050,.F.);
#1383=ORIENTED_EDGE('',*,*,#1051,.T.);
#1384=ORIENTED_EDGE('',*,*,#912,.T.);
#1385=ORIENTED_EDGE('',*,*,#1051,.F.);
#1386=ORIENTED_EDGE('',*,*,#929,.T.);
#1387=ORIENTED_EDGE('',*,*,#1050,.T.);
#1388=ORIENTED_EDGE('',*,*,#1052,.F.);
#1389=ORIENTED_EDGE('',*,*,#1053,.T.);
#1390=ORIENTED_EDGE('',*,*,#925,.F.);
#1391=ORIENTED_EDGE('',*,*,#1053,.F.);
#1392=ORIENTED_EDGE('',*,*,#1052,.T.);
#1393=ORIENTED_EDGE('',*,*,#910,.T.);
#1394=ORIENTED_EDGE('',*,*,#1054,.F.);
#1395=ORIENTED_EDGE('',*,*,#1055,.T.);
#1396=ORIENTED_EDGE('',*,*,#913,.T.);
#1397=ORIENTED_EDGE('',*,*,#1055,.F.);
#1398=ORIENTED_EDGE('',*,*,#933,.T.);
#1399=ORIENTED_EDGE('',*,*,#1054,.T.);
#1400=ORIENTED_EDGE('',*,*,#950,.F.);
#1401=ORIENTED_EDGE('',*,*,#1056,.T.);
#1402=ORIENTED_EDGE('',*,*,#1057,.F.);
#1403=ORIENTED_EDGE('',*,*,#1058,.F.);
#1404=ORIENTED_EDGE('',*,*,#1056,.F.);
#1405=ORIENTED_EDGE('',*,*,#951,.F.);
#1406=ORIENTED_EDGE('',*,*,#1059,.T.);
#1407=ORIENTED_EDGE('',*,*,#1060,.F.);
#1408=ORIENTED_EDGE('',*,*,#1061,.F.);
#1409=ORIENTED_EDGE('',*,*,#1062,.F.);
#1410=ORIENTED_EDGE('',*,*,#1059,.F.);
#1411=ORIENTED_EDGE('',*,*,#952,.F.);
#1412=ORIENTED_EDGE('',*,*,#1063,.T.);
#1413=ORIENTED_EDGE('',*,*,#1064,.F.);
#1414=ORIENTED_EDGE('',*,*,#1065,.F.);
#1415=ORIENTED_EDGE('',*,*,#1063,.F.);
#1416=ORIENTED_EDGE('',*,*,#953,.F.);
#1417=ORIENTED_EDGE('',*,*,#1066,.T.);
#1418=ORIENTED_EDGE('',*,*,#1067,.F.);
#1419=ORIENTED_EDGE('',*,*,#1068,.F.);
#1420=ORIENTED_EDGE('',*,*,#1069,.F.);
#1421=ORIENTED_EDGE('',*,*,#1066,.F.);
#1422=ORIENTED_EDGE('',*,*,#1060,.T.);
#1423=ORIENTED_EDGE('',*,*,#1062,.T.);
#1424=ORIENTED_EDGE('',*,*,#1070,.F.);
#1425=ORIENTED_EDGE('',*,*,#1071,.F.);
#1426=ORIENTED_EDGE('',*,*,#1072,.T.);
#1427=ORIENTED_EDGE('',*,*,#1073,.T.);
#1428=ORIENTED_EDGE('',*,*,#956,.F.);
#1429=ORIENTED_EDGE('',*,*,#1074,.F.);
#1430=ORIENTED_EDGE('',*,*,#1075,.F.);
#1431=ORIENTED_EDGE('',*,*,#1076,.F.);
#1432=ORIENTED_EDGE('',*,*,#1077,.T.);
#1433=ORIENTED_EDGE('',*,*,#974,.F.);
#1434=ORIENTED_EDGE('',*,*,#943,.F.);
#1435=ORIENTED_EDGE('',*,*,#1078,.F.);
#1436=ORIENTED_EDGE('',*,*,#1079,.F.);
#1437=ORIENTED_EDGE('',*,*,#1077,.F.);
#1438=ORIENTED_EDGE('',*,*,#1080,.F.);
#1439=ORIENTED_EDGE('',*,*,#1081,.T.);
#1440=ORIENTED_EDGE('',*,*,#1082,.F.);
#1441=ORIENTED_EDGE('',*,*,#1083,.F.);
#1442=ORIENTED_EDGE('',*,*,#1084,.F.);
#1443=ORIENTED_EDGE('',*,*,#1085,.F.);
#1444=ORIENTED_EDGE('',*,*,#1086,.T.);
#1445=ORIENTED_EDGE('',*,*,#941,.F.);
#1446=ORIENTED_EDGE('',*,*,#965,.F.);
#1447=ORIENTED_EDGE('',*,*,#1087,.F.);
#1448=ORIENTED_EDGE('',*,*,#1085,.T.);
#1449=ORIENTED_EDGE('',*,*,#940,.F.);
#1450=ORIENTED_EDGE('',*,*,#1084,.T.);
#1451=ORIENTED_EDGE('',*,*,#1088,.T.);
#1452=ORIENTED_EDGE('',*,*,#959,.F.);
#1453=ORIENTED_EDGE('',*,*,#1089,.F.);
#1454=ORIENTED_EDGE('',*,*,#1068,.T.);
#1455=ORIENTED_EDGE('',*,*,#1090,.T.);
#1456=ORIENTED_EDGE('',*,*,#954,.F.);
#1457=ORIENTED_EDGE('',*,*,#1082,.T.);
#1458=ORIENTED_EDGE('',*,*,#1091,.T.);
#1459=ORIENTED_EDGE('',*,*,#1092,.F.);
#1460=ORIENTED_EDGE('',*,*,#1093,.F.);
#1461=ORIENTED_EDGE('',*,*,#1094,.F.);
#1462=ORIENTED_EDGE('',*,*,#1095,.T.);
#1463=ORIENTED_EDGE('',*,*,#1096,.F.);
#1464=ORIENTED_EDGE('',*,*,#1097,.T.);
#1465=ORIENTED_EDGE('',*,*,#1064,.T.);
#1466=ORIENTED_EDGE('',*,*,#1065,.T.);
#1467=ORIENTED_EDGE('',*,*,#1083,.T.);
#1468=ORIENTED_EDGE('',*,*,#960,.F.);
#1469=ORIENTED_EDGE('',*,*,#1088,.F.);
#1470=ORIENTED_EDGE('',*,*,#1076,.T.);
#1471=ORIENTED_EDGE('',*,*,#1098,.F.);
#1472=ORIENTED_EDGE('',*,*,#1099,.F.);
#1473=ORIENTED_EDGE('',*,*,#1100,.F.);
#1474=ORIENTED_EDGE('',*,*,#1101,.F.);
#1475=ORIENTED_EDGE('',*,*,#1072,.F.);
#1476=ORIENTED_EDGE('',*,*,#1102,.F.);
#1477=ORIENTED_EDGE('',*,*,#1103,.F.);
#1478=ORIENTED_EDGE('',*,*,#1104,.F.);
#1479=ORIENTED_EDGE('',*,*,#1105,.F.);
#1480=ORIENTED_EDGE('',*,*,#1106,.F.);
#1481=ORIENTED_EDGE('',*,*,#1095,.F.);
#1482=ORIENTED_EDGE('',*,*,#1107,.F.);
#1483=ORIENTED_EDGE('',*,*,#1108,.F.);
#1484=ORIENTED_EDGE('',*,*,#1109,.F.);
#1485=ORIENTED_EDGE('',*,*,#1110,.F.);
#1486=ORIENTED_EDGE('',*,*,#1111,.T.);
#1487=ORIENTED_EDGE('',*,*,#1080,.T.);
#1488=ORIENTED_EDGE('',*,*,#1061,.T.);
#1489=ORIENTED_EDGE('',*,*,#1074,.T.);
#1490=ORIENTED_EDGE('',*,*,#955,.F.);
#1491=ORIENTED_EDGE('',*,*,#1090,.F.);
#1492=ORIENTED_EDGE('',*,*,#1067,.T.);
#1493=ORIENTED_EDGE('',*,*,#1069,.T.);
#1494=ORIENTED_EDGE('',*,*,#1097,.F.);
#1495=ORIENTED_EDGE('',*,*,#1112,.F.);
#1496=ORIENTED_EDGE('',*,*,#1104,.T.);
#1497=ORIENTED_EDGE('',*,*,#1113,.F.);
#1498=ORIENTED_EDGE('',*,*,#1070,.T.);
#1499=ORIENTED_EDGE('',*,*,#1114,.T.);
#1500=ORIENTED_EDGE('',*,*,#1115,.T.);
#1501=ORIENTED_EDGE('',*,*,#957,.F.);
#1502=ORIENTED_EDGE('',*,*,#1073,.F.);
#1503=ORIENTED_EDGE('',*,*,#1079,.T.);
#1504=ORIENTED_EDGE('',*,*,#1089,.T.);
#1505=ORIENTED_EDGE('',*,*,#958,.F.);
#1506=ORIENTED_EDGE('',*,*,#1115,.F.);
#1507=ORIENTED_EDGE('',*,*,#1116,.T.);
#1508=ORIENTED_EDGE('',*,*,#1117,.T.);
#1509=ORIENTED_EDGE('',*,*,#1118,.T.);
#1510=ORIENTED_EDGE('',*,*,#1075,.T.);
#1511=ORIENTED_EDGE('',*,*,#1057,.T.);
#1512=ORIENTED_EDGE('',*,*,#1058,.T.);
#1513=ORIENTED_EDGE('',*,*,#1117,.F.);
#1514=ORIENTED_EDGE('',*,*,#1116,.F.);
#1515=ORIENTED_EDGE('',*,*,#1114,.F.);
#1516=ORIENTED_EDGE('',*,*,#1119,.F.);
#1517=ORIENTED_EDGE('',*,*,#1120,.F.);
#1518=ORIENTED_EDGE('',*,*,#1121,.F.);
#1519=ORIENTED_EDGE('',*,*,#1122,.F.);
#1520=ORIENTED_EDGE('',*,*,#1118,.F.);
#1521=ORIENTED_EDGE('',*,*,#936,.F.);
#1522=ORIENTED_EDGE('',*,*,#948,.F.);
#1523=ORIENTED_EDGE('',*,*,#978,.F.);
#1524=ORIENTED_EDGE('',*,*,#917,.F.);
#1525=ORIENTED_EDGE('',*,*,#1120,.T.);
#1526=ORIENTED_EDGE('',*,*,#1123,.T.);
#1527=ORIENTED_EDGE('',*,*,#1026,.T.);
#1528=ORIENTED_EDGE('',*,*,#1124,.T.);
#1529=ORIENTED_EDGE('',*,*,#1123,.F.);
#1530=ORIENTED_EDGE('',*,*,#1119,.T.);
#1531=ORIENTED_EDGE('',*,*,#1125,.T.);
#1532=ORIENTED_EDGE('',*,*,#1027,.F.);
#1533=ORIENTED_EDGE('',*,*,#1093,.T.);
#1534=ORIENTED_EDGE('',*,*,#1126,.T.);
#1535=ORIENTED_EDGE('',*,*,#1034,.T.);
#1536=ORIENTED_EDGE('',*,*,#1127,.T.);
#1537=ORIENTED_EDGE('',*,*,#1126,.F.);
#1538=ORIENTED_EDGE('',*,*,#1092,.T.);
#1539=ORIENTED_EDGE('',*,*,#1128,.T.);
#1540=ORIENTED_EDGE('',*,*,#1035,.F.);
#1541=ORIENTED_EDGE('',*,*,#1022,.T.);
#1542=ORIENTED_EDGE('',*,*,#1129,.T.);
#1543=ORIENTED_EDGE('',*,*,#1099,.T.);
#1544=ORIENTED_EDGE('',*,*,#1130,.T.);
#1545=ORIENTED_EDGE('',*,*,#1130,.F.);
#1546=ORIENTED_EDGE('',*,*,#1098,.T.);
#1547=ORIENTED_EDGE('',*,*,#1131,.T.);
#1548=ORIENTED_EDGE('',*,*,#1023,.F.);
#1549=ORIENTED_EDGE('',*,*,#1030,.T.);
#1550=ORIENTED_EDGE('',*,*,#1132,.T.);
#1551=ORIENTED_EDGE('',*,*,#1109,.T.);
#1552=ORIENTED_EDGE('',*,*,#1133,.T.);
#1553=ORIENTED_EDGE('',*,*,#1132,.F.);
#1554=ORIENTED_EDGE('',*,*,#1037,.F.);
#1555=ORIENTED_EDGE('',*,*,#1134,.F.);
#1556=ORIENTED_EDGE('',*,*,#1110,.T.);
#1557=ORIENTED_EDGE('',*,*,#1135,.T.);
#1558=ORIENTED_EDGE('',*,*,#1136,.F.);
#1559=ORIENTED_EDGE('',*,*,#966,.T.);
#1560=ORIENTED_EDGE('',*,*,#923,.T.);
#1561=ORIENTED_EDGE('',*,*,#1136,.T.);
#1562=ORIENTED_EDGE('',*,*,#1137,.T.);
#1563=ORIENTED_EDGE('',*,*,#1019,.F.);
#1564=ORIENTED_EDGE('',*,*,#967,.F.);
#1565=ORIENTED_EDGE('',*,*,#1101,.T.);
#1566=ORIENTED_EDGE('',*,*,#1138,.T.);
#1567=ORIENTED_EDGE('',*,*,#1028,.F.);
#1568=ORIENTED_EDGE('',*,*,#1125,.F.);
#1569=ORIENTED_EDGE('',*,*,#1124,.F.);
#1570=ORIENTED_EDGE('',*,*,#1025,.F.);
#1571=ORIENTED_EDGE('',*,*,#1139,.F.);
#1572=ORIENTED_EDGE('',*,*,#1121,.T.);
#1573=ORIENTED_EDGE('',*,*,#1122,.T.);
#1574=ORIENTED_EDGE('',*,*,#1139,.T.);
#1575=ORIENTED_EDGE('',*,*,#1024,.F.);
#1576=ORIENTED_EDGE('',*,*,#1131,.F.);
#1577=ORIENTED_EDGE('',*,*,#1129,.F.);
#1578=ORIENTED_EDGE('',*,*,#1029,.F.);
#1579=ORIENTED_EDGE('',*,*,#1138,.F.);
#1580=ORIENTED_EDGE('',*,*,#1100,.T.);
#1581=ORIENTED_EDGE('',*,*,#1071,.T.);
#1582=ORIENTED_EDGE('',*,*,#1140,.T.);
#1583=ORIENTED_EDGE('',*,*,#1045,.F.);
#1584=ORIENTED_EDGE('',*,*,#1141,.F.);
#1585=ORIENTED_EDGE('',*,*,#1102,.T.);
#1586=ORIENTED_EDGE('',*,*,#1141,.T.);
#1587=ORIENTED_EDGE('',*,*,#1044,.F.);
#1588=ORIENTED_EDGE('',*,*,#1142,.F.);
#1589=ORIENTED_EDGE('',*,*,#1103,.T.);
#1590=ORIENTED_EDGE('',*,*,#1142,.T.);
#1591=ORIENTED_EDGE('',*,*,#1043,.F.);
#1592=ORIENTED_EDGE('',*,*,#1143,.F.);
#1593=ORIENTED_EDGE('',*,*,#1113,.T.);
#1594=ORIENTED_EDGE('',*,*,#1143,.T.);
#1595=ORIENTED_EDGE('',*,*,#1042,.F.);
#1596=ORIENTED_EDGE('',*,*,#1140,.F.);
#1597=ORIENTED_EDGE('',*,*,#1106,.T.);
#1598=ORIENTED_EDGE('',*,*,#1144,.T.);
#1599=ORIENTED_EDGE('',*,*,#1041,.F.);
#1600=ORIENTED_EDGE('',*,*,#1145,.F.);
#1601=ORIENTED_EDGE('',*,*,#1096,.T.);
#1602=ORIENTED_EDGE('',*,*,#1145,.T.);
#1603=ORIENTED_EDGE('',*,*,#1040,.F.);
#1604=ORIENTED_EDGE('',*,*,#1146,.F.);
#1605=ORIENTED_EDGE('',*,*,#1112,.T.);
#1606=ORIENTED_EDGE('',*,*,#1146,.T.);
#1607=ORIENTED_EDGE('',*,*,#1039,.F.);
#1608=ORIENTED_EDGE('',*,*,#1147,.F.);
#1609=ORIENTED_EDGE('',*,*,#1105,.T.);
#1610=ORIENTED_EDGE('',*,*,#1147,.T.);
#1611=ORIENTED_EDGE('',*,*,#1038,.F.);
#1612=ORIENTED_EDGE('',*,*,#1144,.F.);
#1613=ORIENTED_EDGE('',*,*,#1133,.F.);
#1614=ORIENTED_EDGE('',*,*,#1108,.T.);
#1615=ORIENTED_EDGE('',*,*,#1148,.T.);
#1616=ORIENTED_EDGE('',*,*,#1031,.F.);
#1617=ORIENTED_EDGE('',*,*,#1134,.T.);
#1618=ORIENTED_EDGE('',*,*,#1036,.F.);
#1619=ORIENTED_EDGE('',*,*,#1128,.F.);
#1620=ORIENTED_EDGE('',*,*,#1091,.F.);
#1621=ORIENTED_EDGE('',*,*,#1081,.F.);
#1622=ORIENTED_EDGE('',*,*,#1111,.F.);
#1623=ORIENTED_EDGE('',*,*,#1127,.F.);
#1624=ORIENTED_EDGE('',*,*,#1033,.F.);
#1625=ORIENTED_EDGE('',*,*,#1149,.F.);
#1626=ORIENTED_EDGE('',*,*,#1094,.T.);
#1627=ORIENTED_EDGE('',*,*,#1107,.T.);
#1628=ORIENTED_EDGE('',*,*,#1149,.T.);
#1629=ORIENTED_EDGE('',*,*,#1032,.F.);
#1630=ORIENTED_EDGE('',*,*,#1148,.F.);
#1631=ORIENTED_EDGE('',*,*,#964,.F.);
#1632=ORIENTED_EDGE('',*,*,#969,.T.);
#1633=ORIENTED_EDGE('',*,*,#1021,.F.);
#1634=ORIENTED_EDGE('',*,*,#1150,.F.);
#1635=ORIENTED_EDGE('',*,*,#971,.F.);
#1636=ORIENTED_EDGE('',*,*,#975,.T.);
#1637=ORIENTED_EDGE('',*,*,#1078,.T.);
#1638=ORIENTED_EDGE('',*,*,#942,.F.);
#1639=ORIENTED_EDGE('',*,*,#1086,.F.);
#1640=ORIENTED_EDGE('',*,*,#1087,.T.);
#1641=ORIENTED_EDGE('',*,*,#972,.F.);
#1642=ORIENTED_EDGE('',*,*,#1150,.T.);
#1643=ORIENTED_EDGE('',*,*,#1020,.F.);
#1644=ORIENTED_EDGE('',*,*,#1137,.F.);
#1645=ORIENTED_EDGE('',*,*,#1135,.F.);
#1646=ORIENTED_EDGE('',*,*,#922,.T.);
#1647=ORIENTED_EDGE('',*,*,#919,.T.);
#1648=ORIENTED_EDGE('',*,*,#976,.T.);
#1649=CONICAL_SURFACE('',#1765,1.25,0.785398163397447);
#1650=CONICAL_SURFACE('',#1771,1.25,0.785398163397448);
#1651=CONICAL_SURFACE('',#1781,4.,0.785398163397449);
#1652=CONICAL_SURFACE('',#1793,4.,0.785398163397449);
#1653=ADVANCED_FACE('',(#169),#1649,.F.);
#1654=ADVANCED_FACE('',(#170),#120,.F.);
#1655=ADVANCED_FACE('',(#171),#91,.F.);
#1656=ADVANCED_FACE('',(#172),#1650,.F.);
#1657=ADVANCED_FACE('',(#173),#121,.F.);
#1658=ADVANCED_FACE('',(#174),#92,.F.);
#1659=ADVANCED_FACE('',(#175),#122,.F.);
#1660=ADVANCED_FACE('',(#176),#123,.F.);
#1661=ADVANCED_FACE('',(#177),#1651,.T.);
#1662=ADVANCED_FACE('',(#178,#62,#63),#124,.F.);
#1663=ADVANCED_FACE('',(#179),#93,.T.);
#1664=ADVANCED_FACE('',(#180),#1652,.T.);
#1665=ADVANCED_FACE('',(#181),#94,.T.);
#1666=ADVANCED_FACE('',(#182),#95,.T.);
#1667=ADVANCED_FACE('',(#183,#64,#65,#66,#67,#68,#69),#125,.F.);
#1668=ADVANCED_FACE('',(#184),#126,.T.);
#1669=ADVANCED_FACE('',(#185),#96,.T.);
#1670=ADVANCED_FACE('',(#186),#127,.T.);
#1671=ADVANCED_FACE('',(#187),#97,.T.);
#1672=ADVANCED_FACE('',(#188),#128,.T.);
#1673=ADVANCED_FACE('',(#189),#129,.T.);
#1674=ADVANCED_FACE('',(#190),#98,.T.);
#1675=ADVANCED_FACE('',(#191),#99,.F.);
#1676=ADVANCED_FACE('',(#192),#30,.T.);
#1677=ADVANCED_FACE('',(#193),#100,.F.);
#1678=ADVANCED_FACE('',(#194),#31,.T.);
#1679=ADVANCED_FACE('',(#195),#101,.F.);
#1680=ADVANCED_FACE('',(#196),#32,.T.);
#1681=ADVANCED_FACE('',(#197),#102,.F.);
#1682=ADVANCED_FACE('',(#198),#33,.T.);
#1683=ADVANCED_FACE('',(#199),#34,.T.);
#1684=ADVANCED_FACE('',(#200),#103,.T.);
#1685=ADVANCED_FACE('',(#201),#35,.T.);
#1686=ADVANCED_FACE('',(#202),#104,.T.);
#1687=ADVANCED_FACE('',(#203),#130,.T.);
#1688=ADVANCED_FACE('',(#204),#105,.T.);
#1689=ADVANCED_FACE('',(#205),#36,.T.);
#1690=ADVANCED_FACE('',(#206),#37,.T.);
#1691=ADVANCED_FACE('',(#207),#106,.T.);
#1692=ADVANCED_FACE('',(#208,#70,#71,#72,#73,#74),#131,.T.);
#1693=ADVANCED_FACE('',(#209),#107,.F.);
#1694=ADVANCED_FACE('',(#210),#132,.T.);
#1695=ADVANCED_FACE('',(#211),#108,.T.);
#1696=ADVANCED_FACE('',(#212,#75),#133,.T.);
#1697=ADVANCED_FACE('',(#213),#109,.F.);
#1698=ADVANCED_FACE('',(#214,#76),#134,.T.);
#1699=ADVANCED_FACE('',(#215),#110,.T.);
#1700=ADVANCED_FACE('',(#216,#77),#135,.T.);
#1701=ADVANCED_FACE('',(#217),#111,.F.);
#1702=ADVANCED_FACE('',(#218,#78),#136,.T.);
#1703=ADVANCED_FACE('',(#219),#112,.F.);
#1704=ADVANCED_FACE('',(#220),#113,.F.);
#1705=ADVANCED_FACE('',(#221),#114,.F.);
#1706=ADVANCED_FACE('',(#222),#115,.F.);
#1707=ADVANCED_FACE('',(#223),#23,.T.);
#1708=ADVANCED_FACE('',(#224),#137,.T.);
#1709=ADVANCED_FACE('',(#225),#138,.T.);
#1710=ADVANCED_FACE('',(#226),#139,.T.);
#1711=ADVANCED_FACE('',(#227),#140,.T.);
#1712=ADVANCED_FACE('',(#228),#141,.T.);
#1713=ADVANCED_FACE('',(#229),#24,.T.);
#1714=ADVANCED_FACE('',(#230,#79),#25,.T.);
#1715=ADVANCED_FACE('',(#231),#26,.T.);
#1716=ADVANCED_FACE('',(#232),#142,.F.);
#1717=ADVANCED_FACE('',(#233),#27,.T.);
#1718=ADVANCED_FACE('',(#234),#28,.T.);
#1719=ADVANCED_FACE('',(#235,#80),#29,.T.);
#1720=ADVANCED_FACE('',(#236),#143,.T.);
#1721=ADVANCED_FACE('',(#237),#144,.T.);
#1722=ADVANCED_FACE('',(#238),#116,.F.);
#1723=ADVANCED_FACE('',(#239),#145,.T.);
#1724=ADVANCED_FACE('',(#240),#117,.F.);
#1725=ADVANCED_FACE('',(#241),#146,.T.);
#1726=ADVANCED_FACE('',(#242),#118,.T.);
#1727=ADVANCED_FACE('',(#243),#147,.T.);
#1728=ADVANCED_FACE('',(#244),#119,.T.);
#1729=ADVANCED_FACE('',(#245),#148,.T.);
#1730=ADVANCED_FACE('',(#246),#149,.T.);
#1731=ADVANCED_FACE('',(#247),#150,.T.);
#1732=ADVANCED_FACE('',(#248),#151,.T.);
#1733=ADVANCED_FACE('',(#249),#152,.T.);
#1734=ADVANCED_FACE('',(#250),#153,.T.);
#1735=ADVANCED_FACE('',(#251),#154,.T.);
#1736=ADVANCED_FACE('',(#252),#155,.T.);
#1737=ADVANCED_FACE('',(#253),#156,.T.);
#1738=ADVANCED_FACE('',(#254),#157,.T.);
#1739=ADVANCED_FACE('',(#255),#158,.T.);
#1740=ADVANCED_FACE('',(#256),#159,.T.);
#1741=ADVANCED_FACE('',(#257),#160,.T.);
#1742=ADVANCED_FACE('',(#258),#161,.T.);
#1743=ADVANCED_FACE('',(#259),#162,.T.);
#1744=ADVANCED_FACE('',(#260),#163,.T.);
#1745=ADVANCED_FACE('',(#261),#164,.T.);
#1746=ADVANCED_FACE('',(#262),#165,.T.);
#1747=ADVANCED_FACE('',(#263),#166,.T.);
#1748=ADVANCED_FACE('',(#264),#167,.T.);
#1749=ADVANCED_FACE('',(#265),#168,.T.);
#1750=CLOSED_SHELL('',(#1653,#1654,#1655,#1656,#1657,#1658,#1659,#1660,
#1661,#1662,#1663,#1664,#1665,#1666,#1667,#1668,#1669,#1670,#1671,#1672,
#1673,#1674,#1675,#1676,#1677,#1678,#1679,#1680,#1681,#1682,#1683,#1684,
#1685,#1686,#1687,#1688,#1689,#1690,#1691,#1692,#1693,#1694,#1695,#1696,
#1697,#1698,#1699,#1700,#1701,#1702,#1703,#1704,#1705,#1706,#1707,#1708,
#1709,#1710,#1711,#1712,#1713,#1714,#1715,#1716,#1717,#1718,#1719,#1720,
#1721,#1722,#1723,#1724,#1725,#1726,#1727,#1728,#1729,#1730,#1731,#1732,
#1733,#1734,#1735,#1736,#1737,#1738,#1739,#1740,#1741,#1742,#1743,#1744,
#1745,#1746,#1747,#1748,#1749));
#1751=DERIVED_UNIT_ELEMENT(#1753,1.);
#1752=DERIVED_UNIT_ELEMENT(#3543,-3.);
#1753=(
MASS_UNIT()
NAMED_UNIT(*)
SI_UNIT(.KILO.,.GRAM.)
);
#1754=DERIVED_UNIT((#1751,#1752));
#1755=MEASURE_REPRESENTATION_ITEM('density measure',
POSITIVE_RATIO_MEASURE(7850.),#1754);
#1756=PROPERTY_DEFINITION_REPRESENTATION(#1761,#1758);
#1757=PROPERTY_DEFINITION_REPRESENTATION(#1762,#1759);
#1758=REPRESENTATION('material name',(#1760),#3540);
#1759=REPRESENTATION('density',(#1755),#3540);
#1760=DESCRIPTIVE_REPRESENTATION_ITEM('Steel','Steel');
#1761=PROPERTY_DEFINITION('material property','material name',#3555);
#1762=PROPERTY_DEFINITION('material property','density of part',#3555);
#1763=AXIS2_PLACEMENT_3D('',#2394,#1923,#1924);
#1764=AXIS2_PLACEMENT_3D('',#2395,#1925,#1926);
#1765=AXIS2_PLACEMENT_3D('',#2396,#1927,#1928);
#1766=AXIS2_PLACEMENT_3D('',#2398,#1929,#1930);
#1767=AXIS2_PLACEMENT_3D('',#2401,#1932,#1933);
#1768=AXIS2_PLACEMENT_3D('',#2402,#1934,#1935);
#1769=AXIS2_PLACEMENT_3D('',#2403,#1936,#1937);
#1770=AXIS2_PLACEMENT_3D('',#2405,#1938,#1939);
#1771=AXIS2_PLACEMENT_3D('',#2407,#1941,#1942);
#1772=AXIS2_PLACEMENT_3D('',#2409,#1943,#1944);
#1773=AXIS2_PLACEMENT_3D('',#2412,#1946,#1947);
#1774=AXIS2_PLACEMENT_3D('',#2413,#1948,#1949);
#1775=AXIS2_PLACEMENT_3D('',#2414,#1950,#1951);
#1776=AXIS2_PLACEMENT_3D('',#2416,#1952,#1953);
#1777=AXIS2_PLACEMENT_3D('',#2418,#1955,#1956);
#1778=AXIS2_PLACEMENT_3D('',#2420,#1957,#1958);
#1779=AXIS2_PLACEMENT_3D('',#2421,#1959,#1960);
#1780=AXIS2_PLACEMENT_3D('',#2423,#1961,#1962);
#1781=AXIS2_PLACEMENT_3D('',#2424,#1963,#1964);
#1782=AXIS2_PLACEMENT_3D('',#2426,#1965,#1966);
#1783=AXIS2_PLACEMENT_3D('',#2429,#1968,#1969);
#1784=AXIS2_PLACEMENT_3D('',#2430,#1970,#1971);
#1785=AXIS2_PLACEMENT_3D('',#2435,#1973,#1974);
#1786=AXIS2_PLACEMENT_3D('',#2439,#1976,#1977);
#1787=AXIS2_PLACEMENT_3D('',#2440,#1978,#1979);
#1788=AXIS2_PLACEMENT_3D('',#2447,#1983,#1984);
#1789=AXIS2_PLACEMENT_3D('',#2450,#1986,#1987);
#1790=AXIS2_PLACEMENT_3D('',#2452,#1988,#1989);
#1791=AXIS2_PLACEMENT_3D('',#2453,#1990,#1991);
#1792=AXIS2_PLACEMENT_3D('',#2455,#1992,#1993);
#1793=AXIS2_PLACEMENT_3D('',#2457,#1995,#1996);
#1794=AXIS2_PLACEMENT_3D('',#2460,#1998,#1999);
#1795=AXIS2_PLACEMENT_3D('',#2461,#2000,#2001);
#1796=AXIS2_PLACEMENT_3D('',#2463,#2002,#2003);
#1797=AXIS2_PLACEMENT_3D('',#2465,#2005,#2006);
#1798=AXIS2_PLACEMENT_3D('',#2468,#2007,#2008);
#1799=AXIS2_PLACEMENT_3D('',#2471,#2011,#2012);
#1800=AXIS2_PLACEMENT_3D('',#2475,#2014,#2015);
#1801=AXIS2_PLACEMENT_3D('',#2487,#2021,#2022);
#1802=AXIS2_PLACEMENT_3D('',#2491,#2024,#2025);
#1803=AXIS2_PLACEMENT_3D('',#2494,#2027,#2028);
#1804=AXIS2_PLACEMENT_3D('',#2496,#2029,#2030);
#1805=AXIS2_PLACEMENT_3D('',#2498,#2031,#2032);
#1806=AXIS2_PLACEMENT_3D('',#2500,#2033,#2034);
#1807=AXIS2_PLACEMENT_3D('',#2502,#2035,#2036);
#1808=AXIS2_PLACEMENT_3D('',#2561,#2037,#2038);
#1809=AXIS2_PLACEMENT_3D('',#2565,#2041,#2042);
#1810=AXIS2_PLACEMENT_3D('',#2567,#2043,#2044);
#1811=AXIS2_PLACEMENT_3D('',#2569,#2045,#2046);
#1812=AXIS2_PLACEMENT_3D('',#2571,#2048,#2049);
#1813=AXIS2_PLACEMENT_3D('',#2579,#2054,#2055);
#1814=AXIS2_PLACEMENT_3D('',#2583,#2057,#2058);
#1815=AXIS2_PLACEMENT_3D('',#2585,#2059,#2060);
#1816=AXIS2_PLACEMENT_3D('',#2587,#2062,#2063);
#1817=AXIS2_PLACEMENT_3D('',#2591,#2066,#2067);
#1818=AXIS2_PLACEMENT_3D('',#2594,#2070,#2071);
#1819=AXIS2_PLACEMENT_3D('',#2596,#2073,#2074);
#1820=AXIS2_PLACEMENT_3D('',#2599,#2075,#2076);
#1821=AXIS2_PLACEMENT_3D('',#2603,#2078,#2079);
#1822=AXIS2_PLACEMENT_3D('',#2616,#2081,#2082);
#1823=AXIS2_PLACEMENT_3D('',#2617,#2083,#2084);
#1824=AXIS2_PLACEMENT_3D('',#2618,#2085,#2086);
#1825=AXIS2_PLACEMENT_3D('',#2619,#2087,#2088);
#1826=AXIS2_PLACEMENT_3D('',#2622,#2089,#2090);
#1827=AXIS2_PLACEMENT_3D('',#2636,#2093,#2094);
#1828=AXIS2_PLACEMENT_3D('',#2637,#2095,#2096);
#1829=AXIS2_PLACEMENT_3D('',#2638,#2097,#2098);
#1830=AXIS2_PLACEMENT_3D('',#2639,#2099,#2100);
#1831=AXIS2_PLACEMENT_3D('',#2642,#2101,#2102);
#1832=AXIS2_PLACEMENT_3D('',#2656,#2105,#2106);
#1833=AXIS2_PLACEMENT_3D('',#2657,#2107,#2108);
#1834=AXIS2_PLACEMENT_3D('',#2658,#2109,#2110);
#1835=AXIS2_PLACEMENT_3D('',#2659,#2111,#2112);
#1836=AXIS2_PLACEMENT_3D('',#2662,#2113,#2114);
#1837=AXIS2_PLACEMENT_3D('',#2674,#2117,#2118);
#1838=AXIS2_PLACEMENT_3D('',#2675,#2119,#2120);
#1839=AXIS2_PLACEMENT_3D('',#2686,#2121,#2122);
#1840=AXIS2_PLACEMENT_3D('',#2688,#2123,#2124);
#1841=AXIS2_PLACEMENT_3D('',#2689,#2125,#2126);
#1842=AXIS2_PLACEMENT_3D('',#2690,#2127,#2128);
#1843=AXIS2_PLACEMENT_3D('',#2692,#2129,#2130);
#1844=AXIS2_PLACEMENT_3D('',#2704,#2132,#2133);
#1845=AXIS2_PLACEMENT_3D('',#2705,#2134,#2135);
#1846=AXIS2_PLACEMENT_3D('',#2706,#2136,#2137);
#1847=AXIS2_PLACEMENT_3D('',#2708,#2138,#2139);
#1848=AXIS2_PLACEMENT_3D('',#2710,#2141,#2142);
#1849=AXIS2_PLACEMENT_3D('',#2711,#2143,#2144);
#1850=AXIS2_PLACEMENT_3D('',#2714,#2146,#2147);
#1851=AXIS2_PLACEMENT_3D('',#2725,#2148,#2149);
#1852=AXIS2_PLACEMENT_3D('',#2726,#2150,#2151);
#1853=AXIS2_PLACEMENT_3D('',#2737,#2152,#2153);
#1854=AXIS2_PLACEMENT_3D('',#2738,#2154,#2155);
#1855=AXIS2_PLACEMENT_3D('',#2739,#2156,#2157);
#1856=AXIS2_PLACEMENT_3D('',#2741,#2159,#2160);
#1857=AXIS2_PLACEMENT_3D('',#2749,#2164,#2165);
#1858=AXIS2_PLACEMENT_3D('',#2757,#2169,#2170);
#1859=AXIS2_PLACEMENT_3D('',#2765,#2174,#2175);
#1860=AXIS2_PLACEMENT_3D('',#2773,#2179,#2180);
#1861=AXIS2_PLACEMENT_3D('',#2795,#2192,#2193);
#1862=AXIS2_PLACEMENT_3D('',#2798,#2195,#2196);
#1863=AXIS2_PLACEMENT_3D('',#2799,#2197,#2198);
#1864=AXIS2_PLACEMENT_3D('',#2800,#2199,#2200);
#1865=AXIS2_PLACEMENT_3D('',#2802,#2201,#2202);
#1866=AXIS2_PLACEMENT_3D('',#2804,#2204,#2205);
#1867=AXIS2_PLACEMENT_3D('',#2805,#2206,#2207);
#1868=AXIS2_PLACEMENT_3D('',#2807,#2208,#2209);
#1869=AXIS2_PLACEMENT_3D('',#2809,#2211,#2212);
#1870=AXIS2_PLACEMENT_3D('',#2810,#2213,#2214);
#1871=AXIS2_PLACEMENT_3D('',#2812,#2215,#2216);
#1872=AXIS2_PLACEMENT_3D('',#2814,#2218,#2219);
#1873=AXIS2_PLACEMENT_3D('',#2815,#2220,#2221);
#1874=AXIS2_PLACEMENT_3D('',#2817,#2222,#2223);
#1875=AXIS2_PLACEMENT_3D('',#2819,#2225,#2226);
#1876=AXIS2_PLACEMENT_3D('',#2820,#2227,#2228);
#1877=AXIS2_PLACEMENT_3D('',#2872,#2230,#2231);
#1878=AXIS2_PLACEMENT_3D('',#2934,#2233,#2234);
#1879=AXIS2_PLACEMENT_3D('',#3018,#2236,#2237);
#1880=AXIS2_PLACEMENT_3D('',#3160,#2244,#2245);
#1881=AXIS2_PLACEMENT_3D('',#3172,#2248,#2249);
#1882=AXIS2_PLACEMENT_3D('',#3174,#2251,#2252);
#1883=AXIS2_PLACEMENT_3D('',#3221,#2255,#2256);
#1884=AXIS2_PLACEMENT_3D('',#3225,#2259,#2260);
#1885=AXIS2_PLACEMENT_3D('',#3316,#2266,#2267);
#1886=AXIS2_PLACEMENT_3D('',#3343,#2271,#2272);
#1887=AXIS2_PLACEMENT_3D('',#3347,#2274,#2275);
#1888=AXIS2_PLACEMENT_3D('',#3365,#2285,#2286);
#1889=AXIS2_PLACEMENT_3D('',#3466,#2294,#2295);
#1890=AXIS2_PLACEMENT_3D('',#3468,#2297,#2298);
#1891=AXIS2_PLACEMENT_3D('',#3472,#2300,#2301);
#1892=AXIS2_PLACEMENT_3D('',#3476,#2304,#2305);
#1893=AXIS2_PLACEMENT_3D('',#3477,#2306,#2307);
#1894=AXIS2_PLACEMENT_3D('',#3480,#2310,#2311);
#1895=AXIS2_PLACEMENT_3D('',#3482,#2313,#2314);
#1896=AXIS2_PLACEMENT_3D('',#3485,#2317,#2318);
#1897=AXIS2_PLACEMENT_3D('',#3487,#2320,#2321);
#1898=AXIS2_PLACEMENT_3D('',#3490,#2324,#2325);
#1899=AXIS2_PLACEMENT_3D('',#3492,#2327,#2328);
#1900=AXIS2_PLACEMENT_3D('',#3495,#2331,#2332);
#1901=AXIS2_PLACEMENT_3D('',#3497,#2334,#2335);
#1902=AXIS2_PLACEMENT_3D('',#3501,#2338,#2339);
#1903=AXIS2_PLACEMENT_3D('',#3503,#2341,#2342);
#1904=AXIS2_PLACEMENT_3D('',#3505,#2344,#2345);
#1905=AXIS2_PLACEMENT_3D('',#3507,#2347,#2348);
#1906=AXIS2_PLACEMENT_3D('',#3508,#2349,#2350);
#1907=AXIS2_PLACEMENT_3D('',#3509,#2351,#2352);
#1908=AXIS2_PLACEMENT_3D('',#3512,#2355,#2356);
#1909=AXIS2_PLACEMENT_3D('',#3514,#2358,#2359);
#1910=AXIS2_PLACEMENT_3D('',#3516,#2361,#2362);
#1911=AXIS2_PLACEMENT_3D('',#3517,#2363,#2364);
#1912=AXIS2_PLACEMENT_3D('',#3520,#2367,#2368);
#1913=AXIS2_PLACEMENT_3D('',#3522,#2370,#2371);
#1914=AXIS2_PLACEMENT_3D('',#3524,#2373,#2374);
#1915=AXIS2_PLACEMENT_3D('',#3525,#2375,#2376);
#1916=AXIS2_PLACEMENT_3D('',#3527,#2378,#2379);
#1917=AXIS2_PLACEMENT_3D('',#3528,#2380,#2381);
#1918=AXIS2_PLACEMENT_3D('',#3530,#2383,#2384);
#1919=AXIS2_PLACEMENT_3D('',#3531,#2385,#2386);
#1920=AXIS2_PLACEMENT_3D('',#3533,#2388,#2389);
#1921=AXIS2_PLACEMENT_3D('',#3534,#2390,#2391);
#1922=AXIS2_PLACEMENT_3D('',#3535,#2392,#2393);
#1923=DIRECTION('axis',(0.,0.,1.));
#1924=DIRECTION('refdir',(1.,0.,0.));
#1925=DIRECTION('axis',(0.,0.,1.));
#1926=DIRECTION('refdir',(1.,0.,0.));
#1927=DIRECTION('center_axis',(0.,0.,-1.));
#1928=DIRECTION('ref_axis',(1.,0.,0.));
#1929=DIRECTION('center_axis',(0.,0.,-1.));
#1930=DIRECTION('ref_axis',(1.,0.,0.));
#1931=DIRECTION('',(0.707106781186546,-8.65956056235492E-17,0.707106781186549));
#1932=DIRECTION('center_axis',(0.,0.,1.));
#1933=DIRECTION('ref_axis',(1.,0.,0.));
#1934=DIRECTION('center_axis',(0.,0.,1.));
#1935=DIRECTION('ref_axis',(1.,0.,0.));
#1936=DIRECTION('center_axis',(0.,0.,-1.));
#1937=DIRECTION('ref_axis',(1.,0.,0.));
#1938=DIRECTION('center_axis',(0.,0.,1.));
#1939=DIRECTION('ref_axis',(1.,0.,0.));
#1940=DIRECTION('',(0.,0.,1.));
#1941=DIRECTION('center_axis',(0.,0.,-1.));
#1942=DIRECTION('ref_axis',(1.,0.,0.));
#1943=DIRECTION('center_axis',(0.,0.,-1.));
#1944=DIRECTION('ref_axis',(1.,0.,0.));
#1945=DIRECTION('',(0.707106781186547,-8.65956056235493E-17,0.707106781186548));
#1946=DIRECTION('center_axis',(0.,0.,1.));
#1947=DIRECTION('ref_axis',(1.,0.,0.));
#1948=DIRECTION('center_axis',(0.,0.,1.));
#1949=DIRECTION('ref_axis',(1.,0.,0.));
#1950=DIRECTION('center_axis',(0.,0.,-1.));
#1951=DIRECTION('ref_axis',(1.,0.,0.));
#1952=DIRECTION('center_axis',(0.,0.,1.));
#1953=DIRECTION('ref_axis',(1.,0.,0.));
#1954=DIRECTION('',(0.,0.,1.));
#1955=DIRECTION('center_axis',(0.,0.,1.));
#1956=DIRECTION('ref_axis',(1.,0.,0.));
#1957=DIRECTION('center_axis',(0.,0.,1.));
#1958=DIRECTION('ref_axis',(1.,0.,0.));
#1959=DIRECTION('center_axis',(0.,0.,1.));
#1960=DIRECTION('ref_axis',(1.,0.,0.));
#1961=DIRECTION('center_axis',(0.,0.,1.));
#1962=DIRECTION('ref_axis',(1.,0.,0.));
#1963=DIRECTION('center_axis',(0.,0.,1.));
#1964=DIRECTION('ref_axis',(1.,0.,0.));
#1965=DIRECTION('center_axis',(0.,0.,-1.));
#1966=DIRECTION('ref_axis',(1.,0.,0.));
#1967=DIRECTION('',(0.707106781186548,8.65956056235494E-17,-0.707106781186547));
#1968=DIRECTION('center_axis',(0.,0.,1.));
#1969=DIRECTION('ref_axis',(1.,0.,0.));
#1970=DIRECTION('center_axis',(0.,0.,1.));
#1971=DIRECTION('ref_axis',(1.,0.,0.));
#1972=DIRECTION('',(1.,0.,0.));
#1973=DIRECTION('center_axis',(0.,0.,1.));
#1974=DIRECTION('ref_axis',(0.854198555614439,-0.519946946895744,0.));
#1975=DIRECTION('',(0.,1.,0.));
#1976=DIRECTION('center_axis',(0.,0.,1.));
#1977=DIRECTION('ref_axis',(1.,0.,0.));
#1978=DIRECTION('center_axis',(0.,0.,1.));
#1979=DIRECTION('ref_axis',(1.,0.,0.));
#1980=DIRECTION('',(0.,1.,0.));
#1981=DIRECTION('',(1.,0.,0.));
#1982=DIRECTION('',(2.30041632246253E-33,-1.,0.));
#1983=DIRECTION('center_axis',(0.,0.,1.));
#1984=DIRECTION('ref_axis',(1.,0.,0.));
#1985=DIRECTION('',(2.30041632246253E-33,-1.,0.));
#1986=DIRECTION('center_axis',(0.,0.,1.));
#1987=DIRECTION('ref_axis',(-0.872506015949719,-0.488603368931845,0.));
#1988=DIRECTION('center_axis',(0.,0.,-1.));
#1989=DIRECTION('ref_axis',(1.,0.,0.));
#1990=DIRECTION('center_axis',(0.,0.,-1.));
#1991=DIRECTION('ref_axis',(1.,0.,0.));
#1992=DIRECTION('center_axis',(0.,0.,-1.));
#1993=DIRECTION('ref_axis',(1.,0.,0.));
#1994=DIRECTION('',(0.,0.,1.));
#1995=DIRECTION('center_axis',(0.,0.,1.));
#1996=DIRECTION('ref_axis',(1.,0.,0.));
#1997=DIRECTION('',(0.707106781186548,8.65956056235494E-17,-0.707106781186547));
#1998=DIRECTION('center_axis',(0.,0.,1.));
#1999=DIRECTION('ref_axis',(1.,0.,0.));
#2000=DIRECTION('center_axis',(0.,0.,-1.));
#2001=DIRECTION('ref_axis',(1.,0.,0.));
#2002=DIRECTION('center_axis',(0.,0.,-1.));
#2003=DIRECTION('ref_axis',(1.,0.,0.));
#2004=DIRECTION('',(0.,0.,1.));
#2005=DIRECTION('center_axis',(0.375992992759087,0.21055607594509,-0.902383182621812));
#2006=DIRECTION('ref_axis',(-0.625934701312378,-0.660357757307532,-0.414889602251914));
#2007=DIRECTION('center_axis',(0.,0.,1.));
#2008=DIRECTION('ref_axis',(-0.872506015949719,-0.488603368931845,0.));
#2009=DIRECTION('',(-0.375992992759087,-0.21055607594509,0.902383182621812));
#2010=DIRECTION('',(0.375992992759087,0.21055607594509,-0.902383182621812));
#2011=DIRECTION('center_axis',(0.,0.,1.));
#2012=DIRECTION('ref_axis',(1.,0.,0.));
#2013=DIRECTION('',(0.,1.,0.));
#2014=DIRECTION('center_axis',(0.,0.,1.));
#2015=DIRECTION('ref_axis',(-0.811534341451495,0.584304725845076,4.87490360696337E-17));
#2016=DIRECTION('',(1.,0.,0.));
#2017=DIRECTION('',(0.,1.,0.));
#2018=DIRECTION('',(1.,0.,0.));
#2019=DIRECTION('',(0.,-1.,0.));
#2020=DIRECTION('',(1.,0.,0.));
#2021=DIRECTION('center_axis',(0.,0.,1.));
#2022=DIRECTION('ref_axis',(0.787505001007589,0.616308261658106,0.));
#2023=DIRECTION('',(0.,-1.,0.));
#2024=DIRECTION('center_axis',(0.,0.,1.));
#2025=DIRECTION('ref_axis',(0.854198555614439,-0.519946946895744,0.));
#2026=DIRECTION('',(-1.,0.,0.));
#2027=DIRECTION('center_axis',(0.,0.,1.));
#2028=DIRECTION('ref_axis',(1.,0.,0.));
#2029=DIRECTION('center_axis',(0.,0.,1.));
#2030=DIRECTION('ref_axis',(-1.,0.,0.));
#2031=DIRECTION('center_axis',(0.,0.,1.));
#2032=DIRECTION('ref_axis',(-1.,0.,0.));
#2033=DIRECTION('center_axis',(0.,0.,1.));
#2034=DIRECTION('ref_axis',(-1.,0.,0.));
#2035=DIRECTION('center_axis',(0.,0.,1.));
#2036=DIRECTION('ref_axis',(-1.,0.,0.));
#2037=DIRECTION('center_axis',(-0.923076923076924,0.,-0.384615384615383));
#2038=DIRECTION('ref_axis',(-0.384615384615383,0.,0.923076923076924));
#2039=DIRECTION('',(2.30041632246253E-33,-1.,0.));
#2040=DIRECTION('',(-0.370665393029615,0.266879082981323,0.88959694327108));
#2041=DIRECTION('center_axis',(0.370665393029615,-0.266879082981323,-0.88959694327108));
#2042=DIRECTION('ref_axis',(-0.619384043801732,0.642700844283195,-0.450886938202343));
#2043=DIRECTION('center_axis',(1.,2.30041632246253E-33,0.));
#2044=DIRECTION('ref_axis',(0.,-0.287347885566344,-0.957826285221152));
#2045=DIRECTION('center_axis',(0.,-1.,0.));
#2046=DIRECTION('ref_axis',(0.384615384615383,0.,-0.923076923076924));
#2047=DIRECTION('',(0.370665393029615,-0.266879082981323,-0.88959694327108));
#2048=DIRECTION('center_axis',(-1.,-2.30041632246253E-33,0.));
#2049=DIRECTION('ref_axis',(2.30041632246253E-33,-1.,0.));
#2050=DIRECTION('',(1.62663998116548E-33,-0.707106781186548,-0.707106781186548));
#2051=DIRECTION('',(0.,0.,1.));
#2052=DIRECTION('',(2.30041632246253E-33,-1.,0.));
#2053=DIRECTION('',(0.,0.,1.));
#2054=DIRECTION('center_axis',(-0.344668416147468,-0.269740499593667,-0.899134998645562));
#2055=DIRECTION('ref_axis',(0.628716941139024,0.644930780463959,-0.434487394909148));
#2056=DIRECTION('',(0.344668416147468,0.269740499593667,0.899134998645562));
#2057=DIRECTION('center_axis',(0.,-1.,0.));
#2058=DIRECTION('ref_axis',(-0.357936011632454,0.,-0.933746117302049));
#2059=DIRECTION('center_axis',(-1.,6.16790569236198E-17,0.));
#2060=DIRECTION('ref_axis',(0.,-0.287347885566344,-0.957826285221152));
#2061=DIRECTION('',(-0.344668416147468,-0.269740499593667,-0.899134998645562));
#2062=DIRECTION('center_axis',(0.,0.957826285221152,-0.287347885566344));
#2063=DIRECTION('ref_axis',(0.,0.287347885566344,0.957826285221152));
#2064=DIRECTION('',(0.,0.287347885566344,0.957826285221152));
#2065=DIRECTION('',(-1.,0.,0.));
#2066=DIRECTION('center_axis',(0.933746117302049,0.,-0.357936011632454));
#2067=DIRECTION('ref_axis',(-0.357936011632454,0.,-0.933746117302049));
#2068=DIRECTION('',(0.,1.,0.));
#2069=DIRECTION('',(0.349731523784067,-0.212880057955518,0.912343105523646));
#2070=DIRECTION('center_axis',(-0.349731523784067,0.212880057955518,-0.912343105523646));
#2071=DIRECTION('ref_axis',(0.634941845025012,-0.662206271080883,-0.397909170511796));
#2072=DIRECTION('',(-0.349731523784067,0.212880057955518,-0.912343105523646));
#2073=DIRECTION('center_axis',(0.,-1.,0.));
#2074=DIRECTION('ref_axis',(0.223606797749978,0.,-0.974679434480896));
#2075=DIRECTION('center_axis',(0.,1.,0.));
#2076=DIRECTION('ref_axis',(0.435889894354068,0.,-0.9));
#2077=DIRECTION('',(0.,-1.,0.));
#2078=DIRECTION('center_axis',(0.,-1.,0.));
#2079=DIRECTION('ref_axis',(0.,0.,-1.));
#2080=DIRECTION('',(0.,1.,0.));
#2081=DIRECTION('center_axis',(-1.,4.07524207927E-15,0.));
#2082=DIRECTION('ref_axis',(0.,0.,-1.));
#2083=DIRECTION('center_axis',(0.,0.,1.));
#2084=DIRECTION('ref_axis',(0.707106781186547,-0.707106781186548,0.));
#2085=DIRECTION('center_axis',(0.,0.,-1.));
#2086=DIRECTION('ref_axis',(0.707106781186546,-0.707106781186549,0.));
#2087=DIRECTION('center_axis',(-1.,-2.43156684014599E-16,0.));
#2088=DIRECTION('ref_axis',(0.,-0.223606797749979,-0.974679434480896));
#2089=DIRECTION('center_axis',(-1.,0.,0.));
#2090=DIRECTION('ref_axis',(0.,0.,-1.));
#2091=DIRECTION('',(1.,2.43156684014599E-16,0.));
#2092=DIRECTION('',(-1.,-2.43156684014599E-16,0.));
#2093=DIRECTION('center_axis',(-2.037621039635E-15,1.,0.));
#2094=DIRECTION('ref_axis',(0.,0.,-1.));
#2095=DIRECTION('center_axis',(0.,0.,1.));
#2096=DIRECTION('ref_axis',(-0.707106781186547,-0.707106781186547,0.));
#2097=DIRECTION('center_axis',(0.,0.,-1.));
#2098=DIRECTION('ref_axis',(-0.707106781186548,-0.707106781186548,0.));
#2099=DIRECTION('center_axis',(-2.85940975255662E-16,1.,0.));
#2100=DIRECTION('ref_axis',(-0.223606797749979,0.,-0.974679434480896));
#2101=DIRECTION('center_axis',(0.,1.,0.));
#2102=DIRECTION('ref_axis',(0.,0.,-1.));
#2103=DIRECTION('',(2.85940975255662E-16,-1.,0.));
#2104=DIRECTION('',(-2.85940975255662E-16,1.,0.));
#2105=DIRECTION('center_axis',(1.,2.03762103963501E-15,0.));
#2106=DIRECTION('ref_axis',(0.,0.,-1.));
#2107=DIRECTION('center_axis',(0.,0.,1.));
#2108=DIRECTION('ref_axis',(-0.707106781186548,0.707106781186547,0.));
#2109=DIRECTION('center_axis',(0.,0.,-1.));
#2110=DIRECTION('ref_axis',(-0.707106781186547,0.707106781186548,0.));
#2111=DIRECTION('center_axis',(1.,2.43156684014599E-16,0.));
#2112=DIRECTION('ref_axis',(0.,0.223606797749978,-0.974679434480896));
#2113=DIRECTION('center_axis',(1.,0.,0.));
#2114=DIRECTION('ref_axis',(0.,0.,-1.));
#2115=DIRECTION('',(-1.,-2.43156684014599E-16,0.));
#2116=DIRECTION('',(1.,2.43156684014599E-16,0.));
#2117=DIRECTION('center_axis',(1.38777878078143E-16,2.45286437717156E-30,
1.));
#2118=DIRECTION('ref_axis',(0.707106781186549,0.707106781186546,-1.96809632288699E-16));
#2119=DIRECTION('center_axis',(0.,0.,-1.));
#2120=DIRECTION('ref_axis',(0.70710678118655,0.707106781186545,0.));
#2121=DIRECTION('center_axis',(1.,-2.96059473233375E-16,8.88178419700125E-16));
#2122=DIRECTION('ref_axis',(-8.88178419700125E-16,0.,1.));
#2123=DIRECTION('center_axis',(0.,0.,1.));
#2124=DIRECTION('ref_axis',(-4.44089209850063E-16,-1.,0.));
#2125=DIRECTION('center_axis',(0.,1.,0.));
#2126=DIRECTION('ref_axis',(4.44089209850063E-16,0.,1.));
#2127=DIRECTION('center_axis',(-1.,-2.43156684014599E-16,0.));
#2128=DIRECTION('ref_axis',(0.,-0.6,0.8));
#2129=DIRECTION('center_axis',(-1.,0.,0.));
#2130=DIRECTION('ref_axis',(0.,-0.6,0.8));
#2131=DIRECTION('',(-1.,-2.43156684014599E-16,0.));
#2132=DIRECTION('center_axis',(-1.1842378929335E-14,1.,0.));
#2133=DIRECTION('ref_axis',(-0.6,-7.105427357601E-15,0.8));
#2134=DIRECTION('center_axis',(2.77555756156286E-16,4.90572875434312E-30,
1.));
#2135=DIRECTION('ref_axis',(-3.83026943495677E-15,-1.,0.));
#2136=DIRECTION('center_axis',(0.,1.,0.));
#2137=DIRECTION('ref_axis',(-0.6,0.,0.8));
#2138=DIRECTION('center_axis',(0.,1.,0.));
#2139=DIRECTION('ref_axis',(-0.6,0.,0.8));
#2140=DIRECTION('',(0.,1.,0.));
#2141=DIRECTION('center_axis',(0.,0.,1.));
#2142=DIRECTION('ref_axis',(-1.,0.,0.));
#2143=DIRECTION('center_axis',(2.85940975255662E-16,-1.,0.));
#2144=DIRECTION('ref_axis',(0.6,0.,0.8));
#2145=DIRECTION('',(2.85940975255662E-16,-1.,0.));
#2146=DIRECTION('center_axis',(2.96059473233375E-16,1.,8.88178419700125E-16));
#2147=DIRECTION('ref_axis',(0.,-8.88178419700125E-16,1.));
#2148=DIRECTION('center_axis',(1.,0.,0.));
#2149=DIRECTION('ref_axis',(0.,0.6,0.8));
#2150=DIRECTION('center_axis',(0.,0.,1.));
#2151=DIRECTION('ref_axis',(-1.,1.33226762955019E-15,0.));
#2152=DIRECTION('center_axis',(0.,0.,1.));
#2153=DIRECTION('ref_axis',(1.,-4.44089209850062E-16,0.));
#2154=DIRECTION('center_axis',(-1.,1.48029736616688E-15,3.28692043842088E-31));
#2155=DIRECTION('ref_axis',(0.,-2.22044604925031E-16,1.));
#2156=DIRECTION('center_axis',(1.,2.43156684014599E-16,0.));
#2157=DIRECTION('ref_axis',(0.,0.6,0.8));
#2158=DIRECTION('',(1.,2.43156684014599E-16,0.));
#2159=DIRECTION('center_axis',(0.,0.,1.));
#2160=DIRECTION('ref_axis',(1.,0.,0.));
#2161=DIRECTION('',(1.,2.99589102460237E-33,0.));
#2162=DIRECTION('',(6.16790569236198E-17,1.,0.));
#2163=DIRECTION('',(-1.,0.,0.));
#2164=DIRECTION('center_axis',(0.,0.,-1.));
#2165=DIRECTION('ref_axis',(0.707106781186546,0.707106781186549,0.));
#2166=DIRECTION('',(-1.,-5.46571335200077E-16,0.));
#2167=DIRECTION('',(0.,1.,0.));
#2168=DIRECTION('',(1.,5.2245789394125E-16,0.));
#2169=DIRECTION('center_axis',(0.,0.,1.));
#2170=DIRECTION('ref_axis',(0.707106781186546,0.707106781186549,0.));
#2171=DIRECTION('',(0.,-1.,0.));
#2172=DIRECTION('',(-1.,0.,0.));
#2173=DIRECTION('',(0.,1.,0.));
#2174=DIRECTION('center_axis',(0.,0.,-1.));
#2175=DIRECTION('ref_axis',(-0.707106781186549,0.707106781186546,0.));
#2176=DIRECTION('',(0.,-1.,0.));
#2177=DIRECTION('',(-1.,0.,0.));
#2178=DIRECTION('',(0.,1.,0.));
#2179=DIRECTION('center_axis',(0.,0.,1.));
#2180=DIRECTION('ref_axis',(-0.707106781186549,0.707106781186546,0.));
#2181=DIRECTION('',(1.,5.2245789394125E-16,0.));
#2182=DIRECTION('',(0.,-1.,0.));
#2183=DIRECTION('',(-1.,-5.46571335200077E-16,0.));
#2184=DIRECTION('',(0.,-1.,0.));
#2185=DIRECTION('',(-1.,0.,0.));
#2186=DIRECTION('',(0.,1.,0.));
#2187=DIRECTION('',(1.,0.,0.));
#2188=DIRECTION('',(-1.,0.,0.));
#2189=DIRECTION('',(0.,1.,0.));
#2190=DIRECTION('',(1.,0.,0.));
#2191=DIRECTION('',(0.,-1.,0.));
#2192=DIRECTION('center_axis',(0.,0.,1.));
#2193=DIRECTION('ref_axis',(1.,0.,0.));
#2194=DIRECTION('',(0.,0.,1.));
#2195=DIRECTION('center_axis',(0.,0.,1.));
#2196=DIRECTION('ref_axis',(1.,0.,0.));
#2197=DIRECTION('center_axis',(0.,0.,-1.));
#2198=DIRECTION('ref_axis',(1.,0.,0.));
#2199=DIRECTION('center_axis',(0.,0.,-1.));
#2200=DIRECTION('ref_axis',(1.,0.,0.));
#2201=DIRECTION('center_axis',(0.,0.,-1.));
#2202=DIRECTION('ref_axis',(1.,0.,0.));
#2203=DIRECTION('',(0.,0.,1.));
#2204=DIRECTION('center_axis',(0.,0.,-1.));
#2205=DIRECTION('ref_axis',(1.,0.,0.));
#2206=DIRECTION('center_axis',(0.,0.,-1.));
#2207=DIRECTION('ref_axis',(1.,0.,0.));
#2208=DIRECTION('center_axis',(0.,0.,1.));
#2209=DIRECTION('ref_axis',(1.,0.,0.));
#2210=DIRECTION('',(0.,0.,1.));
#2211=DIRECTION('center_axis',(0.,0.,-1.));
#2212=DIRECTION('ref_axis',(1.,0.,0.));
#2213=DIRECTION('center_axis',(0.,0.,-1.));
#2214=DIRECTION('ref_axis',(1.,0.,0.));
#2215=DIRECTION('center_axis',(0.,0.,-1.));
#2216=DIRECTION('ref_axis',(1.,0.,0.));
#2217=DIRECTION('',(0.,0.,1.));
#2218=DIRECTION('center_axis',(0.,0.,-1.));
#2219=DIRECTION('ref_axis',(1.,0.,0.));
#2220=DIRECTION('center_axis',(0.,0.,-1.));
#2221=DIRECTION('ref_axis',(1.,0.,0.));
#2222=DIRECTION('center_axis',(0.,0.,1.));
#2223=DIRECTION('ref_axis',(1.,0.,0.));
#2224=DIRECTION('',(0.,0.,1.));
#2225=DIRECTION('center_axis',(0.,0.,-1.));
#2226=DIRECTION('ref_axis',(1.,0.,0.));
#2227=DIRECTION('center_axis',(0.,0.,1.));
#2228=DIRECTION('ref_axis',(-1.,0.,0.));
#2229=DIRECTION('',(0.,0.,1.));
#2230=DIRECTION('center_axis',(0.,0.,1.));
#2231=DIRECTION('ref_axis',(-1.,0.,0.));
#2232=DIRECTION('',(0.,0.,1.));
#2233=DIRECTION('center_axis',(0.,0.,1.));
#2234=DIRECTION('ref_axis',(-1.,0.,0.));
#2235=DIRECTION('',(0.,0.,1.));
#2236=DIRECTION('center_axis',(0.,0.,1.));
#2237=DIRECTION('ref_axis',(-1.,0.,0.));
#2238=DIRECTION('',(0.,0.,1.));
#2239=DIRECTION('',(-0.534036434174873,0.549042625114764,-0.642928676278229));
#2240=DIRECTION('',(0.,-1.,0.));
#2241=DIRECTION('',(0.,1.,0.));
#2242=DIRECTION('',(-0.306055115265589,0.0196695356072231,-0.951810577682746));
#2243=DIRECTION('',(-0.534036434174873,0.549042625114764,-0.642928676278229));
#2244=DIRECTION('center_axis',(1.,0.,0.));
#2245=DIRECTION('ref_axis',(0.,-1.,0.));
#2246=DIRECTION('',(0.,1.,0.));
#2247=DIRECTION('',(0.,0.,-1.));
#2248=DIRECTION('center_axis',(1.,0.,0.));
#2249=DIRECTION('ref_axis',(0.,-1.,0.));
#2250=DIRECTION('',(0.,0.,-1.));
#2251=DIRECTION('center_axis',(0.,-1.,0.));
#2252=DIRECTION('ref_axis',(-1.,0.,0.));
#2253=DIRECTION('',(1.,0.,0.));
#2254=DIRECTION('',(0.,0.,-1.));
#2255=DIRECTION('center_axis',(-1.,0.,0.));
#2256=DIRECTION('ref_axis',(0.,1.,0.));
#2257=DIRECTION('',(0.,-0.287347885566344,-0.957826285221152));
#2258=DIRECTION('',(0.,0.,-1.));
#2259=DIRECTION('center_axis',(0.,0.957826285221152,-0.287347885566344));
#2260=DIRECTION('ref_axis',(0.,0.287347885566344,0.957826285221152));
#2261=DIRECTION('',(-1.,0.,0.));
#2262=DIRECTION('',(-0.092449164767684,-0.23786619066754,-0.966888218601856));
#2263=DIRECTION('',(-0.0266804147554514,-0.153266069516281,-0.987824714918344));
#2264=DIRECTION('',(0.557166202961924,0.534310452055532,-0.635671426997632));
#2265=DIRECTION('',(1.,5.2245789394125E-16,0.));
#2266=DIRECTION('center_axis',(0.,0.,-1.));
#2267=DIRECTION('ref_axis',(-0.707106781186549,0.707106781186546,0.));
#2268=DIRECTION('',(0.,1.,0.));
#2269=DIRECTION('',(0.,1.,0.));
#2270=DIRECTION('',(0.557166202961924,0.534310452055532,-0.635671426997632));
#2271=DIRECTION('center_axis',(0.,0.,1.));
#2272=DIRECTION('ref_axis',(1.,0.,0.));
#2273=DIRECTION('',(-1.,-5.46571335200077E-16,0.));
#2274=DIRECTION('center_axis',(0.,0.,1.));
#2275=DIRECTION('ref_axis',(0.707106781186546,0.707106781186549,0.));
#2276=DIRECTION('',(0.,1.,0.));
#2277=DIRECTION('',(-1.,0.,0.));
#2278=DIRECTION('',(1.,0.,0.));
#2279=DIRECTION('',(0.,1.,0.));
#2280=DIRECTION('',(1.,-1.30614473485313E-16,0.));
#2281=DIRECTION('',(0.,-1.,0.));
#2282=DIRECTION('',(1.,0.,0.));
#2283=DIRECTION('',(-1.,0.,0.));
#2284=DIRECTION('',(0.,-1.,0.));
#2285=DIRECTION('center_axis',(0.,0.,1.));
#2286=DIRECTION('ref_axis',(-0.707106781186549,0.707106781186546,0.));
#2287=DIRECTION('',(-1.,-5.46571335200077E-16,0.));
#2288=DIRECTION('',(0.,-1.,0.));
#2289=DIRECTION('',(-1.,0.,0.));
#2290=DIRECTION('',(-1.,0.,0.));
#2291=DIRECTION('',(-1.,0.,0.));
#2292=DIRECTION('',(-0.221176411830791,0.087036091235624,-0.971342222737218));
#2293=DIRECTION('',(0.,1.,0.));
#2294=DIRECTION('center_axis',(0.,0.,1.));
#2295=DIRECTION('ref_axis',(0.707106781186546,0.707106781186549,0.));
#2296=DIRECTION('',(-1.,-5.46571335200077E-16,0.));
#2297=DIRECTION('center_axis',(0.,0.,1.));
#2298=DIRECTION('ref_axis',(1.,0.,0.));
#2299=DIRECTION('',(0.,-1.,0.));
#2300=DIRECTION('center_axis',(0.,0.,-1.));
#2301=DIRECTION('ref_axis',(0.707106781186546,0.707106781186549,0.));
#2302=DIRECTION('',(1.,5.2245789394125E-16,0.));
#2303=DIRECTION('',(0.,1.,0.));
#2304=DIRECTION('center_axis',(0.,-0.973841209741793,-0.227229615606419));
#2305=DIRECTION('ref_axis',(0.,0.227229615606419,-0.973841209741793));
#2306=DIRECTION('center_axis',(0.,0.,1.));
#2307=DIRECTION('ref_axis',(0.707106781186546,0.707106781186549,0.));
#2308=DIRECTION('',(0.,0.,1.));
#2309=DIRECTION('',(0.,0.,-1.));
#2310=DIRECTION('center_axis',(-1.,0.,0.));
#2311=DIRECTION('ref_axis',(0.,-1.,0.));
#2312=DIRECTION('',(0.,0.,1.));
#2313=DIRECTION('center_axis',(0.,0.,1.));
#2314=DIRECTION('ref_axis',(-0.707106781186549,0.707106781186546,0.));
#2315=DIRECTION('',(0.,0.,1.));
#2316=DIRECTION('',(0.,0.,-1.));
#2317=DIRECTION('center_axis',(5.2245789394125E-16,-1.,0.));
#2318=DIRECTION('ref_axis',(1.,5.2245789394125E-16,0.));
#2319=DIRECTION('',(0.,0.,1.));
#2320=DIRECTION('center_axis',(0.,0.,1.));
#2321=DIRECTION('ref_axis',(0.707106781186546,0.707106781186549,0.));
#2322=DIRECTION('',(0.,0.,-1.));
#2323=DIRECTION('',(0.,0.,1.));
#2324=DIRECTION('center_axis',(-5.46571335200077E-16,1.,0.));
#2325=DIRECTION('ref_axis',(-1.,-5.46571335200077E-16,0.));
#2326=DIRECTION('',(0.,0.,1.));
#2327=DIRECTION('center_axis',(0.,0.,1.));
#2328=DIRECTION('ref_axis',(-0.707106781186549,0.707106781186546,0.));
#2329=DIRECTION('',(0.,0.,-1.));
#2330=DIRECTION('',(0.,0.,1.));
#2331=DIRECTION('center_axis',(-5.46571335200077E-16,1.,0.));
#2332=DIRECTION('ref_axis',(-1.,-5.46571335200077E-16,0.));
#2333=DIRECTION('',(0.,0.,1.));
#2334=DIRECTION('center_axis',(0.,-0.707106781186548,0.707106781186548));
#2335=DIRECTION('ref_axis',(1.,0.,0.));
#2336=DIRECTION('',(4.36136794078826E-17,0.707106781186548,0.707106781186548));
#2337=DIRECTION('',(1.,2.99589102460237E-33,0.));
#2338=DIRECTION('center_axis',(2.99589102460237E-33,-1.,0.));
#2339=DIRECTION('ref_axis',(1.,2.99589102460237E-33,0.));
#2340=DIRECTION('',(0.,0.,1.));
#2341=DIRECTION('center_axis',(0.,1.,0.));
#2342=DIRECTION('ref_axis',(-1.,0.,0.));
#2343=DIRECTION('',(0.,0.,1.));
#2344=DIRECTION('center_axis',(5.2245789394125E-16,-1.,0.));
#2345=DIRECTION('ref_axis',(1.,5.2245789394125E-16,0.));
#2346=DIRECTION('',(0.,0.,1.));
#2347=DIRECTION('center_axis',(1.,0.,0.));
#2348=DIRECTION('ref_axis',(0.,1.,0.));
#2349=DIRECTION('center_axis',(1.,0.,0.));
#2350=DIRECTION('ref_axis',(0.,1.,0.));
#2351=DIRECTION('center_axis',(-1.,0.,0.));
#2352=DIRECTION('ref_axis',(0.,-1.,0.));
#2353=DIRECTION('',(0.,0.,1.));
#2354=DIRECTION('',(0.,0.,1.));
#2355=DIRECTION('center_axis',(0.,-1.,0.));
#2356=DIRECTION('ref_axis',(1.,0.,0.));
#2357=DIRECTION('',(0.,0.,1.));
#2358=DIRECTION('center_axis',(1.,0.,0.));
#2359=DIRECTION('ref_axis',(0.,1.,0.));
#2360=DIRECTION('',(0.,0.,1.));
#2361=DIRECTION('center_axis',(0.,1.,0.));
#2362=DIRECTION('ref_axis',(-1.,0.,0.));
#2363=DIRECTION('center_axis',(0.,-1.,0.));
#2364=DIRECTION('ref_axis',(1.,0.,0.));
#2365=DIRECTION('',(0.,0.,1.));
#2366=DIRECTION('',(0.,0.,1.));
#2367=DIRECTION('center_axis',(1.,0.,0.));
#2368=DIRECTION('ref_axis',(0.,1.,0.));
#2369=DIRECTION('',(0.,0.,1.));
#2370=DIRECTION('center_axis',(0.,1.,0.));
#2371=DIRECTION('ref_axis',(-1.,0.,0.));
#2372=DIRECTION('',(0.,0.,1.));
#2373=DIRECTION('center_axis',(-1.,0.,0.));
#2374=DIRECTION('ref_axis',(0.,-1.,0.));
#2375=DIRECTION('center_axis',(-1.,0.,0.));
#2376=DIRECTION('ref_axis',(0.,-1.,0.));
#2377=DIRECTION('',(0.,0.,1.));
#2378=DIRECTION('center_axis',(-1.,0.,0.));
#2379=DIRECTION('ref_axis',(0.,-1.,0.));
#2380=DIRECTION('center_axis',(1.,0.,0.));
#2381=DIRECTION('ref_axis',(0.,1.,0.));
#2382=DIRECTION('',(0.,0.,1.));
#2383=DIRECTION('center_axis',(0.,1.,0.));
#2384=DIRECTION('ref_axis',(-1.,0.,0.));
#2385=DIRECTION('center_axis',(0.,1.,0.));
#2386=DIRECTION('ref_axis',(-1.,0.,0.));
#2387=DIRECTION('',(0.,0.,1.));
#2388=DIRECTION('center_axis',(1.,-6.16790569236198E-17,0.));
#2389=DIRECTION('ref_axis',(6.16790569236198E-17,1.,0.));
#2390=DIRECTION('',(0.,0.,1.));
#2391=DIRECTION('',(1.,0.,0.));
#2392=DIRECTION('center_axis',(0.,0.,1.));
#2393=DIRECTION('ref_axis',(1.,0.,0.));
#2394=CARTESIAN_POINT('',(0.,0.,0.));
#2395=CARTESIAN_POINT('',(0.,0.,0.));
#2396=CARTESIAN_POINT('Origin',(69.,72.,0.5));
#2397=CARTESIAN_POINT('',(67.25,72.,0.));
#2398=CARTESIAN_POINT('Origin',(69.,72.,0.));
#2399=CARTESIAN_POINT('',(68.25,72.,1.));
#2400=CARTESIAN_POINT('',(67.75,72.,0.5));
#2401=CARTESIAN_POINT('Origin',(69.,72.,1.));
#2402=CARTESIAN_POINT('Origin',(36.,72.,1.));
#2403=CARTESIAN_POINT('Origin',(69.,72.,0.));
#2404=CARTESIAN_POINT('',(67.25,72.,-5.));
#2405=CARTESIAN_POINT('Origin',(69.,72.,-5.));
#2406=CARTESIAN_POINT('',(67.25,72.,0.));
#2407=CARTESIAN_POINT('Origin',(3.00000000000002,72.,0.5));
#2408=CARTESIAN_POINT('',(1.25000000000002,72.,0.));
#2409=CARTESIAN_POINT('Origin',(3.00000000000002,72.,0.));
#2410=CARTESIAN_POINT('',(2.25000000000002,72.,1.));
#2411=CARTESIAN_POINT('',(1.75000000000002,72.,0.5));
#2412=CARTESIAN_POINT('Origin',(3.00000000000002,72.,1.));
#2413=CARTESIAN_POINT('Origin',(36.,72.,1.));
#2414=CARTESIAN_POINT('Origin',(3.00000000000002,72.,0.));
#2415=CARTESIAN_POINT('',(1.25000000000002,72.,-5.));
#2416=CARTESIAN_POINT('Origin',(3.00000000000002,72.,-5.));
#2417=CARTESIAN_POINT('',(1.25000000000002,72.,0.));
#2418=CARTESIAN_POINT('Origin',(36.,72.,1.));
#2419=CARTESIAN_POINT('',(46.8505,20.253,1.));
#2420=CARTESIAN_POINT('Origin',(48.6005,20.253,1.));
#2421=CARTESIAN_POINT('Origin',(36.,72.,1.));
#2422=CARTESIAN_POINT('',(21.6505,48.063,1.));
#2423=CARTESIAN_POINT('Origin',(23.4005,48.063,1.));
#2424=CARTESIAN_POINT('Origin',(48.6005,20.253,-1.));
#2425=CARTESIAN_POINT('',(43.6005,20.253,0.));
#2426=CARTESIAN_POINT('Origin',(48.6005,20.253,0.));
#2427=CARTESIAN_POINT('',(45.6005,20.253,-2.));
#2428=CARTESIAN_POINT('',(44.6005,20.253,-1.));
#2429=CARTESIAN_POINT('Origin',(48.6005,20.253,-2.));
#2430=CARTESIAN_POINT('Origin',(36.,72.,0.));
#2431=CARTESIAN_POINT('',(2.47163581707666,76.,0.));
#2432=CARTESIAN_POINT('',(69.5403744105533,76.,0.));
#2433=CARTESIAN_POINT('',(54.,76.,0.));
#2434=CARTESIAN_POINT('',(72.,78.3583576266726,0.));
#2435=CARTESIAN_POINT('Origin',(69.3226126955971,78.5671536334582,0.));
#2436=CARTESIAN_POINT('',(72.,72.,0.));
#2437=CARTESIAN_POINT('',(72.,-1.5,0.));
#2438=CARTESIAN_POINT('',(66.,72.,0.));
#2439=CARTESIAN_POINT('Origin',(69.,72.,0.));
#2440=CARTESIAN_POINT('Origin',(69.,72.,0.));
#2441=CARTESIAN_POINT('',(72.,-1.5,0.));
#2442=CARTESIAN_POINT('',(72.,-1.5,0.));
#2443=CARTESIAN_POINT('',(0.,-1.5,0.));
#2444=CARTESIAN_POINT('',(0.,-1.5,0.));
#2445=CARTESIAN_POINT('',(1.66533453693773E-14,72.,0.));
#2446=CARTESIAN_POINT('',(-3.31259950434605E-31,144.,0.));
#2447=CARTESIAN_POINT('Origin',(3.00000000000002,72.,0.));
#2448=CARTESIAN_POINT('',(-1.80221043581122E-31,78.3427946590993,0.));
#2449=CARTESIAN_POINT('',(-3.31259950434605E-31,144.,0.));
#2450=CARTESIAN_POINT('Origin',(2.70833333333334,78.5671536334582,0.));
#2451=CARTESIAN_POINT('',(18.4005,48.063,0.));
#2452=CARTESIAN_POINT('Origin',(23.4005,48.063,0.));
#2453=CARTESIAN_POINT('Origin',(48.6005,20.253,0.));
#2454=CARTESIAN_POINT('',(45.6005,20.253,-5.));
#2455=CARTESIAN_POINT('Origin',(48.6005,20.253,-5.));
#2456=CARTESIAN_POINT('',(45.6005,20.253,0.));
#2457=CARTESIAN_POINT('Origin',(23.4005,48.063,-1.));
#2458=CARTESIAN_POINT('',(20.4005,48.063,-2.));
#2459=CARTESIAN_POINT('',(19.4005,48.063,-1.));
#2460=CARTESIAN_POINT('Origin',(23.4005,48.063,-2.));
#2461=CARTESIAN_POINT('Origin',(23.4005,48.063,0.));
#2462=CARTESIAN_POINT('',(20.4005,48.063,-5.));
#2463=CARTESIAN_POINT('Origin',(23.4005,48.063,-5.));
#2464=CARTESIAN_POINT('',(20.4005,48.063,0.));
#2465=CARTESIAN_POINT('Origin',(7.21156515757133,81.0889634550315,-10.8077563781712));
#2466=CARTESIAN_POINT('',(6.24999999999999,81.8427946590993,-15.));
#2467=CARTESIAN_POINT('',(8.72163581707663,79.5,-15.));
#2468=CARTESIAN_POINT('Origin',(8.95833333333332,82.0671536334582,-15.));
#2469=CARTESIAN_POINT('',(7.21156515757133,78.654360430677,-11.3758304171873));
#2470=CARTESIAN_POINT('',(4.90387284987903,81.0889634550315,-11.7692948397097));
#2471=CARTESIAN_POINT('Origin',(36.25,109.5,-15.));
#2472=CARTESIAN_POINT('',(6.24999999999999,137.178384911234,-15.));
#2473=CARTESIAN_POINT('',(6.24999999999999,79.5,-15.));
#2474=CARTESIAN_POINT('',(8.65901261920172,139.5,-15.));
#2475=CARTESIAN_POINT('Origin',(8.95833333333332,136.889923372772,-15.));
#2476=CARTESIAN_POINT('',(31.,139.5,-15.));
#2477=CARTESIAN_POINT('',(6.24999999999999,139.5,-15.));
#2478=CARTESIAN_POINT('',(31.,144.,-15.));
#2479=CARTESIAN_POINT('',(31.,142.,-15.));
#2480=CARTESIAN_POINT('',(41.,144.,-15.));
#2481=CARTESIAN_POINT('',(1.77635683940025E-14,144.,-15.));
#2482=CARTESIAN_POINT('',(41.,139.5,-15.));
#2483=CARTESIAN_POINT('',(41.,142.,-15.));
#2484=CARTESIAN_POINT('',(63.8479877525982,139.5,-15.));
#2485=CARTESIAN_POINT('',(6.24999999999999,139.5,-15.));
#2486=CARTESIAN_POINT('',(66.25,137.158375381497,-15.));
#2487=CARTESIAN_POINT('Origin',(63.5726126955971,136.889923372772,-15.));
#2488=CARTESIAN_POINT('',(66.25,81.8583576266726,-15.));
#2489=CARTESIAN_POINT('',(66.25,139.5,-15.));
#2490=CARTESIAN_POINT('',(63.7903744105532,79.5,-15.));
#2491=CARTESIAN_POINT('Origin',(63.5726126955971,82.0671536334582,-15.));
#2492=CARTESIAN_POINT('',(66.25,79.5,-15.));
#2493=CARTESIAN_POINT('',(34.25,141.5,-15.));
#2494=CARTESIAN_POINT('Origin',(36.,141.5,-15.));
#2495=CARTESIAN_POINT('',(63.05,134.5,-15.));
#2496=CARTESIAN_POINT('Origin',(61.25,134.5,-15.));
#2497=CARTESIAN_POINT('',(63.05,84.5,-15.));
#2498=CARTESIAN_POINT('Origin',(61.25,84.5,-15.));
#2499=CARTESIAN_POINT('',(13.05,134.5,-15.));
#2500=CARTESIAN_POINT('Origin',(11.25,134.5,-15.));
#2501=CARTESIAN_POINT('',(13.05,84.5,-15.));
#2502=CARTESIAN_POINT('Origin',(11.25,84.5,-15.));
#2503=CARTESIAN_POINT('',(36.2500000000015,138.5,-15.));
#2504=CARTESIAN_POINT('',(15.147504653312,89.6081752937793,-15.));
#2505=CARTESIAN_POINT('Ctrl Pts',(36.2500000000015,138.5,-15.));
#2506=CARTESIAN_POINT('Ctrl Pts',(33.4629850277576,138.5,-15.));
#2507=CARTESIAN_POINT('Ctrl Pts',(26.4942938870398,137.490590850721,-15.));
#2508=CARTESIAN_POINT('Ctrl Pts',(20.2500545061534,134.048568889103,-15.));
#2509=CARTESIAN_POINT('Ctrl Pts',(16.8923210751113,131.096619581879,-15.));
#2510=CARTESIAN_POINT('Ctrl Pts',(16.2474353981563,130.512826467022,-15.));
#2511=CARTESIAN_POINT('Ctrl Pts',(15.2171764727029,129.492008336731,-15.));
#2512=CARTESIAN_POINT('Ctrl Pts',(14.443420916156,128.627461149019,-15.));
#2513=CARTESIAN_POINT('Ctrl Pts',(13.1627892916297,127.107599801235,-15.));
#2514=CARTESIAN_POINT('Ctrl Pts',(11.510186395327,124.821875235103,-15.));
#2515=CARTESIAN_POINT('Ctrl Pts',(7.56932475887826,117.321182716753,-15.));
#2516=CARTESIAN_POINT('Ctrl Pts',(6.36930698150979,107.125530800675,-15.));
#2517=CARTESIAN_POINT('Ctrl Pts',(9.96496630842607,96.3177944691344,-15.));
#2518=CARTESIAN_POINT('Ctrl Pts',(13.2167697967668,91.6564199333569,-15.));
#2519=CARTESIAN_POINT('Ctrl Pts',(15.147504653312,89.6081752937793,-15.));
#2520=CARTESIAN_POINT('',(57.5405362862419,89.8095692113093,-15.));
#2521=CARTESIAN_POINT('Ctrl Pts',(15.147504653312,89.6081752937793,-15.));
#2522=CARTESIAN_POINT('Ctrl Pts',(18.2531785947712,86.3134815758381,-15.));
#2523=CARTESIAN_POINT('Ctrl Pts',(26.0334595223889,81.2078480986396,-15.));
#2524=CARTESIAN_POINT('Ctrl Pts',(39.9072550319416,79.6405476942917,-15.));
#2525=CARTESIAN_POINT('Ctrl Pts',(50.8098283212993,83.697429545126,-15.));
#2526=CARTESIAN_POINT('Ctrl Pts',(56.003420946154,88.1475431096216,-15.));
#2527=CARTESIAN_POINT('Ctrl Pts',(57.5405362862419,89.8095692113093,-15.));
#2528=CARTESIAN_POINT('',(65.1767433178138,111.559980831298,-15.));
#2529=CARTESIAN_POINT('Ctrl Pts',(57.5405362862419,89.8095692113093,-15.));
#2530=CARTESIAN_POINT('Ctrl Pts',(60.6064923573505,93.124674385212,-15.));
#2531=CARTESIAN_POINT('Ctrl Pts',(64.586872952178,100.198768035817,-15.));
#2532=CARTESIAN_POINT('Ctrl Pts',(65.4173098195271,108.181888501409,-15.));
#2533=CARTESIAN_POINT('Ctrl Pts',(65.1767433178138,111.559980831298,-15.));
#2534=CARTESIAN_POINT('',(65.084472393146,112.594059115288,-15.));
#2535=CARTESIAN_POINT('Ctrl Pts',(65.1767433178138,111.559980831298,-15.));
#2536=CARTESIAN_POINT('Ctrl Pts',(65.1521598796825,111.905187346761,-15.));
#2537=CARTESIAN_POINT('Ctrl Pts',(65.1213963342233,112.249953744328,-15.));
#2538=CARTESIAN_POINT('Ctrl Pts',(65.084472393146,112.594059115288,-15.));
#2539=CARTESIAN_POINT('',(40.5948610970269,138.172673088632,-15.));
#2540=CARTESIAN_POINT('Ctrl Pts',(65.084472393146,112.594059115288,-15.));
#2541=CARTESIAN_POINT('Ctrl Pts',(64.8358511898921,114.911035279756,-15.));
#2542=CARTESIAN_POINT('Ctrl Pts',(63.5137244097438,120.628786780194,-15.));
#2543=CARTESIAN_POINT('Ctrl Pts',(60.5292668713293,125.742314756365,-15.));
#2544=CARTESIAN_POINT('Ctrl Pts',(58.0623904123524,128.613629842195,-15.0000000000001));
#2545=CARTESIAN_POINT('Ctrl Pts',(57.2936677856819,129.482146640137,-15.0000000000001));
#2546=CARTESIAN_POINT('Ctrl Pts',(56.2684359681255,130.509137572342,-15.0000000000001));
#2547=CARTESIAN_POINT('Ctrl Pts',(55.40125133368,131.279363781048,-15.0000000000001));
#2548=CARTESIAN_POINT('Ctrl Pts',(52.717580783654,133.592836061704,-15.));
#2549=CARTESIAN_POINT('Ctrl Pts',(48.0088523861534,136.432273853431,-15.));
#2550=CARTESIAN_POINT('Ctrl Pts',(42.7391545511869,137.847741500259,-15.));
#2551=CARTESIAN_POINT('Ctrl Pts',(40.5948610970269,138.172673088632,-15.));
#2552=CARTESIAN_POINT('',(39.565772707914,138.309818662211,-15.));
#2553=CARTESIAN_POINT('Ctrl Pts',(40.5948610970269,138.172673088632,-15.));
#2554=CARTESIAN_POINT('Ctrl Pts',(40.2526866096609,138.22452387401,-15.));
#2555=CARTESIAN_POINT('Ctrl Pts',(39.9095838657148,138.270248831276,-15.));
#2556=CARTESIAN_POINT('Ctrl Pts',(39.565772707914,138.309818662211,-15.));
#2557=CARTESIAN_POINT('Ctrl Pts',(39.565772707914,138.309818662211,-15.));
#2558=CARTESIAN_POINT('Ctrl Pts',(38.4653568384696,138.436467460318,-15.));
#2559=CARTESIAN_POINT('Ctrl Pts',(37.3576800096555,138.5,-15.));
#2560=CARTESIAN_POINT('Ctrl Pts',(36.2500000000015,138.5,-15.));
#2561=CARTESIAN_POINT('Origin',(1.77635683940025E-14,76.,0.));
#2562=CARTESIAN_POINT('',(-3.25919269189932E-31,141.678384911234,0.));
#2563=CARTESIAN_POINT('',(-3.31259950434605E-31,144.,0.));
#2564=CARTESIAN_POINT('',(3.133715807882,139.422109529559,-7.52091793891679));
#2565=CARTESIAN_POINT('Origin',(5.44140811557431,139.422109529559,-6.55937947737833));
#2566=CARTESIAN_POINT('',(2.22044604925031E-15,144.,1.90482159102156));
#2567=CARTESIAN_POINT('Origin',(0.,143.339923372772,6.50000000000007));
#2568=CARTESIAN_POINT('',(2.40901261920174,144.,0.));
#2569=CARTESIAN_POINT('Origin',(-0.916773093371732,144.,8.70025542409223));
#2570=CARTESIAN_POINT('',(5.44140811557431,141.816675242612,-7.27774919129419));
#2571=CARTESIAN_POINT('Origin',(-3.31259950434605E-31,144.,0.));
#2572=CARTESIAN_POINT('',(0.,0.,1.5));
#2573=CARTESIAN_POINT('',(1.11022302462516E-15,35.25,36.75));
#2574=CARTESIAN_POINT('',(0.,0.,2.5));
#2575=CARTESIAN_POINT('',(0.,0.,0.));
#2576=CARTESIAN_POINT('',(0.,144.,2.5));
#2577=CARTESIAN_POINT('',(-3.31259950434605E-31,144.,2.5));
#2578=CARTESIAN_POINT('',(-3.31259950434605E-31,144.,0.));
#2579=CARTESIAN_POINT('Origin',(65.6066705459679,138.481794733932,-9.69376212946742));
#2580=CARTESIAN_POINT('',(69.5979877525982,144.,0.));
#2581=CARTESIAN_POINT('',(65.6066705459679,140.876360446985,-10.4121318433833));
#2582=CARTESIAN_POINT('',(72.,144.,1.99973459961731));
#2583=CARTESIAN_POINT('Origin',(72.6577106081658,144.,8.70025542409227));
#2584=CARTESIAN_POINT('',(72.,141.658375381497,0.));
#2585=CARTESIAN_POINT('Origin',(72.,143.485269958827,6.98448862018141));
#2586=CARTESIAN_POINT('',(67.941035839223,138.481794733932,-10.5886021585486));
#2587=CARTESIAN_POINT('Origin',(1.77635683940025E-14,144.,0.));
#2588=CARTESIAN_POINT('',(41.,144.,0.));
#2589=CARTESIAN_POINT('',(41.,144.,0.));
#2590=CARTESIAN_POINT('',(72.,144.,0.));
#2591=CARTESIAN_POINT('Origin',(72.,144.,0.));
#2592=CARTESIAN_POINT('',(72.,-1.5,0.));
#2593=CARTESIAN_POINT('',(69.6442522903558,79.7922910151517,-6.14542880776763));
#2594=CARTESIAN_POINT('Origin',(67.3098869971006,79.7922910151517,-5.25058877868649));
#2595=CARTESIAN_POINT('',(67.3098869971006,77.3576879907973,-5.81866281770254));
#2596=CARTESIAN_POINT('Origin',(54.9056010564594,14.489,6.5));
#2597=CARTESIAN_POINT('',(57.0850505282297,53.316,2.));
#2598=CARTESIAN_POINT('',(54.9056010564594,53.316,1.5));
#2599=CARTESIAN_POINT('Origin',(54.9056010564594,53.316,6.5));
#2600=CARTESIAN_POINT('',(54.9056010564594,14.489,1.5));
#2601=CARTESIAN_POINT('',(54.9056010564594,14.489,1.5));
#2602=CARTESIAN_POINT('',(57.0850505282297,14.489,2.));
#2603=CARTESIAN_POINT('Origin',(54.9056010564594,14.489,6.5));
#2604=CARTESIAN_POINT('',(57.0850505282297,14.489,2.));
#2605=CARTESIAN_POINT('Ctrl Pts',(57.0850505282297,14.489,2.));
#2606=CARTESIAN_POINT('Ctrl Pts',(57.0850505282297,11.6684494717703,2.));
#2607=CARTESIAN_POINT('Ctrl Pts',(54.2645000000001,11.6684494717703,2.));
#2608=CARTESIAN_POINT('Ctrl Pts',(56.0526797258122,14.489,1.5));
#2609=CARTESIAN_POINT('Ctrl Pts',(56.0526797258122,12.7008202741878,1.5));
#2610=CARTESIAN_POINT('Ctrl Pts',(54.2645000000001,12.7008202741878,1.5));
#2611=CARTESIAN_POINT('Ctrl Pts',(54.9056010564594,14.489,1.5));
#2612=CARTESIAN_POINT('Ctrl Pts',(54.9056010564594,13.8478989435406,1.5));
#2613=CARTESIAN_POINT('Ctrl Pts',(54.2645000000001,13.8478989435406,1.5));
#2614=CARTESIAN_POINT('',(54.2645000000001,13.8478989435406,1.5));
#2615=CARTESIAN_POINT('',(54.2645,11.6684494717703,2.));
#2616=CARTESIAN_POINT('Origin',(54.2645000000001,13.8478989435406,6.5));
#2617=CARTESIAN_POINT('Origin',(54.2645000000001,14.489,2.));
#2618=CARTESIAN_POINT('Origin',(54.2645000000001,14.489,1.5));
#2619=CARTESIAN_POINT('Origin',(17.7375,13.8478989435406,6.5));
#2620=CARTESIAN_POINT('',(17.7375,13.8478989435406,1.5));
#2621=CARTESIAN_POINT('',(17.7375,11.6684494717703,2.));
#2622=CARTESIAN_POINT('Origin',(17.7375,13.8478989435406,6.5));
#2623=CARTESIAN_POINT('',(17.7375,11.6684494717703,2.));
#2624=CARTESIAN_POINT('',(17.7375,13.8478989435406,1.5));
#2625=CARTESIAN_POINT('Ctrl Pts',(17.7375,11.6684494717703,2.));
#2626=CARTESIAN_POINT('Ctrl Pts',(14.9169494717704,11.6684494717703,2.));
#2627=CARTESIAN_POINT('Ctrl Pts',(14.9169494717704,14.489,2.));
#2628=CARTESIAN_POINT('Ctrl Pts',(17.7375,12.7008202741878,1.5));
#2629=CARTESIAN_POINT('Ctrl Pts',(15.9493202741879,12.7008202741878,1.5));
#2630=CARTESIAN_POINT('Ctrl Pts',(15.9493202741879,14.489,1.5));
#2631=CARTESIAN_POINT('Ctrl Pts',(17.7375,13.8478989435406,1.5));
#2632=CARTESIAN_POINT('Ctrl Pts',(17.0963989435407,13.8478989435406,1.5));
#2633=CARTESIAN_POINT('Ctrl Pts',(17.0963989435407,14.489,1.5));
#2634=CARTESIAN_POINT('',(17.0963989435407,14.489,1.5));
#2635=CARTESIAN_POINT('',(14.9169494717704,14.489,2.));
#2636=CARTESIAN_POINT('Origin',(17.0963989435407,14.489,6.5));
#2637=CARTESIAN_POINT('Origin',(17.7375,14.489,2.));
#2638=CARTESIAN_POINT('Origin',(17.7375,14.489,1.5));
#2639=CARTESIAN_POINT('Origin',(17.0963989435407,53.3159999999999,6.5));
#2640=CARTESIAN_POINT('',(17.0963989435407,53.3159999999999,1.5));
#2641=CARTESIAN_POINT('',(14.9169494717704,53.3159999999999,2.));
#2642=CARTESIAN_POINT('Origin',(17.0963989435407,53.3159999999999,6.5));
#2643=CARTESIAN_POINT('',(14.9169494717704,53.3159999999999,2.));
#2644=CARTESIAN_POINT('',(17.0963989435407,53.3159999999999,1.5));
#2645=CARTESIAN_POINT('Ctrl Pts',(14.9169494717704,53.3159999999999,2.));
#2646=CARTESIAN_POINT('Ctrl Pts',(14.9169494717704,56.1365505282296,2.));
#2647=CARTESIAN_POINT('Ctrl Pts',(17.7375,56.1365505282296,2.));
#2648=CARTESIAN_POINT('Ctrl Pts',(15.9493202741879,53.3159999999999,1.5));
#2649=CARTESIAN_POINT('Ctrl Pts',(15.9493202741879,55.1041797258121,1.5));
#2650=CARTESIAN_POINT('Ctrl Pts',(17.7375,55.1041797258121,1.5));
#2651=CARTESIAN_POINT('Ctrl Pts',(17.0963989435407,53.3159999999999,1.5));
#2652=CARTESIAN_POINT('Ctrl Pts',(17.0963989435407,53.9571010564593,1.5));
#2653=CARTESIAN_POINT('Ctrl Pts',(17.7375,53.9571010564593,1.5));
#2654=CARTESIAN_POINT('',(17.7375,53.9571010564593,1.5));
#2655=CARTESIAN_POINT('',(17.7375,56.1365505282296,2.));
#2656=CARTESIAN_POINT('Origin',(17.7375,53.9571010564593,6.5));
#2657=CARTESIAN_POINT('Origin',(17.7375,53.3159999999999,2.));
#2658=CARTESIAN_POINT('Origin',(17.7375,53.3159999999999,1.5));
#2659=CARTESIAN_POINT('Origin',(54.2645000000001,53.9571010564593,6.5));
#2660=CARTESIAN_POINT('',(54.2645000000001,53.9571010564593,1.5));
#2661=CARTESIAN_POINT('',(54.2645000000001,56.1365505282296,2.));
#2662=CARTESIAN_POINT('Origin',(54.2645000000001,53.9571010564593,6.5));
#2663=CARTESIAN_POINT('',(54.2645000000001,56.1365505282296,2.));
#2664=CARTESIAN_POINT('',(54.2645000000001,53.9571010564593,1.5));
#2665=CARTESIAN_POINT('Ctrl Pts',(54.2645,56.1365505282296,2.));
#2666=CARTESIAN_POINT('Ctrl Pts',(57.0850505282297,56.1365505282296,2.));
#2667=CARTESIAN_POINT('Ctrl Pts',(57.0850505282297,53.3159999999999,2.));
#2668=CARTESIAN_POINT('Ctrl Pts',(54.2645,55.1041797258121,1.5));
#2669=CARTESIAN_POINT('Ctrl Pts',(56.0526797258122,55.1041797258121,1.5));
#2670=CARTESIAN_POINT('Ctrl Pts',(56.0526797258122,53.3159999999999,1.5));
#2671=CARTESIAN_POINT('Ctrl Pts',(54.2645,53.9571010564593,1.5));
#2672=CARTESIAN_POINT('Ctrl Pts',(54.9056010564594,53.9571010564593,1.5));
#2673=CARTESIAN_POINT('Ctrl Pts',(54.9056010564594,53.3159999999999,1.5));
#2674=CARTESIAN_POINT('Origin',(54.2645,53.3159999999999,2.));
#2675=CARTESIAN_POINT('Origin',(54.2645,53.3159999999999,1.5));
#2676=CARTESIAN_POINT('Ctrl Pts',(12.7375,53.3159999999999,2.5));
#2677=CARTESIAN_POINT('Ctrl Pts',(12.7375,58.3159999999999,2.5));
#2678=CARTESIAN_POINT('Ctrl Pts',(17.7375,58.3159999999999,2.5));
#2679=CARTESIAN_POINT('Ctrl Pts',(13.8845786693529,53.3159999999999,2.5));
#2680=CARTESIAN_POINT('Ctrl Pts',(13.8845786693529,57.1689213306471,2.5));
#2681=CARTESIAN_POINT('Ctrl Pts',(17.7375,57.1689213306471,2.5));
#2682=CARTESIAN_POINT('Ctrl Pts',(14.9169494717704,53.3159999999999,1.99999999999999));
#2683=CARTESIAN_POINT('Ctrl Pts',(14.9169494717704,56.1365505282296,1.99999999999999));
#2684=CARTESIAN_POINT('Ctrl Pts',(17.7375,56.1365505282296,1.99999999999999));
#2685=CARTESIAN_POINT('',(17.7375,58.3159999999999,2.5));
#2686=CARTESIAN_POINT('Origin',(17.7375,58.3159999999999,-2.5));
#2687=CARTESIAN_POINT('',(12.7375,53.3159999999999,2.5));
#2688=CARTESIAN_POINT('Origin',(17.7375,53.3159999999999,2.5));
#2689=CARTESIAN_POINT('Origin',(12.7375,53.3159999999999,-2.5));
#2690=CARTESIAN_POINT('Origin',(54.2645000000001,58.316,-2.5));
#2691=CARTESIAN_POINT('',(54.2645000000001,58.316,2.5));
#2692=CARTESIAN_POINT('Origin',(54.2645000000001,58.316,-2.5));
#2693=CARTESIAN_POINT('',(54.2645000000001,58.316,2.5));
#2694=CARTESIAN_POINT('Ctrl Pts',(54.2645000000001,58.316,2.5));
#2695=CARTESIAN_POINT('Ctrl Pts',(59.2645,58.3159999999999,2.5));
#2696=CARTESIAN_POINT('Ctrl Pts',(59.2645000000001,53.3159999999999,2.5));
#2697=CARTESIAN_POINT('Ctrl Pts',(54.2645,57.1689213306471,2.5));
#2698=CARTESIAN_POINT('Ctrl Pts',(58.1174213306472,57.1689213306471,2.5));
#2699=CARTESIAN_POINT('Ctrl Pts',(58.1174213306472,53.3159999999999,2.5));
#2700=CARTESIAN_POINT('Ctrl Pts',(54.2645,56.1365505282296,2.));
#2701=CARTESIAN_POINT('Ctrl Pts',(57.0850505282297,56.1365505282296,1.99999999999999));
#2702=CARTESIAN_POINT('Ctrl Pts',(57.0850505282297,53.3159999999999,1.99999999999999));
#2703=CARTESIAN_POINT('',(59.2645000000001,53.316,2.5));
#2704=CARTESIAN_POINT('Origin',(59.2645000000001,53.316,-2.5));
#2705=CARTESIAN_POINT('Origin',(54.2645,53.3159999999999,2.5));
#2706=CARTESIAN_POINT('Origin',(59.2645000000001,14.489,-2.5));
#2707=CARTESIAN_POINT('',(59.2645000000001,14.489,2.5));
#2708=CARTESIAN_POINT('Origin',(59.2645000000001,14.489,-2.5));
#2709=CARTESIAN_POINT('',(59.2645000000001,14.489,2.5));
#2710=CARTESIAN_POINT('Origin',(36.001,33.9025,1.5));
#2711=CARTESIAN_POINT('Origin',(12.7375,53.3159999999999,-2.5));
#2712=CARTESIAN_POINT('',(12.7375,14.489,2.5));
#2713=CARTESIAN_POINT('',(12.7375,53.3159999999999,2.5));
#2714=CARTESIAN_POINT('Origin',(12.7375,14.489,-2.5));
#2715=CARTESIAN_POINT('Ctrl Pts',(59.2645000000001,14.489,2.5));
#2716=CARTESIAN_POINT('Ctrl Pts',(59.2645,9.48899999999996,2.5));
#2717=CARTESIAN_POINT('Ctrl Pts',(54.2645,9.48899999999997,2.5));
#2718=CARTESIAN_POINT('Ctrl Pts',(58.1174213306472,14.489,2.5));
#2719=CARTESIAN_POINT('Ctrl Pts',(58.1174213306472,10.6360786693528,2.5));
#2720=CARTESIAN_POINT('Ctrl Pts',(54.2645,10.6360786693528,2.5));
#2721=CARTESIAN_POINT('Ctrl Pts',(57.0850505282297,14.489,2.));
#2722=CARTESIAN_POINT('Ctrl Pts',(57.0850505282297,11.6684494717703,2.));
#2723=CARTESIAN_POINT('Ctrl Pts',(54.2645,11.6684494717703,2.));
#2724=CARTESIAN_POINT('',(54.2645000000001,9.48899999999997,2.5));
#2725=CARTESIAN_POINT('Origin',(54.2645000000001,9.48899999999997,-2.5));
#2726=CARTESIAN_POINT('Origin',(54.2645000000001,14.489,2.5));
#2727=CARTESIAN_POINT('Ctrl Pts',(17.7375,9.48899999999997,2.5));
#2728=CARTESIAN_POINT('Ctrl Pts',(12.7375,9.48899999999997,2.5));
#2729=CARTESIAN_POINT('Ctrl Pts',(12.7375,14.489,2.5));
#2730=CARTESIAN_POINT('Ctrl Pts',(17.7375,10.6360786693528,2.5));
#2731=CARTESIAN_POINT('Ctrl Pts',(13.8845786693529,10.6360786693528,2.5));
#2732=CARTESIAN_POINT('Ctrl Pts',(13.8845786693529,14.489,2.5));
#2733=CARTESIAN_POINT('Ctrl Pts',(17.7375,11.6684494717703,2.));
#2734=CARTESIAN_POINT('Ctrl Pts',(14.9169494717704,11.6684494717703,2.));
#2735=CARTESIAN_POINT('Ctrl Pts',(14.9169494717704,14.489,2.));
#2736=CARTESIAN_POINT('',(17.7375,9.48899999999997,2.5));
#2737=CARTESIAN_POINT('Origin',(17.7375,14.489,2.5));
#2738=CARTESIAN_POINT('Origin',(17.7375,9.48899999999997,-2.5));
#2739=CARTESIAN_POINT('Origin',(17.7375,9.48899999999996,-2.5));
#2740=CARTESIAN_POINT('',(17.7375,9.48899999999996,2.5));
#2741=CARTESIAN_POINT('Origin',(36.,72.,2.5));
#2742=CARTESIAN_POINT('',(72.,0.,2.5));
#2743=CARTESIAN_POINT('',(0.,0.,2.5));
#2744=CARTESIAN_POINT('',(72.,144.,2.5));
#2745=CARTESIAN_POINT('',(72.,2.1570415377137E-31,2.5));
#2746=CARTESIAN_POINT('',(72.,144.,2.5));
#2747=CARTESIAN_POINT('',(64.5,140.5,2.5));
#2748=CARTESIAN_POINT('',(68.5,136.5,2.5));
#2749=CARTESIAN_POINT('Origin',(64.5,136.5,2.5));
#2750=CARTESIAN_POINT('',(41.,140.5,2.5));
#2751=CARTESIAN_POINT('',(3.49999999999999,140.5,2.5));
#2752=CARTESIAN_POINT('',(41.,142.,2.5));
#2753=CARTESIAN_POINT('',(41.,140.5,2.5));
#2754=CARTESIAN_POINT('',(66.,142.,2.5));
#2755=CARTESIAN_POINT('',(1.99999999999999,142.,2.5));
#2756=CARTESIAN_POINT('',(70.,138.,2.5));
#2757=CARTESIAN_POINT('Origin',(66.,138.,2.5));
#2758=CARTESIAN_POINT('',(70.,111.25,2.5));
#2759=CARTESIAN_POINT('',(70.,142.,2.5));
#2760=CARTESIAN_POINT('',(68.5,111.25,2.5));
#2761=CARTESIAN_POINT('',(70.,111.25,2.5));
#2762=CARTESIAN_POINT('',(68.5,140.5,2.5));
#2763=CARTESIAN_POINT('',(3.49999999999999,136.5,2.5));
#2764=CARTESIAN_POINT('',(7.49999999999999,140.5,2.5));
#2765=CARTESIAN_POINT('Origin',(7.49999999999999,136.5,2.5));
#2766=CARTESIAN_POINT('',(3.49999999999999,111.25,2.5));
#2767=CARTESIAN_POINT('',(3.49999999999999,3.50000000000001,2.5));
#2768=CARTESIAN_POINT('',(1.99999999999999,111.25,2.5));
#2769=CARTESIAN_POINT('',(1.99999999999999,111.25,2.5));
#2770=CARTESIAN_POINT('',(1.99999999999999,138.,2.5));
#2771=CARTESIAN_POINT('',(1.99999999999999,2.00000000000001,2.5));
#2772=CARTESIAN_POINT('',(5.99999999999999,142.,2.5));
#2773=CARTESIAN_POINT('Origin',(5.99999999999999,138.,2.5));
#2774=CARTESIAN_POINT('',(31.,142.,2.5));
#2775=CARTESIAN_POINT('',(1.99999999999999,142.,2.5));
#2776=CARTESIAN_POINT('',(31.,140.5,2.5));
#2777=CARTESIAN_POINT('',(31.,142.,2.5));
#2778=CARTESIAN_POINT('',(3.49999999999999,140.5,2.5));
#2779=CARTESIAN_POINT('',(3.49999999999999,106.25,2.5));
#2780=CARTESIAN_POINT('',(3.49999999999999,77.,2.5));
#2781=CARTESIAN_POINT('',(3.49999999999999,3.50000000000001,2.5));
#2782=CARTESIAN_POINT('',(1.99999999999999,77.,2.5));
#2783=CARTESIAN_POINT('',(3.49999999999999,77.,2.5));
#2784=CARTESIAN_POINT('',(1.99999999999999,106.25,2.5));
#2785=CARTESIAN_POINT('',(1.99999999999999,2.00000000000001,2.5));
#2786=CARTESIAN_POINT('',(3.49999999999999,106.25,2.5));
#2787=CARTESIAN_POINT('',(70.,77.,2.5));
#2788=CARTESIAN_POINT('',(68.5,77.,2.5));
#2789=CARTESIAN_POINT('',(68.5,77.,2.5));
#2790=CARTESIAN_POINT('',(68.5,106.25,2.5));
#2791=CARTESIAN_POINT('',(68.5,140.5,2.5));
#2792=CARTESIAN_POINT('',(70.,106.25,2.5));
#2793=CARTESIAN_POINT('',(68.5,106.25,2.5));
#2794=CARTESIAN_POINT('',(70.,142.,2.5));
#2795=CARTESIAN_POINT('Origin',(36.,141.5,-15.));
#2796=CARTESIAN_POINT('',(34.25,141.5,-10.));
#2797=CARTESIAN_POINT('',(34.25,141.5,-15.));
#2798=CARTESIAN_POINT('Origin',(36.,141.5,-10.));
#2799=CARTESIAN_POINT('Origin',(36.,141.5,-10.));
#2800=CARTESIAN_POINT('Origin',(69.,72.,0.));
#2801=CARTESIAN_POINT('',(66.,72.,-5.));
#2802=CARTESIAN_POINT('Origin',(69.,72.,-5.));
#2803=CARTESIAN_POINT('',(66.,72.,0.));
#2804=CARTESIAN_POINT('Origin',(69.,72.,-5.));
#2805=CARTESIAN_POINT('Origin',(48.6005,20.253,0.));
#2806=CARTESIAN_POINT('',(46.8505,20.253,-5.));
#2807=CARTESIAN_POINT('Origin',(48.6005,20.253,-5.));
#2808=CARTESIAN_POINT('',(46.8505,20.253,0.));
#2809=CARTESIAN_POINT('Origin',(48.6005,20.253,-5.));
#2810=CARTESIAN_POINT('Origin',(3.00000000000002,72.,0.));
#2811=CARTESIAN_POINT('',(1.66533453693773E-14,72.,-5.));
#2812=CARTESIAN_POINT('Origin',(3.00000000000002,72.,-5.));
#2813=CARTESIAN_POINT('',(1.66533453693773E-14,72.,0.));
#2814=CARTESIAN_POINT('Origin',(3.00000000000002,72.,-5.));
#2815=CARTESIAN_POINT('Origin',(23.4005,48.063,0.));
#2816=CARTESIAN_POINT('',(21.6505,48.063,-5.));
#2817=CARTESIAN_POINT('Origin',(23.4005,48.063,-5.));
#2818=CARTESIAN_POINT('',(21.6505,48.063,0.));
#2819=CARTESIAN_POINT('Origin',(23.4005,48.063,-5.));
#2820=CARTESIAN_POINT('Origin',(61.25,134.5,-15.));
#2821=CARTESIAN_POINT('',(63.05,134.500000000011,-6.80271089995614));
#2822=CARTESIAN_POINT('',(63.05,134.5,-15.));
#2823=CARTESIAN_POINT('',(59.5881604624601,133.808415333116,-9.91711222036821));
#2824=CARTESIAN_POINT('Ctrl Pts',(59.5881604624601,133.808415333116,-9.91711222036821));
#2825=CARTESIAN_POINT('Ctrl Pts',(59.5014915704973,134.016675866114,-9.78910232709139));
#2826=CARTESIAN_POINT('Ctrl Pts',(59.455310503024,134.237236123344,-9.61003257735584));
#2827=CARTESIAN_POINT('Ctrl Pts',(59.4444198456589,134.735792909534,-9.12212250817226));
#2828=CARTESIAN_POINT('Ctrl Pts',(59.5014039222891,135.001482237743,-8.80632379269205));
#2829=CARTESIAN_POINT('Ctrl Pts',(59.7233295278985,135.492776837773,-8.14852024752008));
#2830=CARTESIAN_POINT('Ctrl Pts',(59.8975981208015,135.723931979167,-7.79585119795052));
#2831=CARTESIAN_POINT('Ctrl Pts',(60.2789741987121,136.027820837017,-7.27048970323585));
#2832=CARTESIAN_POINT('Ctrl Pts',(60.4587058056307,136.131726649985,-7.07114096537659));
#2833=CARTESIAN_POINT('Ctrl Pts',(60.8221068593462,136.256023825346,-6.7671566039054));
#2834=CARTESIAN_POINT('Ctrl Pts',(60.9922124608985,136.290837516816,-6.65172410142018));
#2835=CARTESIAN_POINT('Ctrl Pts',(61.3487996752861,136.305662488351,-6.46439258176429));
#2836=CARTESIAN_POINT('Ctrl Pts',(61.5296313797196,136.288062877666,-6.39276227304009));
#2837=CARTESIAN_POINT('Ctrl Pts',(61.827148635887,136.20916353005,-6.31030124731533));
#2838=CARTESIAN_POINT('Ctrl Pts',(61.9409981564117,136.166592387014,-6.2874505876618));
#2839=CARTESIAN_POINT('Ctrl Pts',(62.1458447813151,136.064846154918,-6.26158346422993));
#2840=CARTESIAN_POINT('Ctrl Pts',(62.23675413358,136.009179296445,-6.25647233148222));
#2841=CARTESIAN_POINT('Ctrl Pts',(62.4199731946367,135.873313656115,-6.25948786705194));
#2842=CARTESIAN_POINT('Ctrl Pts',(62.5095023492834,135.791517215049,-6.26961470364515));
#2843=CARTESIAN_POINT('Ctrl Pts',(62.7024915955896,135.576501513501,-6.31285482698652));
#2844=CARTESIAN_POINT('Ctrl Pts',(62.7947360909556,135.438039844884,-6.35323845286087));
#2845=CARTESIAN_POINT('Ctrl Pts',(62.9656517847124,135.089722490929,-6.48171494035184));
#2846=CARTESIAN_POINT('Ctrl Pts',(63.0217848801386,134.878882815817,-6.58050022685755));
#2847=CARTESIAN_POINT('Ctrl Pts',(63.0473098306288,134.614568847061,-6.73183655639098));
#2848=CARTESIAN_POINT('Ctrl Pts',(63.0499999999993,134.556849174503,-6.76664968185437));
#2849=CARTESIAN_POINT('Ctrl Pts',(63.05,134.500000000023,-6.80271089995612));
#2850=CARTESIAN_POINT('Ctrl Pts',(63.05,134.500000000023,-6.80271089995612));
#2851=CARTESIAN_POINT('Ctrl Pts',(63.0500000000023,134.317640087629,-6.91838752382845));
#2852=CARTESIAN_POINT('Ctrl Pts',(63.0224078172904,134.144303681768,-7.04701133584878));
#2853=CARTESIAN_POINT('Ctrl Pts',(62.8879872317537,133.694945704755,-7.43357463096402));
#2854=CARTESIAN_POINT('Ctrl Pts',(62.7365525547817,133.450216336153,-7.71146008804358));
#2855=CARTESIAN_POINT('Ctrl Pts',(62.3324734314518,133.027389769721,-8.33037171927652));
#2856=CARTESIAN_POINT('Ctrl Pts',(62.0578671706163,132.860662474414,-8.68591359054576));
#2857=CARTESIAN_POINT('Ctrl Pts',(61.5585045903414,132.714958260792,-9.22687556972129));
#2858=CARTESIAN_POINT('Ctrl Pts',(61.3424505672208,132.688065961602,-9.43637095489485));
#2859=CARTESIAN_POINT('Ctrl Pts',(60.907855870971,132.720554901616,-9.78564762471529));
#2860=CARTESIAN_POINT('Ctrl Pts',(60.7048227147509,132.771952201543,-9.91831154776612));
#2861=CARTESIAN_POINT('Ctrl Pts',(60.4195834352427,132.899601141577,-10.0524068054699));
#2862=CARTESIAN_POINT('Ctrl Pts',(60.3253094387462,132.951718814788,-10.0874032941806));
#2863=CARTESIAN_POINT('Ctrl Pts',(60.177800935721,133.052578480602,-10.1234128750146));
#2864=CARTESIAN_POINT('Ctrl Pts',(60.1234137257703,133.094450301111,-10.1321407277193));
#2865=CARTESIAN_POINT('Ctrl Pts',(60.0240362541185,133.180563137524,-10.1386215053273));
#2866=CARTESIAN_POINT('Ctrl Pts',(59.9791913850551,133.223722671238,-10.1373064020644));
#2867=CARTESIAN_POINT('Ctrl Pts',(59.8827128731483,133.326635484431,-10.1244587786999));
#2868=CARTESIAN_POINT('Ctrl Pts',(59.8334224734854,133.386833085742,-10.1103048422844));
#2869=CARTESIAN_POINT('Ctrl Pts',(59.7040207749388,133.566707325273,-10.0512120231069));
#2870=CARTESIAN_POINT('Ctrl Pts',(59.6381873203021,133.688203572674,-9.99100185467999));
#2871=CARTESIAN_POINT('Ctrl Pts',(59.5881604624601,133.808415333116,-9.91711222036821));
#2872=CARTESIAN_POINT('Origin',(61.25,84.5,-15.));
#2873=CARTESIAN_POINT('',(63.05,84.5,-8.48064823956396));
#2874=CARTESIAN_POINT('',(63.05,84.5,-15.));
#2875=CARTESIAN_POINT('',(60.9747713327888,86.278833657413,-10.8655101951682));
#2876=CARTESIAN_POINT('Ctrl Pts',(60.9747713327888,86.278833657413,-10.8655101951682));
#2877=CARTESIAN_POINT('Ctrl Pts',(61.1554322390234,86.3067862769471,-10.7361445556889));
#2878=CARTESIAN_POINT('Ctrl Pts',(61.3324967933141,86.3060791487109,-10.5938134142263));
#2879=CARTESIAN_POINT('Ctrl Pts',(61.6971966792688,86.2548593512703,-10.2747525835965));
#2880=CARTESIAN_POINT('Ctrl Pts',(61.8846515671413,86.1953230435672,-10.0935036012083));
#2881=CARTESIAN_POINT('Ctrl Pts',(62.2857124824012,85.9943525811275,-9.67332848646567));
#2882=CARTESIAN_POINT('Ctrl Pts',(62.4938789969678,85.8287185602783,-9.42826078692074));
#2883=CARTESIAN_POINT('Ctrl Pts',(62.7968852180659,85.4459806946006,-9.0229350358398));
#2884=CARTESIAN_POINT('Ctrl Pts',(62.908948670394,85.2404133281291,-8.85120295084705));
#2885=CARTESIAN_POINT('Ctrl Pts',(63.018393054158,84.8657056963848,-8.62796816589184));
#2886=CARTESIAN_POINT('Ctrl Pts',(63.0438293683591,84.7164364703109,-8.5562205643711));
#2887=CARTESIAN_POINT('Ctrl Pts',(63.049670368574,84.539711401423,-8.49377462912018));
#2888=CARTESIAN_POINT('Ctrl Pts',(63.05,84.5198886846154,-8.48707078056708));
#2889=CARTESIAN_POINT('Ctrl Pts',(63.05,84.5,-8.48064823956396));
#2890=CARTESIAN_POINT('',(63.0205256541739,84.1755945316245,-8.40261808955599));
#2891=CARTESIAN_POINT('Ctrl Pts',(63.0205256541739,84.1755945316245,-8.40261808955602));
#2892=CARTESIAN_POINT('Ctrl Pts',(62.9829445613664,83.9704861243563,-8.24344201292868));
#2893=CARTESIAN_POINT('Ctrl Pts',(62.9084306087121,83.7651180745018,-8.09108382326827));
#2894=CARTESIAN_POINT('Ctrl Pts',(62.7068638571513,83.4298058347889,-7.85806163239513));
#2895=CARTESIAN_POINT('Ctrl Pts',(62.5978682884846,83.293494096011,-7.76867595352093));
#2896=CARTESIAN_POINT('Ctrl Pts',(62.351911487065,83.0684593113459,-7.63711923174983));
#2897=CARTESIAN_POINT('Ctrl Pts',(62.2223763869439,82.9765536263439,-7.5904723717322));
#2898=CARTESIAN_POINT('Ctrl Pts',(62.0054529067702,82.8641561484105,-7.55040765091573));
#2899=CARTESIAN_POINT('Ctrl Pts',(61.9298467683387,82.8312651570454,-7.54222214348942));
#2900=CARTESIAN_POINT('Ctrl Pts',(61.790485363417,82.7818322850258,-7.53790049844315));
#2901=CARTESIAN_POINT('Ctrl Pts',(61.7281887771994,82.7634701887563,-7.53956290587178));
#2902=CARTESIAN_POINT('Ctrl Pts',(61.5952882895012,82.731970779763,-7.55075199527676));
#2903=CARTESIAN_POINT('Ctrl Pts',(61.5251489749963,82.7197564736063,-7.56105112329728));
#2904=CARTESIAN_POINT('Ctrl Pts',(61.3403232748602,82.6985604547702,-7.59952014077527));
#2905=CARTESIAN_POINT('Ctrl Pts',(61.2277149322599,82.6968171043368,-7.63449474737632));
#2906=CARTESIAN_POINT('Ctrl Pts',(60.9069375154616,82.7202926877812,-7.76470212530184));
#2907=CARTESIAN_POINT('Ctrl Pts',(60.7134450209386,82.7718223149145,-7.88360289497416));
#2908=CARTESIAN_POINT('Ctrl Pts',(60.3188682749816,82.9404396418732,-8.19575626331826));
#2909=CARTESIAN_POINT('Ctrl Pts',(60.1302573292361,83.0743849720839,-8.40325797752299));
#2910=CARTESIAN_POINT('Ctrl Pts',(59.7427716644752,83.4612948709828,-8.94419156316386));
#2911=CARTESIAN_POINT('Ctrl Pts',(59.5796427096793,83.7541266507657,-9.30495916396438));
#2912=CARTESIAN_POINT('Ctrl Pts',(59.4486990800403,84.2876360192831,-9.87168740941894));
#2913=CARTESIAN_POINT('Ctrl Pts',(59.4333075381964,84.524281774077,-10.0998201563301));
#2914=CARTESIAN_POINT('Ctrl Pts',(59.4952895579792,84.9352737806754,-10.4414005846381));
#2915=CARTESIAN_POINT('Ctrl Pts',(59.5453090487884,85.1081917721089,-10.5703484855931));
#2916=CARTESIAN_POINT('Ctrl Pts',(59.7059219744374,85.4427944559566,-10.7817770644598));
#2917=CARTESIAN_POINT('Ctrl Pts',(59.8131987306081,85.6028886972328,-10.8647144074791));
#2918=CARTESIAN_POINT('Ctrl Pts',(60.0234788207977,85.8213288011588,-10.943852693113));
#2919=CARTESIAN_POINT('Ctrl Pts',(60.1007660462915,85.8892884819287,-10.9622069842403));
#2920=CARTESIAN_POINT('Ctrl Pts',(60.2494847835671,85.9984704468445,-10.9796081708838));
#2921=CARTESIAN_POINT('Ctrl Pts',(60.3174304454839,86.0416902245909,-10.9820342249226));
#2922=CARTESIAN_POINT('Ctrl Pts',(60.4633932853469,86.1212923461097,-10.976741533558));
#2923=CARTESIAN_POINT('Ctrl Pts',(60.5410082096188,86.1566524977318,-10.9684041697493));
#2924=CARTESIAN_POINT('Ctrl Pts',(60.7371253161853,86.2298862529878,-10.9351769415514));
#2925=CARTESIAN_POINT('Ctrl Pts',(60.8560744630543,86.2604683756886,-10.9046032545914));
#2926=CARTESIAN_POINT('Ctrl Pts',(60.9747713327888,86.278833657413,-10.8655101951682));
#2927=CARTESIAN_POINT('Ctrl Pts',(63.0499798701601,84.5000126013972,-8.48064823956396));
#2928=CARTESIAN_POINT('Ctrl Pts',(63.0499848922819,84.4281959400611,-8.4574590905486));
#2929=CARTESIAN_POINT('Ctrl Pts',(63.0456938455354,84.3555185336041,-8.43793833416094));
#2930=CARTESIAN_POINT('Ctrl Pts',(63.0367891558831,84.2823689316708,-8.42239675020233));
#2931=CARTESIAN_POINT('Ctrl Pts',(63.0324680509413,84.2468722306352,-8.4148550145699));
#2932=CARTESIAN_POINT('Ctrl Pts',(63.0270600063787,84.2112648869206,-8.40825029019828));
#2933=CARTESIAN_POINT('Ctrl Pts',(63.0205256541739,84.1755945316245,-8.40261808955599));
#2934=CARTESIAN_POINT('Origin',(11.25,134.5,-15.));
#2935=CARTESIAN_POINT('',(13.0497965199384,134.500204041823,-10.1618620261636));
#2936=CARTESIAN_POINT('',(13.05,134.5,-15.));
#2937=CARTESIAN_POINT('',(11.2201030945411,132.700498759909,-10.3350748901994));
#2938=CARTESIAN_POINT('Ctrl Pts',(11.2203386031516,132.700244405055,-10.3350748901994));
#2939=CARTESIAN_POINT('Ctrl Pts',(10.9960187973079,132.703941373021,-10.1740765214069));
#2940=CARTESIAN_POINT('Ctrl Pts',(10.7832661196263,132.749278145255,-9.99272985699634));
#2941=CARTESIAN_POINT('Ctrl Pts',(10.409375816228,132.896475981764,-9.63537679947719));
#2942=CARTESIAN_POINT('Ctrl Pts',(10.2421146378029,132.996276492793,-9.45606855837105));
#2943=CARTESIAN_POINT('Ctrl Pts',(9.90001660389442,133.282654206587,-9.04719044252886));
#2944=CARTESIAN_POINT('Ctrl Pts',(9.73605284486385,133.489828518735,-8.81594008692796));
#2945=CARTESIAN_POINT('Ctrl Pts',(9.53174424426462,133.923882729625,-8.43452212198466));
#2946=CARTESIAN_POINT('Ctrl Pts',(9.47230410735292,134.136618481213,-8.27759030592302));
#2947=CARTESIAN_POINT('Ctrl Pts',(9.4410453428727,134.550840759487,-8.02228631961386));
#2948=CARTESIAN_POINT('Ctrl Pts',(9.45551455220431,134.745067159233,-7.91973285660102));
#2949=CARTESIAN_POINT('Ctrl Pts',(9.55709064508359,135.148406513882,-7.73839380046245));
#2950=CARTESIAN_POINT('Ctrl Pts',(9.64849211610207,135.352866431596,-7.66384844999322));
#2951=CARTESIAN_POINT('Ctrl Pts',(9.85497083818449,135.644794491607,-7.58281938433062));
#2952=CARTESIAN_POINT('Ctrl Pts',(9.94147299138614,135.743016065236,-7.56127110302723));
#2953=CARTESIAN_POINT('Ctrl Pts',(10.0991591489111,135.886437201884,-7.54001194672033));
#2954=CARTESIAN_POINT('Ctrl Pts',(10.1632877507788,135.937276300188,-7.53516482483385));
#2955=CARTESIAN_POINT('Ctrl Pts',(10.289346821306,136.023874242353,-7.53255993440346));
#2956=CARTESIAN_POINT('Ctrl Pts',(10.3502158753813,136.06058345131,-7.5339541733609));
#2957=CARTESIAN_POINT('Ctrl Pts',(10.4868899914905,136.13236807225,-7.54287403611026));
#2958=CARTESIAN_POINT('Ctrl Pts',(10.5630603485934,136.165817375735,-7.55141161927905));
#2959=CARTESIAN_POINT('Ctrl Pts',(10.7721670847445,136.241020016368,-7.5846814751802));
#2960=CARTESIAN_POINT('Ctrl Pts',(10.9062682275748,136.272004101419,-7.61621499201568));
#2961=CARTESIAN_POINT('Ctrl Pts',(11.2450930767588,136.31179181657,-7.72330222605758));
#2962=CARTESIAN_POINT('Ctrl Pts',(11.4426971685691,136.299520349776,-7.81135191092999));
#2963=CARTESIAN_POINT('Ctrl Pts',(11.8269288284776,136.217289501735,-8.0373032663021));
#2964=CARTESIAN_POINT('Ctrl Pts',(12.0062815941263,136.14353502364,-8.17616320816306));
#2965=CARTESIAN_POINT('Ctrl Pts',(12.4091526645675,135.906345982033,-8.56419510831942));
#2966=CARTESIAN_POINT('Ctrl Pts',(12.6039620361408,135.713463589085,-8.83512106722981));
#2967=CARTESIAN_POINT('Ctrl Pts',(12.8970047876807,135.275106706619,-9.3860799008247));
#2968=CARTESIAN_POINT('Ctrl Pts',(12.9986552046846,135.012845764926,-9.68306045858845));
#2969=CARTESIAN_POINT('Ctrl Pts',(13.0447928410202,134.656196653337,-10.023369980827));
#2970=CARTESIAN_POINT('Ctrl Pts',(13.05,134.579031617286,-10.0937209661543));
#2971=CARTESIAN_POINT('Ctrl Pts',(13.05,134.499999999999,-10.1618620261605));
#2972=CARTESIAN_POINT('Ctrl Pts',(13.0495662086804,134.500434988919,-10.1618620261671));
#2973=CARTESIAN_POINT('Ctrl Pts',(13.0495376476972,134.388051499245,-10.2588120987541));
#2974=CARTESIAN_POINT('Ctrl Pts',(13.0389738432387,134.271888951437,-10.3512961722338));
#2975=CARTESIAN_POINT('Ctrl Pts',(13.0157026214151,134.15357636932,-10.4357339119188));
#2976=CARTESIAN_POINT('Ctrl Pts',(13.0063460822338,134.106007044486,-10.4696833549573));
#2977=CARTESIAN_POINT('Ctrl Pts',(12.9948952752154,134.057926811382,-10.5024446944172));
#2978=CARTESIAN_POINT('Ctrl Pts',(12.9811762842414,134.009536553302,-10.5336836280301));
#2979=CARTESIAN_POINT('Ctrl Pts',(12.9586588816791,133.930112131831,-10.5849570522276));
#2980=CARTESIAN_POINT('Ctrl Pts',(12.9300334167739,133.849849917789,-10.6321291655768));
#2981=CARTESIAN_POINT('Ctrl Pts',(12.8944825505894,133.76971402756,-10.673721786829));
#2982=CARTESIAN_POINT('Ctrl Pts',(12.8891437387666,133.757679709298,-10.679967912505));
#2983=CARTESIAN_POINT('Ctrl Pts',(12.8836486757461,133.745648307018,-10.6860882083769));
#2984=CARTESIAN_POINT('Ctrl Pts',(12.8779945237557,133.733623148218,-10.6920776682128));
#2985=CARTESIAN_POINT('Ctrl Pts',(12.8429057912303,133.658997000667,-10.7292472657949));
#2986=CARTESIAN_POINT('Ctrl Pts',(12.8019367387265,133.585155410529,-10.7610971443583));
#2987=CARTESIAN_POINT('Ctrl Pts',(12.7547255773535,133.513074286964,-10.7865649726274));
#2988=CARTESIAN_POINT('Ctrl Pts',(12.7252010715059,133.467996820273,-10.802491821762));
#2989=CARTESIAN_POINT('Ctrl Pts',(12.6932343400835,133.423608821952,-10.8159227194694));
#2990=CARTESIAN_POINT('Ctrl Pts',(12.6587286642505,133.380154634527,-10.8265978450021));
#2991=CARTESIAN_POINT('Ctrl Pts',(12.6210608251066,133.332718225805,-10.8382512585839));
#2992=CARTESIAN_POINT('Ctrl Pts',(12.5807332773698,133.286858742084,-10.8465049279452));
#2993=CARTESIAN_POINT('Ctrl Pts',(12.5377875437459,133.242841843636,-10.8512049519411));
#2994=CARTESIAN_POINT('Ctrl Pts',(12.5071123423491,133.211401532554,-10.8545620766302));
#2995=CARTESIAN_POINT('Ctrl Pts',(12.4752504645286,133.181054405389,-10.8560898441083));
#2996=CARTESIAN_POINT('Ctrl Pts',(12.4422538747208,133.151869529145,-10.855785856702));
#2997=CARTESIAN_POINT('Ctrl Pts',(12.4086778635971,133.122172165414,-10.8554765312659));
#2998=CARTESIAN_POINT('Ctrl Pts',(12.3740699056918,133.093804716409,-10.8532719067938));
#2999=CARTESIAN_POINT('Ctrl Pts',(12.3385137585742,133.066808856129,-10.8492183845376));
#3000=CARTESIAN_POINT('Ctrl Pts',(12.2866393639601,133.027423432718,-10.8433045263122));
#3001=CARTESIAN_POINT('Ctrl Pts',(12.2331032139788,132.991227939771,-10.8334962526214));
#3002=CARTESIAN_POINT('Ctrl Pts',(12.1782431264699,132.958229202555,-10.8200978598902));
#3003=CARTESIAN_POINT('Ctrl Pts',(12.09043017275,132.9054090793,-10.798651440567));
#3004=CARTESIAN_POINT('Ctrl Pts',(12.0004266992611,132.861485779976,-10.7683151205883));
#3005=CARTESIAN_POINT('Ctrl Pts',(11.9096952486256,132.825785955486,-10.7309508763139));
#3006=CARTESIAN_POINT('Ctrl Pts',(11.865439879985,132.808372931864,-10.7127260116968));
#3007=CARTESIAN_POINT('Ctrl Pts',(11.8210120644809,132.792915914994,-10.6928291200611));
#3008=CARTESIAN_POINT('Ctrl Pts',(11.776584367618,132.779335887997,-10.6714762734045));
#3009=CARTESIAN_POINT('Ctrl Pts',(11.6885860376166,132.752437809062,-10.6291825021933));
#3010=CARTESIAN_POINT('Ctrl Pts',(11.6009393114696,132.732979036242,-10.5813690176562));
#3011=CARTESIAN_POINT('Ctrl Pts',(11.5144965504836,132.720129294637,-10.5295202880729));
#3012=CARTESIAN_POINT('Ctrl Pts',(11.42984894177,132.707546402941,-10.4787482983308));
#3013=CARTESIAN_POINT('Ctrl Pts',(11.346355192668,132.7013010869,-10.4241069227216));
#3014=CARTESIAN_POINT('Ctrl Pts',(11.2648351677746,132.700604131672,-10.3669900532085));
#3015=CARTESIAN_POINT('Ctrl Pts',(11.2497680432832,132.700475315333,-10.3564332975569));
#3016=CARTESIAN_POINT('Ctrl Pts',(11.2347684654287,132.700535962974,-10.3457919762522));
#3017=CARTESIAN_POINT('Ctrl Pts',(11.2198417704568,132.700780996083,-10.3350748901994));
#3018=CARTESIAN_POINT('Origin',(11.25,84.5,-15.));
#3019=CARTESIAN_POINT('',(13.050221128818,84.500227437789,-10.193092727283));
#3020=CARTESIAN_POINT('',(13.05,84.5,-15.));
#3021=CARTESIAN_POINT('',(11.6507156990927,86.2548296009872,-11.0105103062217));
#3022=CARTESIAN_POINT('Ctrl Pts',(11.6507156990927,86.2548296009872,-11.0105103062217));
#3023=CARTESIAN_POINT('Ctrl Pts',(11.7202248641593,86.2389610828906,-11.0295798819116));
#3024=CARTESIAN_POINT('Ctrl Pts',(11.7894688103779,86.2188093011567,-11.0454919831266));
#3025=CARTESIAN_POINT('Ctrl Pts',(11.8579591955514,86.1942431224037,-11.057812544708));
#3026=CARTESIAN_POINT('Ctrl Pts',(11.9210956503556,86.1715972951008,-11.069170001342));
#3027=CARTESIAN_POINT('Ctrl Pts',(11.9832968411825,86.1453060288285,-11.0774214678824));
#3028=CARTESIAN_POINT('Ctrl Pts',(12.0441949886175,86.1153830073121,-11.0822929922305));
#3029=CARTESIAN_POINT('Ctrl Pts',(12.116589621558,86.0798110523285,-11.0880841736029));
#3030=CARTESIAN_POINT('Ctrl Pts',(12.1865668693889,86.0393899293245,-11.0890518612716));
#3031=CARTESIAN_POINT('Ctrl Pts',(12.2536283068342,85.9943833818935,-11.0849475652369));
#3032=CARTESIAN_POINT('Ctrl Pts',(12.3323616456797,85.9415435400389,-11.0801289251551));
#3033=CARTESIAN_POINT('Ctrl Pts',(12.4060759148839,85.8830591188805,-11.0683789981787));
#3034=CARTESIAN_POINT('Ctrl Pts',(12.4743679842959,85.8197553185613,-11.049814657923));
#3035=CARTESIAN_POINT('Ctrl Pts',(12.5301801294134,85.7680198693309,-11.0346428281442));
#3036=CARTESIAN_POINT('Ctrl Pts',(12.5816598717012,85.7137247140462,-11.0151116502733));
#3037=CARTESIAN_POINT('Ctrl Pts',(12.6289248057899,85.6574652401727,-10.9916158730709));
#3038=CARTESIAN_POINT('Ctrl Pts',(12.6761897398787,85.6012057662993,-10.9681200958685));
#3039=CARTESIAN_POINT('Ctrl Pts',(12.7192399156085,85.5429820305813,-10.9406597193345));
#3040=CARTESIAN_POINT('Ctrl Pts',(12.7581556591259,85.4833521691128,-10.9096294922295));
#3041=CARTESIAN_POINT('Ctrl Pts',(12.797938938557,85.4223929986891,-10.8779075184433));
#3042=CARTESIAN_POINT('Ctrl Pts',(12.8330751251535,85.3604788619491,-10.8427269316158));
#3043=CARTESIAN_POINT('Ctrl Pts',(12.8639310290713,85.2981279165609,-10.804651843607));
#3044=CARTESIAN_POINT('Ctrl Pts',(12.8960322394572,85.2332605634283,-10.7650400917073));
#3045=CARTESIAN_POINT('Ctrl Pts',(12.9235006396265,85.1679203634214,-10.7222954869331));
#3046=CARTESIAN_POINT('Ctrl Pts',(12.9467082603148,85.1026498485299,-10.6770532353456));
#3047=CARTESIAN_POINT('Ctrl Pts',(12.9666183362858,85.0466535476763,-10.638239404393));
#3048=CARTESIAN_POINT('Ctrl Pts',(12.9833916208995,84.9907077256356,-10.5975872766673));
#3049=CARTESIAN_POINT('Ctrl Pts',(12.9972414383227,84.9351334749053,-10.5554979418897));
#3050=CARTESIAN_POINT('Ctrl Pts',(13.0170525083928,84.8556388980697,-10.4952924723877));
#3051=CARTESIAN_POINT('Ctrl Pts',(13.0309933026023,84.7766102345475,-10.4319396852983));
#3052=CARTESIAN_POINT('Ctrl Pts',(13.0396512990857,84.6985743327572,-10.3662800876501));
#3053=CARTESIAN_POINT('Ctrl Pts',(13.0470637926516,84.6317643472084,-10.3100660032431));
#3054=CARTESIAN_POINT('Ctrl Pts',(13.0506030765697,84.5656810316748,-10.2521610661207));
#3055=CARTESIAN_POINT('Ctrl Pts',(13.0506163386257,84.5006339231793,-10.1930927272861));
#3056=CARTESIAN_POINT('',(9.47993389686953,84.1730963589243,-8.53386337648328));
#3057=CARTESIAN_POINT('Ctrl Pts',(9.47993389686954,84.1730963589243,-8.53386337648329));
#3058=CARTESIAN_POINT('Ctrl Pts',(9.46602374090631,84.2484360129004,-8.54597131610285));
#3059=CARTESIAN_POINT('Ctrl Pts',(9.45711377944401,84.323633317868,-8.56225398295688));
#3060=CARTESIAN_POINT('Ctrl Pts',(9.45289540539895,84.3982387587996,-8.582426284438));
#3061=CARTESIAN_POINT('Ctrl Pts',(9.45146250158422,84.4235808502711,-8.58927844297953));
#3062=CARTESIAN_POINT('Ctrl Pts',(9.45057123754682,84.4488549746137,-8.59657940138145));
#3063=CARTESIAN_POINT('Ctrl Pts',(9.45021045291756,84.4740444982526,-8.60431798582007));
#3064=CARTESIAN_POINT('Ctrl Pts',(9.44915867584536,84.5474782348215,-8.62687788727864));
#3065=CARTESIAN_POINT('Ctrl Pts',(9.45261831021185,84.6195558121301,-8.65295939709103));
#3066=CARTESIAN_POINT('Ctrl Pts',(9.46009981673076,84.6899663735885,-8.68210161013348));
#3067=CARTESIAN_POINT('Ctrl Pts',(9.46799318374688,84.7642530699908,-8.71284811588394));
#3068=CARTESIAN_POINT('Ctrl Pts',(9.48036359859994,84.8366843507882,-8.74700158683491));
#3069=CARTESIAN_POINT('Ctrl Pts',(9.49667617184312,84.9069367659098,-8.78402073143354));
#3070=CARTESIAN_POINT('Ctrl Pts',(9.50019287608911,84.9220819525622,-8.79200140873394));
#3071=CARTESIAN_POINT('Ctrl Pts',(9.50389292974196,84.9371260142394,-8.8001152704692));
#3072=CARTESIAN_POINT('Ctrl Pts',(9.50777118619451,84.9520659305695,-8.80835689324276));
#3073=CARTESIAN_POINT('Ctrl Pts',(9.52799690938659,85.0299799664005,-8.85133826461698));
#3074=CARTESIAN_POINT('Ctrl Pts',(9.55299019570711,85.1048412496913,-8.89765793456353));
#3075=CARTESIAN_POINT('Ctrl Pts',(9.58203320630418,85.1764424702273,-8.94659456895061));
#3076=CARTESIAN_POINT('Ctrl Pts',(9.61541004204879,85.2587280917181,-9.00283357359416));
#3077=CARTESIAN_POINT('Ctrl Pts',(9.65413571330282,85.3367085013406,-9.06252882608211));
#3078=CARTESIAN_POINT('Ctrl Pts',(9.69717248614847,85.4101217648258,-9.1245854954623));
#3079=CARTESIAN_POINT('Ctrl Pts',(9.72076305925416,85.450363187327,-9.15860180985834));
#3080=CARTESIAN_POINT('Ctrl Pts',(9.74564980461319,85.4892331666427,-9.19332765342186));
#3081=CARTESIAN_POINT('Ctrl Pts',(9.77166621750253,85.5266929710771,-9.22858270633984));
#3082=CARTESIAN_POINT('Ctrl Pts',(9.83247763317282,85.6142524570089,-9.31098875080847));
#3083=CARTESIAN_POINT('Ctrl Pts',(9.8999254359223,85.6948179819276,-9.39693355604305));
#3084=CARTESIAN_POINT('Ctrl Pts',(9.97268760387988,85.7681118790419,-9.48484516318902));
#3085=CARTESIAN_POINT('Ctrl Pts',(10.0616157638721,85.8576899055354,-9.59228860096578));
#3086=CARTESIAN_POINT('Ctrl Pts',(10.1584867448462,85.9364112974975,-9.70266987761985));
#3087=CARTESIAN_POINT('Ctrl Pts',(10.2609247463741,86.0038009337396,-9.81311925545624));
#3088=CARTESIAN_POINT('Ctrl Pts',(10.3744066959949,86.0784559171533,-9.93547629624507));
#3089=CARTESIAN_POINT('Ctrl Pts',(10.4965413456255,86.1403901179851,-10.0598787997944));
#3090=CARTESIAN_POINT('Ctrl Pts',(10.6251194777765,86.1880059275499,-10.1828961626209));
#3091=CARTESIAN_POINT('Ctrl Pts',(10.7165264895279,86.2218563093499,-10.2703499880995));
#3092=CARTESIAN_POINT('Ctrl Pts',(10.8111914736767,86.2484716571965,-10.3571037802849));
#3093=CARTESIAN_POINT('Ctrl Pts',(10.9083024141147,86.2672554809432,-10.4419249801668));
#3094=CARTESIAN_POINT('Ctrl Pts',(10.9477930657616,86.2748940172073,-10.476417947094));
#3095=CARTESIAN_POINT('Ctrl Pts',(10.9876878597798,86.2812370816897,-10.5105913245036));
#3096=CARTESIAN_POINT('Ctrl Pts',(11.0279304074453,86.2862425915477,-10.5443622254488));
#3097=CARTESIAN_POINT('Ctrl Pts',(11.1127411530988,86.2967916508907,-10.6155340437533));
#3098=CARTESIAN_POINT('Ctrl Pts',(11.1997909710202,86.3014736568928,-10.6854933848348));
#3099=CARTESIAN_POINT('Ctrl Pts',(11.288348593609,86.2995891891253,-10.7531766561057));
#3100=CARTESIAN_POINT('Ctrl Pts',(11.36822013109,86.2978895574785,-10.8142212819674));
#3101=CARTESIAN_POINT('Ctrl Pts',(11.4493184650564,86.2908486491582,-10.8734144331827));
#3102=CARTESIAN_POINT('Ctrl Pts',(11.5310776800236,86.2779221284185,-10.9299757882242));
#3103=CARTESIAN_POINT('Ctrl Pts',(11.5708240500187,86.2716380382854,-10.9574724874746));
#3104=CARTESIAN_POINT('Ctrl Pts',(11.6107261184433,86.2639624787195,-10.9843472105237));
#3105=CARTESIAN_POINT('Ctrl Pts',(11.6507156990927,86.2548296009871,-11.0105103062217));
#3106=CARTESIAN_POINT('Ctrl Pts',(13.05,84.5000000000277,-10.1930927272813));
#3107=CARTESIAN_POINT('Ctrl Pts',(13.0500000000014,84.408794754027,-10.1102909743027));
#3108=CARTESIAN_POINT('Ctrl Pts',(13.0430648487917,84.3196228144352,-10.0251915649672));
#3109=CARTESIAN_POINT('Ctrl Pts',(13.0148392408386,84.1312207053949,-9.83766097606706));
#3110=CARTESIAN_POINT('Ctrl Pts',(12.9909999716334,84.0320093669837,-9.73379437821234));
#3111=CARTESIAN_POINT('Ctrl Pts',(12.8694094389753,83.6630757560266,-9.33032680036269));
#3112=CARTESIAN_POINT('Ctrl Pts',(12.7136062350663,83.4110311398293,-9.01642821757137));
#3113=CARTESIAN_POINT('Ctrl Pts',(12.3589426938965,83.0686404652047,-8.5361690516286));
#3114=CARTESIAN_POINT('Ctrl Pts',(12.1876653510905,82.9479233984767,-8.34952003053587));
#3115=CARTESIAN_POINT('Ctrl Pts',(11.8500713699453,82.7962968744445,-8.07482440236088));
#3116=CARTESIAN_POINT('Ctrl Pts',(11.6973647485034,82.7484028941709,-7.97294798844549));
#3117=CARTESIAN_POINT('Ctrl Pts',(11.3997910655651,82.7012996518005,-7.82445817508837));
#3118=CARTESIAN_POINT('Ctrl Pts',(11.2610284319003,82.6942883298435,-7.77140173382331));
#3119=CARTESIAN_POINT('Ctrl Pts',(11.0412625740611,82.7105110804395,-7.71582682072549));
#3120=CARTESIAN_POINT('Ctrl Pts',(10.9645671305235,82.7210516333972,-7.70149659543944));
#3121=CARTESIAN_POINT('Ctrl Pts',(10.8249665812665,82.7497224660324,-7.68492403378304));
#3122=CARTESIAN_POINT('Ctrl Pts',(10.7625885795822,82.7660419892622,-7.68103495232883));
#3123=CARTESIAN_POINT('Ctrl Pts',(10.6297769516228,82.8085749922433,-7.68030155996759));
#3124=CARTESIAN_POINT('Ctrl Pts',(10.5602774433717,82.835728112041,-7.68466139253358));
#3125=CARTESIAN_POINT('Ctrl Pts',(10.3765386839984,82.9209144307905,-7.70865040371693));
#3126=CARTESIAN_POINT('Ctrl Pts',(10.2684397564301,82.9861423298126,-7.73679298971554));
#3127=CARTESIAN_POINT('Ctrl Pts',(10.0008990178904,83.1868734825817,-7.84061257158283));
#3128=CARTESIAN_POINT('Ctrl Pts',(9.86259599763998,83.3370216011414,-7.93441278628403));
#3129=CARTESIAN_POINT('Ctrl Pts',(9.61956121847527,83.6995408090212,-8.17917742233432));
#3130=CARTESIAN_POINT('Ctrl Pts',(9.52502252049765,83.9289576149864,-8.34601252894976));
#3131=CARTESIAN_POINT('Ctrl Pts',(9.47993389686953,84.1730963589243,-8.53386337648327));
#3132=CARTESIAN_POINT('Ctrl Pts',(69.9999999999999,77.,0.));
#3133=CARTESIAN_POINT('Ctrl Pts',(65.8468454287472,81.2698564037698,-5.));
#3134=CARTESIAN_POINT('Ctrl Pts',(61.6936908574946,85.5397128075395,-10.));
#3135=CARTESIAN_POINT('Ctrl Pts',(57.5405362862419,89.8095692113093,-15.));
#3136=CARTESIAN_POINT('Ctrl Pts',(69.9999999999999,83.5238095238095,0.));
#3137=CARTESIAN_POINT('Ctrl Pts',(66.8709485125423,86.7228114881805,-5.));
#3138=CARTESIAN_POINT('Ctrl Pts',(63.7355438448081,89.925672420841,-10.));
#3139=CARTESIAN_POINT('Ctrl Pts',(60.6064923573505,93.124674385212,-15.));
#3140=CARTESIAN_POINT('Ctrl Pts',(69.9999999999999,94.9404761904761,0.));
#3141=CARTESIAN_POINT('Ctrl Pts',(68.1948641405239,96.6936189689424,-5.));
#3142=CARTESIAN_POINT('Ctrl Pts',(66.3920088116541,98.4456252573509,-10.));
#3143=CARTESIAN_POINT('Ctrl Pts',(64.586872952178,100.198768035817,-15.));
#3144=CARTESIAN_POINT('Ctrl Pts',(69.9999999999999,106.357142857143,0.));
#3145=CARTESIAN_POINT('Ctrl Pts',(68.4727062370253,106.965672550943,-5.));
#3146=CARTESIAN_POINT('Ctrl Pts',(66.9446035825017,107.573358807609,-10.));
#3147=CARTESIAN_POINT('Ctrl Pts',(65.4173098195271,108.181888501409,-15.));
#3148=CARTESIAN_POINT('Ctrl Pts',(69.9999999999999,111.25,0.));
#3149=CARTESIAN_POINT('Ctrl Pts',(68.3922477726046,111.353326943766,-5.));
#3150=CARTESIAN_POINT('Ctrl Pts',(66.7844955452092,111.456653887532,-10.));
#3151=CARTESIAN_POINT('Ctrl Pts',(65.1767433178138,111.559980831298,-15.));
#3152=CARTESIAN_POINT('',(70.,77.,0.));
#3153=CARTESIAN_POINT('',(69.9999999999999,77.,0.));
#3154=CARTESIAN_POINT('',(70.,106.25,0.));
#3155=CARTESIAN_POINT('',(70.,142.,0.));
#3156=CARTESIAN_POINT('',(70.,111.25,0.));
#3157=CARTESIAN_POINT('',(69.9999999999999,77.,0.));
#3158=CARTESIAN_POINT('',(70.,111.25,0.));
#3159=CARTESIAN_POINT('',(69.9999999999999,77.,0.));
#3160=CARTESIAN_POINT('Origin',(41.,144.,0.));
#3161=CARTESIAN_POINT('',(41.,140.5,0.));
#3162=CARTESIAN_POINT('',(41.,138.5,-12.6196407475461));
#3163=CARTESIAN_POINT('Ctrl Pts',(41.,140.5,-5.55111512312578E-16));
#3164=CARTESIAN_POINT('Ctrl Pts',(41.,140.116108091014,-2.47424571368509));
#3165=CARTESIAN_POINT('Ctrl Pts',(41.0000000002298,139.717296555671,-5.0225480302926));
#3166=CARTESIAN_POINT('Ctrl Pts',(41.0000000002298,139.057046548054,-9.17764400245293));
#3167=CARTESIAN_POINT('Ctrl Pts',(41.,138.779479732868,-10.9069383466119));
#3168=CARTESIAN_POINT('Ctrl Pts',(41.,138.5,-12.6196407475461));
#3169=CARTESIAN_POINT('',(41.,138.5,0.));
#3170=CARTESIAN_POINT('',(41.,126.07321149224,0.));
#3171=CARTESIAN_POINT('',(41.,138.5,0.));
#3172=CARTESIAN_POINT('Origin',(41.,144.,0.));
#3173=CARTESIAN_POINT('',(41.,144.,0.));
#3174=CARTESIAN_POINT('Origin',(41.,138.5,0.));
#3175=CARTESIAN_POINT('',(40.6518418611548,138.5,-12.8903248845097));
#3176=CARTESIAN_POINT('Ctrl Pts',(41.,138.5,-12.6196407475461));
#3177=CARTESIAN_POINT('Ctrl Pts',(40.8815506041075,138.5,-12.7122973330697));
#3178=CARTESIAN_POINT('Ctrl Pts',(40.7616928000512,138.5,-12.8055489401441));
#3179=CARTESIAN_POINT('Ctrl Pts',(40.6518418611549,138.5,-12.8903248845097));
#3180=CARTESIAN_POINT('',(31.,138.5,0.));
#3181=CARTESIAN_POINT('',(38.4946490973784,138.5,0.));
#3182=CARTESIAN_POINT('',(31.,138.5,-13.3468722399882));
#3183=CARTESIAN_POINT('',(31.,138.5,0.));
#3184=CARTESIAN_POINT('Ctrl Pts',(36.2500000000015,138.5,-15.0000000000002));
#3185=CARTESIAN_POINT('Ctrl Pts',(36.2298412007184,138.5,-15.0000000000002));
#3186=CARTESIAN_POINT('Ctrl Pts',(36.2096754019185,138.5,-14.9999099163218));
#3187=CARTESIAN_POINT('Ctrl Pts',(35.9814199193356,138.5,-14.9978693924417));
#3188=CARTESIAN_POINT('Ctrl Pts',(35.7743705276362,138.5,-14.986422707926));
#3189=CARTESIAN_POINT('Ctrl Pts',(35.2374369707155,138.5,-14.9327304775452));
#3190=CARTESIAN_POINT('Ctrl Pts',(34.9124283544077,138.5,-14.8767172745553));
#3191=CARTESIAN_POINT('Ctrl Pts',(33.4542181525321,138.5,-14.5362220034192));
#3192=CARTESIAN_POINT('Ctrl Pts',(32.2972510553668,138.5,-14.0204558125633));
#3193=CARTESIAN_POINT('Ctrl Pts',(31.,138.5,-13.3468722399882));
#3194=CARTESIAN_POINT('',(39.6396886594987,138.5,-14.2269431212964));
#3195=CARTESIAN_POINT('Ctrl Pts',(39.6396886594987,138.5,-14.2269431212964));
#3196=CARTESIAN_POINT('Ctrl Pts',(39.6233870870583,138.5,-14.2337296243114));
#3197=CARTESIAN_POINT('Ctrl Pts',(39.6070737524957,138.5,-14.2404886350491));
#3198=CARTESIAN_POINT('Ctrl Pts',(38.9625604665135,138.5,-14.5062208928664));
#3199=CARTESIAN_POINT('Ctrl Pts',(38.3086709280261,138.499999999996,-14.7268981340658));
#3200=CARTESIAN_POINT('Ctrl Pts',(37.3564059730633,138.499999999996,-14.9158332377967));
#3201=CARTESIAN_POINT('Ctrl Pts',(37.0738236318513,138.5,-14.9560506484624));
#3202=CARTESIAN_POINT('Ctrl Pts',(36.6086896813334,138.5,-14.9928477228028));
#3203=CARTESIAN_POINT('Ctrl Pts',(36.4296227039794,138.5,-15.0000000000001));
#3204=CARTESIAN_POINT('Ctrl Pts',(36.2500000000015,138.5,-15.0000000000001));
#3205=CARTESIAN_POINT('Ctrl Pts',(40.6518418611548,138.5,-12.8903248845097));
#3206=CARTESIAN_POINT('Ctrl Pts',(40.5879006041132,138.5,-13.0410781216781));
#3207=CARTESIAN_POINT('Ctrl Pts',(40.5158548244182,138.49999811425,-13.1880287919214));
#3208=CARTESIAN_POINT('Ctrl Pts',(40.433940277943,138.499999863682,-13.3291804055463));
#3209=CARTESIAN_POINT('Ctrl Pts',(40.369763826613,138.500001234285,-13.4397664986365));
#3210=CARTESIAN_POINT('Ctrl Pts',(40.2995282414972,138.500001656176,-13.5467931106819));
#3211=CARTESIAN_POINT('Ctrl Pts',(40.2224133021467,138.50000052655,-13.6493001536068));
#3212=CARTESIAN_POINT('Ctrl Pts',(40.2010990645568,138.500000214325,-13.6776326594213));
#3213=CARTESIAN_POINT('Ctrl Pts',(40.1792595449782,138.499999888368,-13.7056198946393));
#3214=CARTESIAN_POINT('Ctrl Pts',(40.1568781349462,138.499999888123,-13.7332415868723));
#3215=CARTESIAN_POINT('Ctrl Pts',(40.0594833465308,138.49999988706,-13.8534399509105));
#3216=CARTESIAN_POINT('Ctrl Pts',(39.9539471347434,138.499998748978,-13.9641381900785));
#3217=CARTESIAN_POINT('Ctrl Pts',(39.8394357462124,138.499999249701,-14.065710624055));
#3218=CARTESIAN_POINT('Ctrl Pts',(39.7756803905969,138.499999528484,-14.1222620879048));
#3219=CARTESIAN_POINT('Ctrl Pts',(39.7091436011604,138.499999999757,-14.1759847196186));
#3220=CARTESIAN_POINT('Ctrl Pts',(39.6396886594987,138.5,-14.2269431212964));
#3221=CARTESIAN_POINT('Origin',(31.,138.5,0.));
#3222=CARTESIAN_POINT('',(31.,144.,0.));
#3223=CARTESIAN_POINT('',(31.,143.772935779816,-0.756880733944952));
#3224=CARTESIAN_POINT('',(31.,144.,0.));
#3225=CARTESIAN_POINT('Origin',(1.77635683940025E-14,144.,0.));
#3226=CARTESIAN_POINT('',(72.,144.,0.));
#3227=CARTESIAN_POINT('Ctrl Pts',(40.6518418611548,138.5,-12.8903248845097));
#3228=CARTESIAN_POINT('Ctrl Pts',(40.6328482731122,138.390891029544,-13.5935499230065));
#3229=CARTESIAN_POINT('Ctrl Pts',(40.6138546850695,138.281782059088,-14.2967749615032));
#3230=CARTESIAN_POINT('Ctrl Pts',(40.5948610970269,138.172673088632,-15.));
#3231=CARTESIAN_POINT('Ctrl Pts',(40.357792507199,138.61488073512,-12.8903248845097));
#3232=CARTESIAN_POINT('Ctrl Pts',(40.3227572089176,138.484761788012,-13.5935499230065));
#3233=CARTESIAN_POINT('Ctrl Pts',(40.2877219079423,138.354642821118,-14.2967749615032));
#3234=CARTESIAN_POINT('Ctrl Pts',(40.2526866096609,138.22452387401,-15.));
#3235=CARTESIAN_POINT('Ctrl Pts',(40.0629454513168,138.724497209268,-12.8903248845097));
#3236=CARTESIAN_POINT('Ctrl Pts',(40.0118249236435,138.573081089872,-13.5935499230065));
#3237=CARTESIAN_POINT('Ctrl Pts',(39.9607043933881,138.421664950673,-14.2967749615032));
#3238=CARTESIAN_POINT('Ctrl Pts',(39.9095838657148,138.270248831276,-15.));
#3239=CARTESIAN_POINT('Ctrl Pts',(39.767489616452,138.828824244876,-12.8903248845097));
#3240=CARTESIAN_POINT('Ctrl Pts',(39.7002506469393,138.655822383987,-13.5935499230065));
#3241=CARTESIAN_POINT('Ctrl Pts',(39.6330116774266,138.482820523099,-14.2967749615032));
#3242=CARTESIAN_POINT('Ctrl Pts',(39.565772707914,138.309818662211,-15.));
#3243=CARTESIAN_POINT('',(41.,142.,0.));
#3244=CARTESIAN_POINT('',(41.,140.5,0.));
#3245=CARTESIAN_POINT('Ctrl Pts',(36.1990394531564,142.,0.));
#3246=CARTESIAN_POINT('Ctrl Pts',(36.2160263021048,140.833333333333,-5.));
#3247=CARTESIAN_POINT('Ctrl Pts',(36.2330131510531,139.666666666667,-10.));
#3248=CARTESIAN_POINT('Ctrl Pts',(36.2500000000015,138.5,-15.));
#3249=CARTESIAN_POINT('Ctrl Pts',(32.1725008594022,142.,0.));
#3250=CARTESIAN_POINT('Ctrl Pts',(32.6028949784285,140.833271609304,-5.));
#3251=CARTESIAN_POINT('Ctrl Pts',(33.0325909087313,139.666728390696,-10.));
#3252=CARTESIAN_POINT('Ctrl Pts',(33.4629850277576,138.5,-15.));
#3253=CARTESIAN_POINT('Ctrl Pts',(22.106487967101,141.999557666394,0.));
#3254=CARTESIAN_POINT('Ctrl Pts',(23.5692020406449,140.496406496352,-4.99999999999999));
#3255=CARTESIAN_POINT('Ctrl Pts',(25.031579813496,138.993742020763,-10.));
#3256=CARTESIAN_POINT('Ctrl Pts',(26.4942938870398,137.490590850721,-15.));
#3257=CARTESIAN_POINT('Ctrl Pts',(12.0395748307397,142.00117006614,0.));
#3258=CARTESIAN_POINT('Ctrl Pts',(14.7760430996299,139.351416327436,-5.));
#3259=CARTESIAN_POINT('Ctrl Pts',(17.5135862372632,136.698322627807,-9.99999999999998));
#3260=CARTESIAN_POINT('Ctrl Pts',(20.2500545061534,134.048568889103,-15.));
#3261=CARTESIAN_POINT('Ctrl Pts',(5.58204626283002,141.999358351482,0.));
#3262=CARTESIAN_POINT('Ctrl Pts',(9.35262433121588,138.364812215701,-5.));
#3263=CARTESIAN_POINT('Ctrl Pts',(13.1217430067255,134.731165717661,-9.99999999999998));
#3264=CARTESIAN_POINT('Ctrl Pts',(16.8923210751113,131.096619581879,-15.));
#3265=CARTESIAN_POINT('Ctrl Pts',(4.32343138972639,141.804133040425,0.));
#3266=CARTESIAN_POINT('Ctrl Pts',(8.29868429508339,138.039998574625,-4.99999999999999));
#3267=CARTESIAN_POINT('Ctrl Pts',(12.2721824927993,134.276960932822,-9.99999999999998));
#3268=CARTESIAN_POINT('Ctrl Pts',(16.2474353981563,130.512826467022,-15.));
#3269=CARTESIAN_POINT('Ctrl Pts',(2.54496523445445,140.511413270479,0.));
#3270=CARTESIAN_POINT('Ctrl Pts',(6.76930615383989,136.83804642879,-5.00000000000001));
#3271=CARTESIAN_POINT('Ctrl Pts',(10.9928355533175,133.165375178419,-9.99999999999997));
#3272=CARTESIAN_POINT('Ctrl Pts',(15.2171764727029,129.492008336731,-15.));
#3273=CARTESIAN_POINT('Ctrl Pts',(1.99870785441745,138.837361470277,0.));
#3274=CARTESIAN_POINT('Ctrl Pts',(6.14772805385212,135.433814125983,-5.));
#3275=CARTESIAN_POINT('Ctrl Pts',(10.2944007167213,132.031008493313,-9.99999999999998));
#3276=CARTESIAN_POINT('Ctrl Pts',(14.443420916156,128.627461149019,-15.));
#3277=CARTESIAN_POINT('Ctrl Pts',(1.99919163575019,135.966764504171,0.));
#3278=CARTESIAN_POINT('Ctrl Pts',(5.71828872748594,133.013776423501,-5.00000000000001));
#3279=CARTESIAN_POINT('Ctrl Pts',(9.44369219989398,130.060587881905,-9.99999999999997));
#3280=CARTESIAN_POINT('Ctrl Pts',(13.1627892916297,127.107599801235,-15.));
#3281=CARTESIAN_POINT('Ctrl Pts',(1.99932302840398,131.899927540485,0.));
#3282=CARTESIAN_POINT('Ctrl Pts',(5.17175355208311,129.540158156886,-5.));
#3283=CARTESIAN_POINT('Ctrl Pts',(8.33775587164786,127.181644618702,-9.99999999999998));
#3284=CARTESIAN_POINT('Ctrl Pts',(11.510186395327,124.821875235103,-15.));
#3285=CARTESIAN_POINT('Ctrl Pts',(1.99961936621307,119.700017448598,0.));
#3286=CARTESIAN_POINT('Ctrl Pts',(3.85384575945122,118.90733284353,-5.));
#3287=CARTESIAN_POINT('Ctrl Pts',(5.7150983656401,118.113867321822,-9.99999999999998));
#3288=CARTESIAN_POINT('Ctrl Pts',(7.56932475887826,117.321182716753,-15.));
#3289=CARTESIAN_POINT('Ctrl Pts',(1.99982057483017,105.466637361303,0.));
#3290=CARTESIAN_POINT('Ctrl Pts',(3.45658945678247,106.019549693156,-5.));
#3291=CARTESIAN_POINT('Ctrl Pts',(4.9125380995575,106.572618468822,-9.99999999999999));
#3292=CARTESIAN_POINT('Ctrl Pts',(6.36930698150979,107.125530800675,-15.));
#3293=CARTESIAN_POINT('Ctrl Pts',(1.99991052992214,89.200006761913,0.));
#3294=CARTESIAN_POINT('Ctrl Pts',(4.65459033278208,91.5726224892196,-5.));
#3295=CARTESIAN_POINT('Ctrl Pts',(7.31028650556613,93.9451787418277,-10.));
#3296=CARTESIAN_POINT('Ctrl Pts',(9.96496630842607,96.3177944691344,-15.));
#3297=CARTESIAN_POINT('Ctrl Pts',(2.00000000000001,81.0666666666667,0.));
#3298=CARTESIAN_POINT('Ctrl Pts',(5.73719605510581,84.5966004812555,-5.));
#3299=CARTESIAN_POINT('Ctrl Pts',(9.479573741661,88.1264861187681,-10.));
#3300=CARTESIAN_POINT('Ctrl Pts',(13.2167697967668,91.6564199333569,-15.));
#3301=CARTESIAN_POINT('Ctrl Pts',(2.00000000000001,77.,0.));
#3302=CARTESIAN_POINT('Ctrl Pts',(6.38250155110401,81.2027250979264,-5.));
#3303=CARTESIAN_POINT('Ctrl Pts',(10.765003102208,85.4054501958529,-10.));
#3304=CARTESIAN_POINT('Ctrl Pts',(15.147504653312,89.6081752937793,-15.));
#3305=CARTESIAN_POINT('',(2.00000000000001,77.,0.));
#3306=CARTESIAN_POINT('',(31.,142.,0.));
#3307=CARTESIAN_POINT('Ctrl Pts',(31.,138.5,-13.3468722399882));
#3308=CARTESIAN_POINT('Ctrl Pts',(31.,139.055141697538,-11.3990980801743));
#3309=CARTESIAN_POINT('Ctrl Pts',(31.0000000004864,139.595557858095,-9.39404721881886));
#3310=CARTESIAN_POINT('Ctrl Pts',(31.0000000004864,140.739099373002,-5.03412748943897));
#3311=CARTESIAN_POINT('Ctrl Pts',(31.,141.390602544423,-2.45527760522452));
#3312=CARTESIAN_POINT('Ctrl Pts',(31.,142.,-2.22044604925031E-15));
#3313=CARTESIAN_POINT('',(5.99999999999999,142.,0.));
#3314=CARTESIAN_POINT('',(1.99999999999999,142.,0.));
#3315=CARTESIAN_POINT('',(1.99999999999999,138.,0.));
#3316=CARTESIAN_POINT('Origin',(5.99999999999999,138.,0.));
#3317=CARTESIAN_POINT('',(1.99999999999999,111.25,0.));
#3318=CARTESIAN_POINT('',(1.99999999999999,2.00000000000001,0.));
#3319=CARTESIAN_POINT('',(1.99999999999999,106.25,0.));
#3320=CARTESIAN_POINT('Ctrl Pts',(1.99972457766319,111.2499997963,0.));
#3321=CARTESIAN_POINT('Ctrl Pts',(1.99974694426947,109.583330975219,0.));
#3322=CARTESIAN_POINT('Ctrl Pts',(1.999767022451,107.916661726018,0.));
#3323=CARTESIAN_POINT('Ctrl Pts',(1.9997849791401,106.249992901931,0.));
#3324=CARTESIAN_POINT('',(1.99999999999999,77.,0.));
#3325=CARTESIAN_POINT('',(1.99999999999999,2.00000000000001,0.));
#3326=CARTESIAN_POINT('',(2.00000000000001,77.,0.));
#3327=CARTESIAN_POINT('Ctrl Pts',(39.6396886594987,138.5,-14.2269431212964));
#3328=CARTESIAN_POINT('Ctrl Pts',(39.6150500089705,138.436606220737,-14.4846287475309));
#3329=CARTESIAN_POINT('Ctrl Pts',(39.5904113584422,138.373212441474,-14.7423143737655));
#3330=CARTESIAN_POINT('Ctrl Pts',(39.565772707914,138.309818662211,-15.));
#3331=CARTESIAN_POINT('Ctrl Pts',(38.5135091588722,138.620121683137,-14.2269431212964));
#3332=CARTESIAN_POINT('Ctrl Pts',(38.4974584023693,138.558903864228,-14.4846287475309));
#3333=CARTESIAN_POINT('Ctrl Pts',(38.4814075949725,138.497685279227,-14.7423143737655));
#3334=CARTESIAN_POINT('Ctrl Pts',(38.4653568384696,138.436467460318,-15.));
#3335=CARTESIAN_POINT('Ctrl Pts',(37.3804429078484,138.680379938364,-14.2269431212964));
#3336=CARTESIAN_POINT('Ctrl Pts',(37.3728552874616,138.620253547872,-14.4846287475309));
#3337=CARTESIAN_POINT('Ctrl Pts',(37.3652676300423,138.560126390492,-14.7423143737655));
#3338=CARTESIAN_POINT('Ctrl Pts',(37.3576800096555,138.5,-15.));
#3339=CARTESIAN_POINT('Ctrl Pts',(36.2473736399161,138.680379938364,-14.2269431212964));
#3340=CARTESIAN_POINT('Ctrl Pts',(36.2482490932779,138.620253292243,-14.4846287475309));
#3341=CARTESIAN_POINT('Ctrl Pts',(36.2491245466397,138.560126646121,-14.7423143737655));
#3342=CARTESIAN_POINT('Ctrl Pts',(36.2500000000015,138.5,-15.));
#3343=CARTESIAN_POINT('Origin',(35.9892981947567,108.146422984479,0.));
#3344=CARTESIAN_POINT('',(64.5,140.5,0.));
#3345=CARTESIAN_POINT('',(3.49999999999999,140.5,0.));
#3346=CARTESIAN_POINT('',(68.5,136.5,0.));
#3347=CARTESIAN_POINT('Origin',(64.5,136.5,0.));
#3348=CARTESIAN_POINT('',(68.5,111.25,0.));
#3349=CARTESIAN_POINT('',(68.5,140.5,0.));
#3350=CARTESIAN_POINT('',(70.,111.25,0.));
#3351=CARTESIAN_POINT('',(68.5,106.25,0.));
#3352=CARTESIAN_POINT('',(68.5,106.25,0.));
#3353=CARTESIAN_POINT('',(68.5,77.,0.));
#3354=CARTESIAN_POINT('',(68.5,140.5,0.));
#3355=CARTESIAN_POINT('',(3.49999999999999,77.,0.));
#3356=CARTESIAN_POINT('',(2.00000000000001,77.,0.));
#3357=CARTESIAN_POINT('',(3.49999999999999,106.25,0.));
#3358=CARTESIAN_POINT('',(3.49999999999999,3.50000000000001,0.));
#3359=CARTESIAN_POINT('',(3.49999999999999,106.25,0.));
#3360=CARTESIAN_POINT('',(3.49999999999999,111.25,0.));
#3361=CARTESIAN_POINT('',(1.99999999999999,111.25,0.));
#3362=CARTESIAN_POINT('',(3.49999999999999,136.5,0.));
#3363=CARTESIAN_POINT('',(3.49999999999999,3.50000000000001,0.));
#3364=CARTESIAN_POINT('',(7.49999999999999,140.5,0.));
#3365=CARTESIAN_POINT('Origin',(7.49999999999999,136.5,0.));
#3366=CARTESIAN_POINT('',(31.,140.5,0.));
#3367=CARTESIAN_POINT('',(3.49999999999999,140.5,0.));
#3368=CARTESIAN_POINT('',(31.,123.32321149224,0.));
#3369=CARTESIAN_POINT('Ctrl Pts',(2.00000000000001,77.,0.));
#3370=CARTESIAN_POINT('Ctrl Pts',(6.38250155110401,81.2027250979264,-5.));
#3371=CARTESIAN_POINT('Ctrl Pts',(10.765003102208,85.4054501958529,-10.));
#3372=CARTESIAN_POINT('Ctrl Pts',(15.147504653312,89.6081752937793,-15.));
#3373=CARTESIAN_POINT('Ctrl Pts',(8.47619047619048,77.,0.));
#3374=CARTESIAN_POINT('Ctrl Pts',(11.7339079070605,80.1037034352586,-5.));
#3375=CARTESIAN_POINT('Ctrl Pts',(14.9954611639012,83.2097781405795,-10.));
#3376=CARTESIAN_POINT('Ctrl Pts',(18.2531785947712,86.3134815758381,-15.));
#3377=CARTESIAN_POINT('Ctrl Pts',(21.4285714285714,77.,0.));
#3378=CARTESIAN_POINT('Ctrl Pts',(22.9635922544185,78.4022337165691,-5.));
#3379=CARTESIAN_POINT('Ctrl Pts',(24.4984386965419,79.8056143820704,-9.99999999999999));
#3380=CARTESIAN_POINT('Ctrl Pts',(26.0334595223889,81.2078480986396,-15.));
#3381=CARTESIAN_POINT('Ctrl Pts',(40.8571428571428,77.,0.));
#3382=CARTESIAN_POINT('Ctrl Pts',(40.5400406180196,77.8800667692599,-5.));
#3383=CARTESIAN_POINT('Ctrl Pts',(40.2243572710648,78.7604809250317,-10.));
#3384=CARTESIAN_POINT('Ctrl Pts',(39.9072550319416,79.6405476942917,-15.));
#3385=CARTESIAN_POINT('Ctrl Pts',(57.047619047619,77.,0.));
#3386=CARTESIAN_POINT('Ctrl Pts',(54.9688929568997,79.2321470008229,-5.));
#3387=CARTESIAN_POINT('Ctrl Pts',(52.8885544120186,81.4652825443031,-10.));
#3388=CARTESIAN_POINT('Ctrl Pts',(50.8098283212993,83.697429545126,-15.));
#3389=CARTESIAN_POINT('Ctrl Pts',(66.7619047619047,77.,0.));
#3390=CARTESIAN_POINT('Ctrl Pts',(63.1750320128517,80.7166151309304,-5.));
#3391=CARTESIAN_POINT('Ctrl Pts',(59.590293695207,84.4309279786912,-10.));
#3392=CARTESIAN_POINT('Ctrl Pts',(56.003420946154,88.1475431096216,-15.));
#3393=CARTESIAN_POINT('Ctrl Pts',(70.,77.,0.));
#3394=CARTESIAN_POINT('Ctrl Pts',(65.8468454287473,81.2698564037698,-5.));
#3395=CARTESIAN_POINT('Ctrl Pts',(61.6936908574946,85.5397128075395,-10.));
#3396=CARTESIAN_POINT('Ctrl Pts',(57.5405362862419,89.8095692113093,-15.));
#3397=CARTESIAN_POINT('',(3.49999999999999,77.,0.));
#3398=CARTESIAN_POINT('',(68.5,77.,0.));
#3399=CARTESIAN_POINT('Ctrl Pts',(70.,111.25,0.));
#3400=CARTESIAN_POINT('Ctrl Pts',(68.3922477726046,111.353326943766,-5.));
#3401=CARTESIAN_POINT('Ctrl Pts',(66.7844955452092,111.456653887532,-10.));
#3402=CARTESIAN_POINT('Ctrl Pts',(65.1767433178138,111.559980831298,-15.));
#3403=CARTESIAN_POINT('Ctrl Pts',(69.5,111.25,0.));
#3404=CARTESIAN_POINT('Ctrl Pts',(68.0507200070471,111.468395786327,-4.99999999999999));
#3405=CARTESIAN_POINT('Ctrl Pts',(66.6014398726355,111.686791560434,-10.));
#3406=CARTESIAN_POINT('Ctrl Pts',(65.1521598796825,111.905187346761,-15.));
#3407=CARTESIAN_POINT('Ctrl Pts',(69.,111.25,0.));
#3408=CARTESIAN_POINT('Ctrl Pts',(67.7071321585369,111.583317919115,-5.));
#3409=CARTESIAN_POINT('Ctrl Pts',(66.4142641756864,111.916635825212,-10.));
#3410=CARTESIAN_POINT('Ctrl Pts',(65.1213963342233,112.249953744328,-15.));
#3411=CARTESIAN_POINT('Ctrl Pts',(68.5,111.25,0.));
#3412=CARTESIAN_POINT('Ctrl Pts',(67.3614907977153,111.698019705096,-5.));
#3413=CARTESIAN_POINT('Ctrl Pts',(66.2229815954307,112.146039410192,-10.));
#3414=CARTESIAN_POINT('Ctrl Pts',(65.084472393146,112.594059115288,-15.));
#3415=CARTESIAN_POINT('',(70.,111.25,0.));
#3416=CARTESIAN_POINT('',(68.5,111.25,0.));
#3417=CARTESIAN_POINT('Ctrl Pts',(68.5,111.25,0.));
#3418=CARTESIAN_POINT('Ctrl Pts',(67.3614907977153,111.698019705096,-5.));
#3419=CARTESIAN_POINT('Ctrl Pts',(66.2229815954307,112.146039410192,-10.));
#3420=CARTESIAN_POINT('Ctrl Pts',(65.084472393146,112.594059115288,-15.));
#3421=CARTESIAN_POINT('Ctrl Pts',(68.5,114.616666666667,0.));
#3422=CARTESIAN_POINT('Ctrl Pts',(67.278426303742,114.714528451976,-5.00000000000001));
#3423=CARTESIAN_POINT('Ctrl Pts',(66.0574248861501,114.813173494446,-9.99999999999999));
#3424=CARTESIAN_POINT('Ctrl Pts',(64.8358511898921,114.911035279756,-15.));
#3425=CARTESIAN_POINT('Ctrl Pts',(68.4986017148804,123.031998311759,0.));
#3426=CARTESIAN_POINT('Ctrl Pts',(66.8368658585102,122.230846805709,-4.99999999999999));
#3427=CARTESIAN_POINT('Ctrl Pts',(65.1754602661139,121.429938286244,-10.));
#3428=CARTESIAN_POINT('Ctrl Pts',(63.5137244097438,120.628786780194,-15.));
#3429=CARTESIAN_POINT('Ctrl Pts',(68.5027999024092,131.452650171932,0.));
#3430=CARTESIAN_POINT('Ctrl Pts',(65.8457691054665,129.54979478939,-5.));
#3431=CARTESIAN_POINT('Ctrl Pts',(63.186297668272,127.645170138907,-10.));
#3432=CARTESIAN_POINT('Ctrl Pts',(60.5292668713293,125.742314756365,-15.));
#3433=CARTESIAN_POINT('Ctrl Pts',(68.4972835947966,136.916270718128,0.));
#3434=CARTESIAN_POINT('Ctrl Pts',(65.0185505079446,134.148320691409,-5.));
#3435=CARTESIAN_POINT('Ctrl Pts',(61.5411234992044,131.381579868913,-10.0000000000001));
#3436=CARTESIAN_POINT('Ctrl Pts',(58.0623904123524,128.613629842195,-15.0000000000001));
#3437=CARTESIAN_POINT('Ctrl Pts',(68.2474174279022,138.606184230744,0.));
#3438=CARTESIAN_POINT('Ctrl Pts',(64.5958011965584,135.564598023836,-5.));
#3439=CARTESIAN_POINT('Ctrl Pts',(60.9452840170257,132.523732847045,-10.0000000000001));
#3440=CARTESIAN_POINT('Ctrl Pts',(57.2936677856819,129.482146640137,-15.0000000000001));
#3441=CARTESIAN_POINT('Ctrl Pts',(66.6061855889772,140.247420034021,0.));
#3442=CARTESIAN_POINT('Ctrl Pts',(63.1600069223129,137.000945559849,-5.));
#3443=CARTESIAN_POINT('Ctrl Pts',(59.7146146347898,133.755612046514,-10.0000000000001));
#3444=CARTESIAN_POINT('Ctrl Pts',(56.2684359681255,130.509137572342,-15.0000000000001));
#3445=CARTESIAN_POINT('Ctrl Pts',(64.9162716966053,140.497285787916,0.));
#3446=CARTESIAN_POINT('Ctrl Pts',(61.744205311826,137.424233681562,-5.));
#3447=CARTESIAN_POINT('Ctrl Pts',(58.5733177184594,134.352415887403,-10.0000000000001));
#3448=CARTESIAN_POINT('Ctrl Pts',(55.40125133368,131.279363781048,-15.0000000000001));
#3449=CARTESIAN_POINT('Ctrl Pts',(59.8023583237562,140.502494322517,0.));
#3450=CARTESIAN_POINT('Ctrl Pts',(57.4411788135228,138.199855283459,-5.00000000000001));
#3451=CARTESIAN_POINT('Ctrl Pts',(55.0787602938874,135.895475100762,-10.));
#3452=CARTESIAN_POINT('Ctrl Pts',(52.717580783654,133.592836061704,-15.));
#3453=CARTESIAN_POINT('Ctrl Pts',(51.9653992540147,140.498673294135,0.));
#3454=CARTESIAN_POINT('Ctrl Pts',(50.6465072558442,139.143148164831,-4.99999999999998));
#3455=CARTESIAN_POINT('Ctrl Pts',(49.327744384324,137.787798982735,-10.));
#3456=CARTESIAN_POINT('Ctrl Pts',(48.0088523861534,136.432273853431,-15.));
#3457=CARTESIAN_POINT('Ctrl Pts',(44.1333333333333,140.5,0.));
#3458=CARTESIAN_POINT('Ctrl Pts',(43.6683647495098,139.615718520341,-5.00000000000001));
#3459=CARTESIAN_POINT('Ctrl Pts',(43.2041231350104,138.732022979918,-9.99999999999999));
#3460=CARTESIAN_POINT('Ctrl Pts',(42.7391545511869,137.847741500259,-15.));
#3461=CARTESIAN_POINT('Ctrl Pts',(41.,140.5,0.));
#3462=CARTESIAN_POINT('Ctrl Pts',(40.864953699009,139.724224362877,-5.));
#3463=CARTESIAN_POINT('Ctrl Pts',(40.7299073980179,138.948448725754,-10.));
#3464=CARTESIAN_POINT('Ctrl Pts',(40.5948610970269,138.172673088632,-15.));
#3465=CARTESIAN_POINT('',(68.5,140.5,0.));
#3466=CARTESIAN_POINT('Origin',(64.5,136.5,0.));
#3467=CARTESIAN_POINT('',(3.49999999999999,140.5,0.));
#3468=CARTESIAN_POINT('Origin',(36.,110.,0.));
#3469=CARTESIAN_POINT('',(70.,138.,0.));
#3470=CARTESIAN_POINT('',(70.,142.,0.));
#3471=CARTESIAN_POINT('',(66.,142.,0.));
#3472=CARTESIAN_POINT('Origin',(66.,138.,0.));
#3473=CARTESIAN_POINT('',(41.,142.,0.));
#3474=CARTESIAN_POINT('',(1.99999999999999,142.,0.));
#3475=CARTESIAN_POINT('',(41.,140.5,0.));
#3476=CARTESIAN_POINT('Origin',(72.,76.,0.));
#3477=CARTESIAN_POINT('Origin',(66.,138.,0.));
#3478=CARTESIAN_POINT('',(70.,138.,0.));
#3479=CARTESIAN_POINT('',(66.,142.,0.));
#3480=CARTESIAN_POINT('Origin',(70.,142.,0.));
#3481=CARTESIAN_POINT('',(70.,111.25,0.));
#3482=CARTESIAN_POINT('Origin',(5.99999999999999,138.,0.));
#3483=CARTESIAN_POINT('',(5.99999999999999,142.,0.));
#3484=CARTESIAN_POINT('',(1.99999999999999,138.,0.));
#3485=CARTESIAN_POINT('Origin',(1.99999999999999,142.,0.));
#3486=CARTESIAN_POINT('',(31.,142.,0.));
#3487=CARTESIAN_POINT('Origin',(64.5,136.5,0.));
#3488=CARTESIAN_POINT('',(68.5,136.5,0.));
#3489=CARTESIAN_POINT('',(64.5,140.5,0.));
#3490=CARTESIAN_POINT('Origin',(68.5,140.5,0.));
#3491=CARTESIAN_POINT('',(41.,140.5,0.));
#3492=CARTESIAN_POINT('Origin',(7.49999999999999,136.5,0.));
#3493=CARTESIAN_POINT('',(7.49999999999999,140.5,0.));
#3494=CARTESIAN_POINT('',(3.49999999999999,136.5,0.));
#3495=CARTESIAN_POINT('Origin',(31.,140.5,0.));
#3496=CARTESIAN_POINT('',(31.,140.5,0.));
#3497=CARTESIAN_POINT('Origin',(18.,-0.75,0.75));
#3498=CARTESIAN_POINT('',(72.,0.,1.5));
#3499=CARTESIAN_POINT('',(72.,-0.750000000000001,0.749999999999999));
#3500=CARTESIAN_POINT('',(18.,0.,1.5));
#3501=CARTESIAN_POINT('Origin',(0.,0.,0.));
#3502=CARTESIAN_POINT('',(72.,2.1570415377137E-31,0.));
#3503=CARTESIAN_POINT('Origin',(70.,111.25,0.));
#3504=CARTESIAN_POINT('',(68.5,111.25,0.));
#3505=CARTESIAN_POINT('Origin',(41.,142.,0.));
#3506=CARTESIAN_POINT('',(41.,142.,0.));
#3507=CARTESIAN_POINT('Origin',(41.,140.5,0.));
#3508=CARTESIAN_POINT('Origin',(68.5,111.25,0.));
#3509=CARTESIAN_POINT('Origin',(70.,106.25,0.));
#3510=CARTESIAN_POINT('',(70.,77.,0.));
#3511=CARTESIAN_POINT('',(70.,106.25,0.));
#3512=CARTESIAN_POINT('Origin',(68.5,106.25,0.));
#3513=CARTESIAN_POINT('',(68.5,106.25,0.));
#3514=CARTESIAN_POINT('Origin',(68.5,77.,0.));
#3515=CARTESIAN_POINT('',(68.5,77.,0.));
#3516=CARTESIAN_POINT('Origin',(70.,77.,0.));
#3517=CARTESIAN_POINT('Origin',(1.99999999999999,106.25,0.));
#3518=CARTESIAN_POINT('',(3.49999999999999,106.25,0.));
#3519=CARTESIAN_POINT('',(1.99999999999999,106.25,0.));
#3520=CARTESIAN_POINT('Origin',(1.99999999999999,77.,0.));
#3521=CARTESIAN_POINT('',(1.99999999999999,77.,0.));
#3522=CARTESIAN_POINT('Origin',(3.49999999999999,77.,0.));
#3523=CARTESIAN_POINT('',(3.49999999999999,77.,0.));
#3524=CARTESIAN_POINT('Origin',(3.49999999999999,106.25,0.));
#3525=CARTESIAN_POINT('Origin',(3.49999999999999,140.5,0.));
#3526=CARTESIAN_POINT('',(3.49999999999999,111.25,0.));
#3527=CARTESIAN_POINT('Origin',(31.,142.,0.));
#3528=CARTESIAN_POINT('Origin',(1.99999999999999,111.25,0.));
#3529=CARTESIAN_POINT('',(1.99999999999999,111.25,0.));
#3530=CARTESIAN_POINT('Origin',(3.49999999999999,111.25,0.));
#3531=CARTESIAN_POINT('Origin',(72.,144.,0.));
#3532=CARTESIAN_POINT('',(72.,144.,0.));
#3533=CARTESIAN_POINT('Origin',(72.,2.1570415377137E-31,0.));
#3534=CARTESIAN_POINT('',(-34.75,-72.,197.5));
#3535=CARTESIAN_POINT('Origin',(0.,0.,0.));
#3536=UNCERTAINTY_MEASURE_WITH_UNIT(LENGTH_MEASURE(0.01),#3542,
'DISTANCE_ACCURACY_VALUE',
'Maximum model space distance between geometric entities at asserted c
onnectivities');
#3537=UNCERTAINTY_MEASURE_WITH_UNIT(LENGTH_MEASURE(0.01),#3542,
'DISTANCE_ACCURACY_VALUE',
'Maximum model space distance between geometric entities at asserted c
onnectivities');
#3538=UNCERTAINTY_MEASURE_WITH_UNIT(LENGTH_MEASURE(0.01),#3542,
'DISTANCE_ACCURACY_VALUE',
'Maximum model space distance between geometric entities at asserted c
onnectivities');
#3539=(
GEOMETRIC_REPRESENTATION_CONTEXT(3)
GLOBAL_UNCERTAINTY_ASSIGNED_CONTEXT((#3536))
GLOBAL_UNIT_ASSIGNED_CONTEXT((#3542,#3544,#3545))
REPRESENTATION_CONTEXT('','3D')
);
#3540=(
GEOMETRIC_REPRESENTATION_CONTEXT(3)
GLOBAL_UNCERTAINTY_ASSIGNED_CONTEXT((#3537))
GLOBAL_UNIT_ASSIGNED_CONTEXT((#3542,#3544,#3545))
REPRESENTATION_CONTEXT('','3D')
);
#3541=(
GEOMETRIC_REPRESENTATION_CONTEXT(3)
GLOBAL_UNCERTAINTY_ASSIGNED_CONTEXT((#3538))
GLOBAL_UNIT_ASSIGNED_CONTEXT((#3542,#3544,#3545))
REPRESENTATION_CONTEXT('','3D')
);
#3542=(
LENGTH_UNIT()
NAMED_UNIT(*)
SI_UNIT(.MILLI.,.METRE.)
);
#3543=(
LENGTH_UNIT()
NAMED_UNIT(*)
SI_UNIT($,.METRE.)
);
#3544=(
NAMED_UNIT(*)
PLANE_ANGLE_UNIT()
SI_UNIT($,.RADIAN.)
);
#3545=(
NAMED_UNIT(*)
SI_UNIT($,.STERADIAN.)
SOLID_ANGLE_UNIT()
);
#3546=SHAPE_DEFINITION_REPRESENTATION(#3548,#3551);
#3547=SHAPE_DEFINITION_REPRESENTATION(#3549,#3552);
#3548=PRODUCT_DEFINITION_SHAPE('',$,#3554);
#3549=PRODUCT_DEFINITION_SHAPE('',$,#3555);
#3550=PRODUCT_DEFINITION_SHAPE($,$,#17);
#3551=SHAPE_REPRESENTATION('',(#1763,#1921),#3539);
#3552=SHAPE_REPRESENTATION('',(#1764),#3540);
#3553=PRODUCT_DEFINITION_CONTEXT('part definition',#3561,'design');
#3554=PRODUCT_DEFINITION('Home assistant box','Home assistant box v41',
#3556,#3553);
#3555=PRODUCT_DEFINITION('Top','Top',#3557,#3553);
#3556=PRODUCT_DEFINITION_FORMATION('',$,#3563);
#3557=PRODUCT_DEFINITION_FORMATION('',$,#3564);
#3558=PRODUCT_RELATED_PRODUCT_CATEGORY('Home assistant box v41',
'Home assistant box v41',(#3563));
#3559=PRODUCT_RELATED_PRODUCT_CATEGORY('Top','Top',(#3564));
#3560=APPLICATION_PROTOCOL_DEFINITION('international standard',
'automotive_design',2009,#3561);
#3561=APPLICATION_CONTEXT(
'Core Data for Automotive Mechanical Design Process');
#3562=PRODUCT_CONTEXT('part definition',#3561,'mechanical');
#3563=PRODUCT('Home assistant box','Home assistant box v41',$,(#3562));
#3564=PRODUCT('Top','Top',$,(#3562));
#3565=PRESENTATION_STYLE_ASSIGNMENT((#3573));
#3566=PRESENTATION_STYLE_ASSIGNMENT((#3574));
#3567=PRESENTATION_STYLE_ASSIGNMENT((#3575));
#3568=PRESENTATION_STYLE_ASSIGNMENT((#3576));
#3569=PRESENTATION_STYLE_ASSIGNMENT((#3577));
#3570=PRESENTATION_STYLE_ASSIGNMENT((#3578));
#3571=PRESENTATION_STYLE_ASSIGNMENT((#3579));
#3572=PRESENTATION_STYLE_ASSIGNMENT((NULL_STYLE(.NULL.)));
#3573=SURFACE_STYLE_USAGE(.BOTH.,#3580);
#3574=SURFACE_STYLE_USAGE(.BOTH.,#3581);
#3575=SURFACE_STYLE_USAGE(.BOTH.,#3582);
#3576=SURFACE_STYLE_USAGE(.BOTH.,#3583);
#3577=SURFACE_STYLE_USAGE(.BOTH.,#3584);
#3578=SURFACE_STYLE_USAGE(.BOTH.,#3585);
#3579=SURFACE_STYLE_USAGE(.BOTH.,#3586);
#3580=SURFACE_SIDE_STYLE('',(#3587));
#3581=SURFACE_SIDE_STYLE('',(#3588));
#3582=SURFACE_SIDE_STYLE('',(#3589));
#3583=SURFACE_SIDE_STYLE('',(#3590));
#3584=SURFACE_SIDE_STYLE('',(#3591));
#3585=SURFACE_SIDE_STYLE('',(#3592));
#3586=SURFACE_SIDE_STYLE('',(#3593));
#3587=SURFACE_STYLE_FILL_AREA(#3594);
#3588=SURFACE_STYLE_FILL_AREA(#3595);
#3589=SURFACE_STYLE_FILL_AREA(#3596);
#3590=SURFACE_STYLE_FILL_AREA(#3597);
#3591=SURFACE_STYLE_FILL_AREA(#3598);
#3592=SURFACE_STYLE_FILL_AREA(#3599);
#3593=SURFACE_STYLE_FILL_AREA(#3600);
#3594=FILL_AREA_STYLE('Oak',(#3601));
#3595=FILL_AREA_STYLE('Plastic - Translucent Matte (White)',(#3602));
#3596=FILL_AREA_STYLE('Steel - Satin',(#3603));
#3597=FILL_AREA_STYLE('Paint - Metallic (Black)',(#3604));
#3598=FILL_AREA_STYLE('Paint - Metal Flake (Silver)',(#3605));
#3599=FILL_AREA_STYLE('Walnut',(#3606));
#3600=FILL_AREA_STYLE('Glass - Frosted',(#3607));
#3601=FILL_AREA_STYLE_COLOUR('Oak',#3608);
#3602=FILL_AREA_STYLE_COLOUR('Plastic - Translucent Matte (White)',#3609);
#3603=FILL_AREA_STYLE_COLOUR('Steel - Satin',#3610);
#3604=FILL_AREA_STYLE_COLOUR('Paint - Metallic (Black)',#3611);
#3605=FILL_AREA_STYLE_COLOUR('Paint - Metal Flake (Silver)',#3612);
#3606=FILL_AREA_STYLE_COLOUR('Walnut',#3613);
#3607=FILL_AREA_STYLE_COLOUR('Glass - Frosted',#3614);
#3608=COLOUR_RGB('Oak',0.,0.,0.);
#3609=COLOUR_RGB('Plastic - Translucent Matte (White)',0.964705882352941,
0.964705882352941,0.952941176470588);
#3610=COLOUR_RGB('Steel - Satin',0.627450980392157,0.627450980392157,0.627450980392157);
#3611=COLOUR_RGB('Paint - Metallic (Black)',0.0980392156862745,0.0980392156862745,
0.0980392156862745);
#3612=COLOUR_RGB('Paint - Metal Flake (Silver)',1.,1.,1.);
#3613=COLOUR_RGB('Walnut',0.,0.,0.);
#3614=COLOUR_RGB('Glass - Frosted',0.964705882352941,0.964705882352941,
0.952941176470588);
ENDSEC;
END-ISO-10303-21;
